Fitter report for hvps_controller
Sat Feb 14 13:45:30 2026
Quartus Prime Version 25.1std.0 Build 1129 10/21/2025 SC Lite Edition


---------------------
; Table of Contents ;
---------------------
  1. Legal Notice
  2. Fitter Summary
  3. Fitter Settings
  4. Parallel Compilation
  5. Fitter Netlist Optimizations
  6. Ignored Assignments
  7. Incremental Compilation Preservation Summary
  8. Incremental Compilation Partition Settings
  9. Incremental Compilation Placement Preservation
 10. Fitter Resource Usage Summary
 11. Input Pins
 12. Output Pins
 13. Dual Purpose and Dedicated Pins
 14. I/O Bank Usage
 15. All Package Pins
 16. I/O Assignment Warnings
 17. Fitter Resource Utilization by Entity
 18. Delay Chain Summary
 19. Pad To Core Delay Chain Fanout
 20. Control Signals
 21. Global & Other Fast Signals
 22. I/O Rules Summary
 23. I/O Rules Details
 24. I/O Rules Matrix
 25. Fitter Device Options
 26. Operating Settings and Conditions
 27. Fitter Messages
 28. Fitter Suppressed Messages



----------------
; Legal Notice ;
----------------
Copyright (C) 2025  Altera Corporation. All rights reserved.
Your use of Altera Corporation's design tools, logic functions 
and other software and tools, and any partner logic 
functions, and any output files from any of the foregoing 
(including device programming or simulation files), and any 
associated documentation or information are expressly subject 
to the terms and conditions of the Altera Program License 
Subscription Agreement, the Altera Quartus Prime License Agreement,
the Altera IP License Agreement, or other applicable license
agreement, including, without limitation, that your use is for
the sole purpose of programming logic devices manufactured by
Altera and sold by Altera or its authorized distributors.  Please
refer to the Altera Software License Subscription Agreements 
on the Quartus Prime software download page.



+--------------------------------------------------------------------------------------+
; Fitter Summary                                                                       ;
+------------------------------------+-------------------------------------------------+
; Fitter Status                      ; Failed - Sat Feb 14 13:45:30 2026               ;
; Quartus Prime Version              ; 25.1std.0 Build 1129 10/21/2025 SC Lite Edition ;
; Revision Name                      ; hvps_controller                                 ;
; Top-level Entity Name              ; hvps_controller                                 ;
; Family                             ; Cyclone IV E                                    ;
; Device                             ; EP4CE10E22C8                                    ;
; Timing Models                      ; Final                                           ;
; Total logic elements               ; 2,163 / 10,320 ( 21 % )                         ;
;     Total combinational functions  ; 2,163 / 10,320 ( 21 % )                         ;
;     Dedicated logic registers      ; 1,617 / 10,320 ( 16 % )                         ;
; Total registers                    ; 1666                                            ;
; Total pins                         ; 50 / 92 ( 54 % )                                ;
; Total virtual pins                 ; 0                                               ;
; Total memory bits                  ; 0 / 423,936 ( 0 % )                             ;
; Embedded Multiplier 9-bit elements ; 0 / 46 ( 0 % )                                  ;
; Total PLLs                         ; 0 / 2 ( 0 % )                                   ;
+------------------------------------+-------------------------------------------------+


+----------------------------------------------------------------------------------------------------------------------------------------------------+
; Fitter Settings                                                                                                                                    ;
+--------------------------------------------------------------------+---------------------------------------+---------------------------------------+
; Option                                                             ; Setting                               ; Default Value                         ;
+--------------------------------------------------------------------+---------------------------------------+---------------------------------------+
; Device                                                             ; EP4CE10E22C8                          ;                                       ;
; Nominal Core Supply Voltage                                        ; 1.2V                                  ;                                       ;
; Minimum Core Junction Temperature                                  ; 0                                     ;                                       ;
; Maximum Core Junction Temperature                                  ; 85                                    ;                                       ;
; Fit Attempts to Skip                                               ; 0                                     ; 0.0                                   ;
; Use smart compilation                                              ; Off                                   ; Off                                   ;
; Enable parallel Assembler and Timing Analyzer during compilation   ; On                                    ; On                                    ;
; Enable compact report table                                        ; Off                                   ; Off                                   ;
; Auto Merge PLLs                                                    ; On                                    ; On                                    ;
; Router Timing Optimization Level                                   ; Normal                                ; Normal                                ;
; Perform Clocking Topology Analysis During Routing                  ; Off                                   ; Off                                   ;
; Placement Effort Multiplier                                        ; 1.0                                   ; 1.0                                   ;
; Router Effort Multiplier                                           ; 1.0                                   ; 1.0                                   ;
; Optimize Hold Timing                                               ; All Paths                             ; All Paths                             ;
; Optimize Multi-Corner Timing                                       ; On                                    ; On                                    ;
; Power Optimization During Fitting                                  ; Normal compilation                    ; Normal compilation                    ;
; SSN Optimization                                                   ; Off                                   ; Off                                   ;
; Optimize Timing                                                    ; Normal compilation                    ; Normal compilation                    ;
; Optimize Timing for ECOs                                           ; Off                                   ; Off                                   ;
; Regenerate Full Fit Report During ECO Compiles                     ; Off                                   ; Off                                   ;
; Optimize IOC Register Placement for Timing                         ; Normal                                ; Normal                                ;
; Limit to One Fitting Attempt                                       ; Off                                   ; Off                                   ;
; Final Placement Optimizations                                      ; Automatically                         ; Automatically                         ;
; Fitter Aggressive Routability Optimizations                        ; Automatically                         ; Automatically                         ;
; Fitter Initial Placement Seed                                      ; 1                                     ; 1                                     ;
; Periphery to Core Placement and Routing Optimization               ; Off                                   ; Off                                   ;
; PCI I/O                                                            ; Off                                   ; Off                                   ;
; Weak Pull-Up Resistor                                              ; Off                                   ; Off                                   ;
; Enable Bus-Hold Circuitry                                          ; Off                                   ; Off                                   ;
; Auto Packed Registers                                              ; Auto                                  ; Auto                                  ;
; Auto Delay Chains                                                  ; On                                    ; On                                    ;
; Auto Delay Chains for High Fanout Input Pins                       ; Off                                   ; Off                                   ;
; Allow Single-ended Buffer for Differential-XSTL Input              ; Off                                   ; Off                                   ;
; Treat Bidirectional Pin as Output Pin                              ; Off                                   ; Off                                   ;
; Perform Physical Synthesis for Combinational Logic for Fitting     ; Off                                   ; Off                                   ;
; Perform Physical Synthesis for Combinational Logic for Performance ; Off                                   ; Off                                   ;
; Perform Register Duplication for Performance                       ; Off                                   ; Off                                   ;
; Perform Logic to Memory Mapping for Fitting                        ; Off                                   ; Off                                   ;
; Perform Register Retiming for Performance                          ; Off                                   ; Off                                   ;
; Perform Asynchronous Signal Pipelining                             ; Off                                   ; Off                                   ;
; Fitter Effort                                                      ; Auto Fit                              ; Auto Fit                              ;
; Physical Synthesis Effort Level                                    ; Normal                                ; Normal                                ;
; Logic Cell Insertion - Logic Duplication                           ; Auto                                  ; Auto                                  ;
; Auto Register Duplication                                          ; Auto                                  ; Auto                                  ;
; Auto Global Clock                                                  ; On                                    ; On                                    ;
; Auto Global Register Control Signals                               ; On                                    ; On                                    ;
; Reserve all unused pins                                            ; As input tri-stated with weak pull-up ; As input tri-stated with weak pull-up ;
; Synchronizer Identification                                        ; Auto                                  ; Auto                                  ;
; Enable Beneficial Skew Optimization                                ; On                                    ; On                                    ;
; Optimize Design for Metastability                                  ; On                                    ; On                                    ;
; Force Fitter to Avoid Periphery Placement Warnings                 ; Off                                   ; Off                                   ;
; Enable input tri-state on active configuration pins in user mode   ; Off                                   ; Off                                   ;
+--------------------------------------------------------------------+---------------------------------------+---------------------------------------+


+------------------------------------------+
; Parallel Compilation                     ;
+----------------------------+-------------+
; Processors                 ; Number      ;
+----------------------------+-------------+
; Number detected on machine ; 16          ;
; Maximum allowed            ; 8           ;
;                            ;             ;
; Average used               ; 1.01        ;
; Maximum used               ; 8           ;
;                            ;             ;
; Usage by Processor         ; % Time Used ;
;     Processor 1            ; 100.0%      ;
;     Processor 2            ;   0.2%      ;
;     Processor 3            ;   0.1%      ;
;     Processor 4            ;   0.1%      ;
;     Processor 5            ;   0.1%      ;
;     Processor 6            ;   0.1%      ;
;     Processor 7            ;   0.1%      ;
;     Processor 8            ;   0.1%      ;
+----------------------------+-------------+


+--------------------------------------------------------------------------------------------------------------------------------------------------------------------------------+
; Fitter Netlist Optimizations                                                                                                                                                   ;
+-------------+-----------------+------------------+---------------------+-----------+----------------+-------------------------------+------------------+-----------------------+
; Node        ; Action          ; Operation        ; Reason              ; Node Port ; Node Port Name ; Destination Node              ; Destination Port ; Destination Port Name ;
+-------------+-----------------+------------------+---------------------+-----------+----------------+-------------------------------+------------------+-----------------------+
; outputs[0]  ; Duplicated      ; Register Packing ; Timing optimization ; Q         ;                ; outputs[0]~_Duplicate_1       ; Q                ;                       ;
; outputs[0]  ; Packed Register ; Register Packing ; Timing optimization ; Q         ;                ; INV_PD~output                 ; I                ;                       ;
; outputs[1]  ; Duplicated      ; Register Packing ; Timing optimization ; Q         ;                ; outputs[1]~_Duplicate_1       ; Q                ;                       ;
; outputs[1]  ; Packed Register ; Register Packing ; Timing optimization ; Q         ;                ; U20_INV_EOC~output            ; I                ;                       ;
; outputs[2]  ; Duplicated      ; Register Packing ; Timing optimization ; Q         ;                ; outputs[2]~_Duplicate_1       ; Q                ;                       ;
; outputs[2]  ; Packed Register ; Register Packing ; Timing optimization ; Q         ;                ; U20_INV_RD~output             ; I                ;                       ;
; outputs[3]  ; Duplicated      ; Register Packing ; Timing optimization ; Q         ;                ; outputs[3]~_Duplicate_1       ; Q                ;                       ;
; outputs[3]  ; Packed Register ; Register Packing ; Timing optimization ; Q         ;                ; U20_INV_CS~output             ; I                ;                       ;
; outputs[4]  ; Duplicated      ; Register Packing ; Timing optimization ; Q         ;                ; outputs[4]~_Duplicate_1       ; Q                ;                       ;
; outputs[4]  ; Packed Register ; Register Packing ; Timing optimization ; Q         ;                ; U20_INV_CONVST~output         ; I                ;                       ;
; outputs[5]  ; Duplicated      ; Register Packing ; Timing optimization ; Q         ;                ; outputs[5]~_Duplicate_1       ; Q                ;                       ;
; outputs[5]  ; Packed Register ; Register Packing ; Timing optimization ; Q         ;                ; U20_DB0~output                ; I                ;                       ;
; outputs[6]  ; Duplicated      ; Register Packing ; Timing optimization ; Q         ;                ; outputs[6]~_Duplicate_1       ; Q                ;                       ;
; outputs[6]  ; Packed Register ; Register Packing ; Timing optimization ; Q         ;                ; U20_DB1~output                ; I                ;                       ;
; outputs[7]  ; Duplicated      ; Register Packing ; Timing optimization ; Q         ;                ; outputs[7]~_Duplicate_1       ; Q                ;                       ;
; outputs[7]  ; Packed Register ; Register Packing ; Timing optimization ; Q         ;                ; U20_DB2~output                ; I                ;                       ;
; outputs[8]  ; Duplicated      ; Register Packing ; Timing optimization ; Q         ;                ; outputs[8]~_Duplicate_1       ; Q                ;                       ;
; outputs[8]  ; Packed Register ; Register Packing ; Timing optimization ; Q         ;                ; U20_DB3~output                ; I                ;                       ;
; outputs[9]  ; Duplicated      ; Register Packing ; Timing optimization ; Q         ;                ; outputs[9]~_Duplicate_1       ; Q                ;                       ;
; outputs[9]  ; Packed Register ; Register Packing ; Timing optimization ; Q         ;                ; U20_DB4~output                ; I                ;                       ;
; outputs[10] ; Duplicated      ; Register Packing ; Timing optimization ; Q         ;                ; outputs[10]~_Duplicate_1      ; Q                ;                       ;
; outputs[10] ; Packed Register ; Register Packing ; Timing optimization ; Q         ;                ; U20_DB5~output                ; I                ;                       ;
; outputs[11] ; Duplicated      ; Register Packing ; Timing optimization ; Q         ;                ; outputs[11]~_Duplicate_1      ; Q                ;                       ;
; outputs[11] ; Packed Register ; Register Packing ; Timing optimization ; Q         ;                ; U20_DB6~output                ; I                ;                       ;
; outputs[12] ; Duplicated      ; Register Packing ; Timing optimization ; Q         ;                ; outputs[12]~_Duplicate_1      ; Q                ;                       ;
; outputs[12] ; Packed Register ; Register Packing ; Timing optimization ; Q         ;                ; U20_DB7~output                ; I                ;                       ;
; outputs[13] ; Duplicated      ; Register Packing ; Timing optimization ; Q         ;                ; outputs[13]~_Duplicate_1      ; Q                ;                       ;
; outputs[13] ; Packed Register ; Register Packing ; Timing optimization ; Q         ;                ; U12_INV_EOC~output            ; I                ;                       ;
; outputs[14] ; Duplicated      ; Register Packing ; Timing optimization ; Q         ;                ; outputs[14]~_Duplicate_1      ; Q                ;                       ;
; outputs[14] ; Packed Register ; Register Packing ; Timing optimization ; Q         ;                ; U12_INV_RD~output             ; I                ;                       ;
; outputs[15] ; Duplicated      ; Register Packing ; Timing optimization ; Q         ;                ; outputs[15]~_Duplicate_1      ; Q                ;                       ;
; outputs[15] ; Packed Register ; Register Packing ; Timing optimization ; Q         ;                ; U12_INV_CS~output             ; I                ;                       ;
; outputs[16] ; Duplicated      ; Register Packing ; Timing optimization ; Q         ;                ; outputs[16]~_Duplicate_1      ; Q                ;                       ;
; outputs[16] ; Packed Register ; Register Packing ; Timing optimization ; Q         ;                ; U12_INV_CONVST~output         ; I                ;                       ;
; outputs[17] ; Duplicated      ; Register Packing ; Timing optimization ; Q         ;                ; outputs[17]~_Duplicate_1      ; Q                ;                       ;
; outputs[17] ; Packed Register ; Register Packing ; Timing optimization ; Q         ;                ; U12_DB0~output                ; I                ;                       ;
; outputs[18] ; Duplicated      ; Register Packing ; Timing optimization ; Q         ;                ; outputs[18]~_Duplicate_1      ; Q                ;                       ;
; outputs[18] ; Packed Register ; Register Packing ; Timing optimization ; Q         ;                ; U12_DB1~output                ; I                ;                       ;
; outputs[19] ; Duplicated      ; Register Packing ; Timing optimization ; Q         ;                ; outputs[19]~_Duplicate_1      ; Q                ;                       ;
; outputs[19] ; Packed Register ; Register Packing ; Timing optimization ; Q         ;                ; U12_DB2~output                ; I                ;                       ;
; outputs[20] ; Duplicated      ; Register Packing ; Timing optimization ; Q         ;                ; outputs[20]~_Duplicate_1      ; Q                ;                       ;
; outputs[20] ; Packed Register ; Register Packing ; Timing optimization ; Q         ;                ; U12_DB3~output                ; I                ;                       ;
; outputs[21] ; Duplicated      ; Register Packing ; Timing optimization ; Q         ;                ; outputs[21]~_Duplicate_1      ; Q                ;                       ;
; outputs[21] ; Packed Register ; Register Packing ; Timing optimization ; Q         ;                ; U12_DB4~output                ; I                ;                       ;
; outputs[22] ; Duplicated      ; Register Packing ; Timing optimization ; Q         ;                ; outputs[22]~_Duplicate_1      ; Q                ;                       ;
; outputs[22] ; Packed Register ; Register Packing ; Timing optimization ; Q         ;                ; U12_DB5~output                ; I                ;                       ;
; outputs[23] ; Duplicated      ; Register Packing ; Timing optimization ; Q         ;                ; outputs[23]~_Duplicate_1      ; Q                ;                       ;
; outputs[23] ; Packed Register ; Register Packing ; Timing optimization ; Q         ;                ; U12_DB6~output                ; I                ;                       ;
; outputs[24] ; Duplicated      ; Register Packing ; Timing optimization ; Q         ;                ; outputs[24]~_Duplicate_1      ; Q                ;                       ;
; outputs[24] ; Packed Register ; Register Packing ; Timing optimization ; Q         ;                ; U12_DB7~output                ; I                ;                       ;
; outputs[25] ; Duplicated      ; Register Packing ; Timing optimization ; Q         ;                ; outputs[25]~_Duplicate_1      ; Q                ;                       ;
; outputs[25] ; Packed Register ; Register Packing ; Timing optimization ; Q         ;                ; U5_INV_EOC~output             ; I                ;                       ;
; outputs[26] ; Duplicated      ; Register Packing ; Timing optimization ; Q         ;                ; outputs[26]~_Duplicate_1      ; Q                ;                       ;
; outputs[26] ; Packed Register ; Register Packing ; Timing optimization ; Q         ;                ; U5_INV_RD~output              ; I                ;                       ;
; outputs[27] ; Duplicated      ; Register Packing ; Timing optimization ; Q         ;                ; outputs[27]~_Duplicate_1      ; Q                ;                       ;
; outputs[27] ; Packed Register ; Register Packing ; Timing optimization ; Q         ;                ; U5_INV_CS~output              ; I                ;                       ;
; outputs[28] ; Duplicated      ; Register Packing ; Timing optimization ; Q         ;                ; outputs[28]~_Duplicate_1      ; Q                ;                       ;
; outputs[28] ; Packed Register ; Register Packing ; Timing optimization ; Q         ;                ; U5_INV_CONVST~output          ; I                ;                       ;
; outputs[29] ; Duplicated      ; Register Packing ; Timing optimization ; Q         ;                ; outputs[29]~_Duplicate_1      ; Q                ;                       ;
; outputs[29] ; Packed Register ; Register Packing ; Timing optimization ; Q         ;                ; U5_DB0~output                 ; I                ;                       ;
; outputs[30] ; Duplicated      ; Register Packing ; Timing optimization ; Q         ;                ; outputs[30]~_Duplicate_1      ; Q                ;                       ;
; outputs[30] ; Packed Register ; Register Packing ; Timing optimization ; Q         ;                ; U5_DB1~output                 ; I                ;                       ;
; outputs[31] ; Duplicated      ; Register Packing ; Timing optimization ; Q         ;                ; outputs[31]~_Duplicate_1      ; Q                ;                       ;
; outputs[31] ; Packed Register ; Register Packing ; Timing optimization ; Q         ;                ; U5_DB2~output                 ; I                ;                       ;
; outputs[32] ; Duplicated      ; Register Packing ; Timing optimization ; Q         ;                ; outputs[32]~_Duplicate_1      ; Q                ;                       ;
; outputs[32] ; Packed Register ; Register Packing ; Timing optimization ; Q         ;                ; U5_DB3~output                 ; I                ;                       ;
; outputs[33] ; Duplicated      ; Register Packing ; Timing optimization ; Q         ;                ; outputs[33]~_Duplicate_1      ; Q                ;                       ;
; outputs[33] ; Packed Register ; Register Packing ; Timing optimization ; Q         ;                ; U5_DB4~output                 ; I                ;                       ;
; outputs[34] ; Duplicated      ; Register Packing ; Timing optimization ; Q         ;                ; outputs[34]~_Duplicate_1      ; Q                ;                       ;
; outputs[34] ; Packed Register ; Register Packing ; Timing optimization ; Q         ;                ; U5_DB5~output                 ; I                ;                       ;
; outputs[35] ; Duplicated      ; Register Packing ; Timing optimization ; Q         ;                ; outputs[35]~_Duplicate_1      ; Q                ;                       ;
; outputs[35] ; Packed Register ; Register Packing ; Timing optimization ; Q         ;                ; U5_DB6~output                 ; I                ;                       ;
; outputs[36] ; Duplicated      ; Register Packing ; Timing optimization ; Q         ;                ; outputs[36]~_Duplicate_1      ; Q                ;                       ;
; outputs[36] ; Packed Register ; Register Packing ; Timing optimization ; Q         ;                ; U5_DB7~output                 ; I                ;                       ;
; outputs[37] ; Duplicated      ; Register Packing ; Timing optimization ; Q         ;                ; outputs[37]~_Duplicate_1      ; Q                ;                       ;
; outputs[37] ; Packed Register ; Register Packing ; Timing optimization ; Q         ;                ; OR4~output                    ; I                ;                       ;
; outputs[38] ; Duplicated      ; Register Packing ; Timing optimization ; Q         ;                ; outputs[38]~_Duplicate_1      ; Q                ;                       ;
; outputs[38] ; Packed Register ; Register Packing ; Timing optimization ; Q         ;                ; OR5~output                    ; I                ;                       ;
; outputs[39] ; Duplicated      ; Register Packing ; Timing optimization ; Q         ;                ; outputs[39]~_Duplicate_1      ; Q                ;                       ;
; outputs[39] ; Packed Register ; Register Packing ; Timing optimization ; Q         ;                ; OR6~output                    ; I                ;                       ;
; outputs[40] ; Duplicated      ; Register Packing ; Timing optimization ; Q         ;                ; outputs[40]~_Duplicate_1      ; Q                ;                       ;
; outputs[40] ; Packed Register ; Register Packing ; Timing optimization ; Q         ;                ; OT4~output                    ; I                ;                       ;
; outputs[41] ; Duplicated      ; Register Packing ; Timing optimization ; Q         ;                ; outputs[41]~_Duplicate_1      ; Q                ;                       ;
; outputs[41] ; Packed Register ; Register Packing ; Timing optimization ; Q         ;                ; OT5~output                    ; I                ;                       ;
; outputs[42] ; Duplicated      ; Register Packing ; Timing optimization ; Q         ;                ; outputs[42]~_Duplicate_1      ; Q                ;                       ;
; outputs[42] ; Packed Register ; Register Packing ; Timing optimization ; Q         ;                ; ESP_IN_SHIFT~output           ; I                ;                       ;
; outputs[43] ; Duplicated      ; Register Packing ; Timing optimization ; Q         ;                ; outputs[43]~_Duplicate_1      ; Q                ;                       ;
; outputs[43] ; Packed Register ; Register Packing ; Timing optimization ; Q         ;                ; ESP_IN_VALUE~output           ; I                ;                       ;
; outputs[44] ; Duplicated      ; Register Packing ; Timing optimization ; Q         ;                ; outputs[44]~_Duplicate_1      ; Q                ;                       ;
; outputs[44] ; Packed Register ; Register Packing ; Timing optimization ; Q         ;                ; ESP_STATE_TO_OUTPUT~output    ; I                ;                       ;
; outputs[45] ; Duplicated      ; Register Packing ; Timing optimization ; Q         ;                ; outputs[45]~_Duplicate_1      ; Q                ;                       ;
; outputs[45] ; Packed Register ; Register Packing ; Timing optimization ; Q         ;                ; ESP_OUT_SHIFT~output          ; I                ;                       ;
; outputs[46] ; Duplicated      ; Register Packing ; Timing optimization ; Q         ;                ; outputs[46]~_Duplicate_1      ; Q                ;                       ;
; outputs[46] ; Packed Register ; Register Packing ; Timing optimization ; Q         ;                ; ESP_OUT_VALUE~output          ; I                ;                       ;
; outputs[47] ; Duplicated      ; Register Packing ; Timing optimization ; Q         ;                ; outputs[47]~_Duplicate_1      ; Q                ;                       ;
; outputs[47] ; Packed Register ; Register Packing ; Timing optimization ; Q         ;                ; ESP_GO_LIVE~output            ; I                ;                       ;
; outputs[48] ; Duplicated      ; Register Packing ; Timing optimization ; Q         ;                ; outputs[48]~_Duplicate_1      ; Q                ;                       ;
; outputs[48] ; Packed Register ; Register Packing ; Timing optimization ; Q         ;                ; ESP_EMERGENCY_SHUTDOWN~output ; I                ;                       ;
+-------------+-----------------+------------------+---------------------+-----------+----------------+-------------------------------+------------------+-----------------------+


+---------------------------------------------------------------------------------------------+
; Ignored Assignments                                                                         ;
+--------------+-----------------+--------------+------------+---------------+----------------+
; Name         ; Ignored Entity  ; Ignored From ; Ignored To ; Ignored Value ; Ignored Source ;
+--------------+-----------------+--------------+------------+---------------+----------------+
; Location     ;                 ;              ; U23_HIN    ; PIN_144       ; QSF Assignment ;
; Location     ;                 ;              ; U23_LIN    ; PIN_3         ; QSF Assignment ;
; Location     ;                 ;              ; U23_SD     ; PIN_2         ; QSF Assignment ;
; Location     ;                 ;              ; U24_HIN    ; PIN_112       ; QSF Assignment ;
; Location     ;                 ;              ; U24_LIN    ; PIN_104       ; QSF Assignment ;
; Location     ;                 ;              ; U24_SD     ; PIN_110       ; QSF Assignment ;
; Location     ;                 ;              ; UNUSED     ; PIN_100       ; QSF Assignment ;
; Location     ;                 ;              ; esp_0      ; PIN_50        ; QSF Assignment ;
; Location     ;                 ;              ; esp_1      ; PIN_52        ; QSF Assignment ;
; Location     ;                 ;              ; esp_2      ; IOBANK_ESP_3  ; QSF Assignment ;
; Location     ;                 ;              ; esp_3      ; PIN_58        ; QSF Assignment ;
; Location     ;                 ;              ; esp_4      ; PIN_71        ; QSF Assignment ;
; I/O Standard ; hvps_controller ;              ; U23_HIN    ; 3.3-V LVCMOS  ; QSF Assignment ;
; I/O Standard ; hvps_controller ;              ; U23_LIN    ; 3.3-V LVCMOS  ; QSF Assignment ;
; I/O Standard ; hvps_controller ;              ; U23_SD     ; 3.3-V LVCMOS  ; QSF Assignment ;
; I/O Standard ; hvps_controller ;              ; U24_HIN    ; 3.3-V LVCMOS  ; QSF Assignment ;
; I/O Standard ; hvps_controller ;              ; U24_LIN    ; 3.3-V LVCMOS  ; QSF Assignment ;
; I/O Standard ; hvps_controller ;              ; UNUSED     ; 3.3-V LVCMOS  ; QSF Assignment ;
; I/O Standard ; hvps_controller ;              ; esp_0      ; 3.3-V LVCMOS  ; QSF Assignment ;
; I/O Standard ; hvps_controller ;              ; esp_1      ; 3.3-V LVCMOS  ; QSF Assignment ;
; I/O Standard ; hvps_controller ;              ; esp_2      ; 3.3-V LVCMOS  ; QSF Assignment ;
; I/O Standard ; hvps_controller ;              ; esp_3      ; 3.3-V LVCMOS  ; QSF Assignment ;
; I/O Standard ; hvps_controller ;              ; esp_4      ; 3.3-V LVCMOS  ; QSF Assignment ;
+--------------+-----------------+--------------+------------+---------------+----------------+


+---------------------------------------------------------------------------------------------------+
; Incremental Compilation Preservation Summary                                                      ;
+---------------------+---------------------+----------------------------+--------------------------+
; Type                ; Total [A + B]       ; From Design Partitions [A] ; From Rapid Recompile [B] ;
+---------------------+---------------------+----------------------------+--------------------------+
; Placement (by node) ;                     ;                            ;                          ;
;     -- Requested    ; 0.00 % ( 0 / 3891 ) ; 0.00 % ( 0 / 3891 )        ; 0.00 % ( 0 / 3891 )      ;
;     -- Achieved     ; 0.00 % ( 0 / 3891 ) ; 0.00 % ( 0 / 3891 )        ; 0.00 % ( 0 / 3891 )      ;
;                     ;                     ;                            ;                          ;
; Routing (by net)    ;                     ;                            ;                          ;
;     -- Requested    ; 0.00 % ( 0 / 0 )    ; 0.00 % ( 0 / 0 )           ; 0.00 % ( 0 / 0 )         ;
;     -- Achieved     ; 0.00 % ( 0 / 0 )    ; 0.00 % ( 0 / 0 )           ; 0.00 % ( 0 / 0 )         ;
+---------------------+---------------------+----------------------------+--------------------------+


+----------------------------------------------------------------------------------------------------------------------------------------------------------------------------------------+
; Incremental Compilation Partition Settings                                                                                                                                             ;
+--------------------------------+----------------+-------------------+-------------------------+------------------------+------------------------------+--------------------------------+
; Partition Name                 ; Partition Type ; Netlist Type Used ; Preservation Level Used ; Netlist Type Requested ; Preservation Level Requested ; Contents                       ;
+--------------------------------+----------------+-------------------+-------------------------+------------------------+------------------------------+--------------------------------+
; Top                            ; User-created   ; Source File       ; N/A                     ; Source File            ; N/A                          ;                                ;
; hard_block:auto_generated_inst ; Auto-generated ; Source File       ; N/A                     ; Source File            ; N/A                          ; hard_block:auto_generated_inst ;
+--------------------------------+----------------+-------------------+-------------------------+------------------------+------------------------------+--------------------------------+


+------------------------------------------------------------------------------------------------------------------------------------+
; Incremental Compilation Placement Preservation                                                                                     ;
+--------------------------------+-----------------------+-------------------------+-------------------+---------------------+-------+
; Partition Name                 ; Preservation Achieved ; Preservation Level Used ; Netlist Type Used ; Preservation Method ; Notes ;
+--------------------------------+-----------------------+-------------------------+-------------------+---------------------+-------+
; Top                            ; 0.00 % ( 0 / 3881 )   ; N/A                     ; Source File       ; N/A                 ;       ;
; hard_block:auto_generated_inst ; 0.00 % ( 0 / 10 )     ; N/A                     ; Source File       ; N/A                 ;       ;
+--------------------------------+-----------------------+-------------------------+-------------------+---------------------+-------+


+-----------------------------------------------------------------------+
; Fitter Resource Usage Summary                                         ;
+---------------------------------------------+-------------------------+
; Resource                                    ; Usage                   ;
+---------------------------------------------+-------------------------+
; Total logic elements                        ; 2,163 / 10,320 ( 21 % ) ;
;     -- Combinational with no register       ; 546                     ;
;     -- Register only                        ; 0                       ;
;     -- Combinational with a register        ; 1617                    ;
;                                             ;                         ;
; Logic element usage by number of LUT inputs ;                         ;
;     -- 4 input functions                    ; 482                     ;
;     -- 3 input functions                    ; 54                      ;
;     -- <=2 input functions                  ; 1627                    ;
;     -- Register only                        ; 0                       ;
;                                             ;                         ;
; Logic elements by mode                      ;                         ;
;     -- normal mode                          ; 644                     ;
;     -- arithmetic mode                      ; 1519                    ;
;                                             ;                         ;
; Total registers*                            ; 1,666 / 10,732 ( 16 % ) ;
;     -- Dedicated logic registers            ; 1,617 / 10,320 ( 16 % ) ;
;     -- I/O registers                        ; 49 / 412 ( 12 % )       ;
;                                             ;                         ;
; Total LABs                                  ; Not available           ;
; Virtual pins                                ; 0                       ;
; I/O pins                                    ; 50 / 92 ( 54 % )        ;
;     -- Clock pins                           ; 0 / 3 ( 0 % )           ;
;     -- Dedicated input pins                 ; 0 / 9 ( 0 % )           ;
;                                             ;                         ;
; M9Ks                                        ; 0 / 46 ( 0 % )          ;
; Total block memory bits                     ; 0 / 423,936 ( 0 % )     ;
; Total block memory implementation bits      ; 0 / 423,936 ( 0 % )     ;
; Embedded Multiplier 9-bit elements          ; 0 / 46 ( 0 % )          ;
; PLLs                                        ; 0 / 2 ( 0 % )           ;
; Global signals                              ; 1                       ;
;     -- Global clocks                        ; 1 / 10 ( 10 % )         ;
; JTAGs                                       ; 0 / 1 ( 0 % )           ;
; CRC blocks                                  ; 0 / 1 ( 0 % )           ;
; ASMI blocks                                 ; 0 / 1 ( 0 % )           ;
; Oscillator blocks                           ; 0 / 1 ( 0 % )           ;
; Impedance control blocks                    ; 0 / 4 ( 0 % )           ;
; Maximum fan-out                             ; 1666                    ;
; Highest non-global fan-out                  ; 33                      ;
; Total fan-out                               ; 10298                   ;
; Average fan-out                             ; 2.61                    ;
+---------------------------------------------+-------------------------+
*  Register count does not include registers inside RAM blocks or DSP blocks.



+-----------------------------------------------------------------------------------------------------------------------------------------------------------------------------------------------------------------------------------------------+
; Input Pins                                                                                                                                                                                                                                    ;
+------+------------+----------+-----------------------+--------------------+--------+----------------+---------------+-----------------+----------+--------------+--------------+---------------------------+----------------------+-----------+
; Name ; Pin #      ; I/O Bank ; Combinational Fan-Out ; Registered Fan-Out ; Global ; Input Register ; Power Up High ; PCI I/O Enabled ; Bus Hold ; Weak Pull Up ; I/O Standard ; Termination Control Block ; Location assigned by ; Slew Rate ;
+------+------------+----------+-----------------------+--------------------+--------+----------------+---------------+-----------------+----------+--------------+--------------+---------------------------+----------------------+-----------+
; clk  ; Unassigned ; --       ; 1666                  ; 0                  ; yes    ; no             ; no            ; yes             ; no       ; Off          ; 3.3-V LVCMOS ; --                        ; User                 ; no        ;
+------+------------+----------+-----------------------+--------------------+--------+----------------+---------------+-----------------+----------+--------------+--------------+---------------------------+----------------------+-----------+


+---------------------------------------------------------------------------------------------------------------------------------------------------------------------------------------------------------------------------------------------------------------------------------------------------------------------------------------------------------------------------------------------------------------------------------+
; Output Pins                                                                                                                                                                                                                                                                                                                                                                                                                     ;
+------------------------+------------+----------+-----------------+------------------------+---------------+-----------+-----------------+------------+---------------+----------+--------------+--------------+------------------+-----------------------------------+---------------------------+----------------------------+-----------------------------+----------------------+----------------------+---------------------+
; Name                   ; Pin #      ; I/O Bank ; Output Register ; Output Enable Register ; Power Up High ; Slew Rate ; PCI I/O Enabled ; Open Drain ; TRI Primitive ; Bus Hold ; Weak Pull Up ; I/O Standard ; Current Strength ; Termination                       ; Termination Control Block ; Output Buffer Pre-emphasis ; Voltage Output Differential ; Location assigned by ; Output Enable Source ; Output Enable Group ;
+------------------------+------------+----------+-----------------+------------------------+---------------+-----------+-----------------+------------+---------------+----------+--------------+--------------+------------------+-----------------------------------+---------------------------+----------------------------+-----------------------------+----------------------+----------------------+---------------------+
; ESP_EMERGENCY_SHUTDOWN ; Unassigned ; --       ; yes             ; no                     ; no            ; 2         ; no              ; no         ; no            ; no       ; Off          ; 2.5 V        ; Default          ; Series 50 Ohm without Calibration ; --                        ; no                         ; no                          ; Fitter               ; -                    ; -                   ;
; ESP_GO_LIVE            ; Unassigned ; --       ; yes             ; no                     ; no            ; 2         ; no              ; no         ; no            ; no       ; Off          ; 2.5 V        ; Default          ; Series 50 Ohm without Calibration ; --                        ; no                         ; no                          ; Fitter               ; -                    ; -                   ;
; ESP_IN_SHIFT           ; Unassigned ; --       ; yes             ; no                     ; no            ; 2         ; no              ; no         ; no            ; no       ; Off          ; 2.5 V        ; Default          ; Series 50 Ohm without Calibration ; --                        ; no                         ; no                          ; Fitter               ; -                    ; -                   ;
; ESP_IN_VALUE           ; Unassigned ; --       ; yes             ; no                     ; no            ; 2         ; no              ; no         ; no            ; no       ; Off          ; 2.5 V        ; Default          ; Series 50 Ohm without Calibration ; --                        ; no                         ; no                          ; Fitter               ; -                    ; -                   ;
; ESP_OUT_SHIFT          ; Unassigned ; --       ; yes             ; no                     ; no            ; 2         ; no              ; no         ; no            ; no       ; Off          ; 2.5 V        ; Default          ; Series 50 Ohm without Calibration ; --                        ; no                         ; no                          ; Fitter               ; -                    ; -                   ;
; ESP_OUT_VALUE          ; Unassigned ; --       ; yes             ; no                     ; no            ; 2         ; no              ; no         ; no            ; no       ; Off          ; 2.5 V        ; Default          ; Series 50 Ohm without Calibration ; --                        ; no                         ; no                          ; Fitter               ; -                    ; -                   ;
; ESP_STATE_TO_OUTPUT    ; Unassigned ; --       ; yes             ; no                     ; no            ; 2         ; no              ; no         ; no            ; no       ; Off          ; 2.5 V        ; Default          ; Series 50 Ohm without Calibration ; --                        ; no                         ; no                          ; Fitter               ; -                    ; -                   ;
; INV_PD                 ; Unassigned ; --       ; yes             ; no                     ; no            ; 2         ; no              ; no         ; no            ; no       ; Off          ; 2.5 V        ; Default          ; Series 50 Ohm without Calibration ; --                        ; no                         ; no                          ; Fitter               ; -                    ; -                   ;
; OR4                    ; Unassigned ; --       ; yes             ; no                     ; no            ; 2         ; no              ; no         ; no            ; no       ; Off          ; 3.3-V LVCMOS ; Default          ; Off                               ; --                        ; no                         ; no                          ; User                 ; -                    ; -                   ;
; OR5                    ; Unassigned ; --       ; yes             ; no                     ; no            ; 2         ; no              ; no         ; no            ; no       ; Off          ; 3.3-V LVCMOS ; Default          ; Off                               ; --                        ; no                         ; no                          ; User                 ; -                    ; -                   ;
; OR6                    ; Unassigned ; --       ; yes             ; no                     ; no            ; 2         ; no              ; no         ; no            ; no       ; Off          ; 3.3-V LVCMOS ; Default          ; Off                               ; --                        ; no                         ; no                          ; User                 ; -                    ; -                   ;
; OT4                    ; Unassigned ; --       ; yes             ; no                     ; no            ; 2         ; no              ; no         ; no            ; no       ; Off          ; 3.3-V LVCMOS ; Default          ; Off                               ; --                        ; no                         ; no                          ; User                 ; -                    ; -                   ;
; OT5                    ; Unassigned ; --       ; yes             ; no                     ; no            ; 2         ; no              ; no         ; no            ; no       ; Off          ; 3.3-V LVCMOS ; Default          ; Off                               ; --                        ; no                         ; no                          ; User                 ; -                    ; -                   ;
; U12_DB0                ; Unassigned ; --       ; yes             ; no                     ; no            ; 2         ; no              ; no         ; no            ; no       ; Off          ; 3.3-V LVCMOS ; Default          ; Off                               ; --                        ; no                         ; no                          ; User                 ; -                    ; -                   ;
; U12_DB1                ; Unassigned ; --       ; yes             ; no                     ; no            ; 2         ; no              ; no         ; no            ; no       ; Off          ; 3.3-V LVCMOS ; Default          ; Off                               ; --                        ; no                         ; no                          ; User                 ; -                    ; -                   ;
; U12_DB2                ; Unassigned ; --       ; yes             ; no                     ; no            ; 2         ; no              ; no         ; no            ; no       ; Off          ; 3.3-V LVCMOS ; Default          ; Off                               ; --                        ; no                         ; no                          ; User                 ; -                    ; -                   ;
; U12_DB3                ; Unassigned ; --       ; yes             ; no                     ; no            ; 2         ; no              ; no         ; no            ; no       ; Off          ; 3.3-V LVCMOS ; Default          ; Off                               ; --                        ; no                         ; no                          ; User                 ; -                    ; -                   ;
; U12_DB4                ; Unassigned ; --       ; yes             ; no                     ; no            ; 2         ; no              ; no         ; no            ; no       ; Off          ; 3.3-V LVCMOS ; Default          ; Off                               ; --                        ; no                         ; no                          ; User                 ; -                    ; -                   ;
; U12_DB5                ; Unassigned ; --       ; yes             ; no                     ; no            ; 2         ; no              ; no         ; no            ; no       ; Off          ; 3.3-V LVCMOS ; Default          ; Off                               ; --                        ; no                         ; no                          ; User                 ; -                    ; -                   ;
; U12_DB6                ; Unassigned ; --       ; yes             ; no                     ; no            ; 2         ; no              ; no         ; no            ; no       ; Off          ; 3.3-V LVCMOS ; Default          ; Off                               ; --                        ; no                         ; no                          ; User                 ; -                    ; -                   ;
; U12_DB7                ; Unassigned ; --       ; yes             ; no                     ; no            ; 2         ; no              ; no         ; no            ; no       ; Off          ; 3.3-V LVCMOS ; Default          ; Off                               ; --                        ; no                         ; no                          ; User                 ; -                    ; -                   ;
; U12_INV_CONVST         ; Unassigned ; --       ; yes             ; no                     ; no            ; 2         ; no              ; no         ; no            ; no       ; Off          ; 3.3-V LVCMOS ; Default          ; Off                               ; --                        ; no                         ; no                          ; User                 ; -                    ; -                   ;
; U12_INV_CS             ; Unassigned ; --       ; yes             ; no                     ; no            ; 2         ; no              ; no         ; no            ; no       ; Off          ; 2.5 V        ; Default          ; Series 50 Ohm without Calibration ; --                        ; no                         ; no                          ; Fitter               ; -                    ; -                   ;
; U12_INV_EOC            ; Unassigned ; --       ; yes             ; no                     ; no            ; 2         ; no              ; no         ; no            ; no       ; Off          ; 3.3-V LVCMOS ; Default          ; Off                               ; --                        ; no                         ; no                          ; User                 ; -                    ; -                   ;
; U12_INV_RD             ; Unassigned ; --       ; yes             ; no                     ; no            ; 2         ; no              ; no         ; no            ; no       ; Off          ; 3.3-V LVCMOS ; Default          ; Off                               ; --                        ; no                         ; no                          ; User                 ; -                    ; -                   ;
; U20_DB0                ; Unassigned ; --       ; yes             ; no                     ; no            ; 2         ; no              ; no         ; no            ; no       ; Off          ; 3.3-V LVCMOS ; Default          ; Off                               ; --                        ; no                         ; no                          ; User                 ; -                    ; -                   ;
; U20_DB1                ; Unassigned ; --       ; yes             ; no                     ; no            ; 2         ; no              ; no         ; no            ; no       ; Off          ; 3.3-V LVCMOS ; Default          ; Off                               ; --                        ; no                         ; no                          ; User                 ; -                    ; -                   ;
; U20_DB2                ; Unassigned ; --       ; yes             ; no                     ; no            ; 2         ; no              ; no         ; no            ; no       ; Off          ; 3.3-V LVCMOS ; Default          ; Off                               ; --                        ; no                         ; no                          ; User                 ; -                    ; -                   ;
; U20_DB3                ; Unassigned ; --       ; yes             ; no                     ; no            ; 2         ; no              ; no         ; no            ; no       ; Off          ; 3.3-V LVCMOS ; Default          ; Off                               ; --                        ; no                         ; no                          ; User                 ; -                    ; -                   ;
; U20_DB4                ; Unassigned ; --       ; yes             ; no                     ; no            ; 2         ; no              ; no         ; no            ; no       ; Off          ; 3.3-V LVCMOS ; Default          ; Off                               ; --                        ; no                         ; no                          ; User                 ; -                    ; -                   ;
; U20_DB5                ; Unassigned ; --       ; yes             ; no                     ; no            ; 2         ; no              ; no         ; no            ; no       ; Off          ; 3.3-V LVCMOS ; Default          ; Off                               ; --                        ; no                         ; no                          ; User                 ; -                    ; -                   ;
; U20_DB6                ; Unassigned ; --       ; yes             ; no                     ; no            ; 2         ; no              ; no         ; no            ; no       ; Off          ; 3.3-V LVCMOS ; Default          ; Off                               ; --                        ; no                         ; no                          ; User                 ; -                    ; -                   ;
; U20_DB7                ; Unassigned ; --       ; yes             ; no                     ; no            ; 2         ; no              ; no         ; no            ; no       ; Off          ; 3.3-V LVCMOS ; Default          ; Off                               ; --                        ; no                         ; no                          ; User                 ; -                    ; -                   ;
; U20_INV_CONVST         ; Unassigned ; --       ; yes             ; no                     ; no            ; 2         ; no              ; no         ; no            ; no       ; Off          ; 3.3-V LVCMOS ; Default          ; Off                               ; --                        ; no                         ; no                          ; User                 ; -                    ; -                   ;
; U20_INV_CS             ; Unassigned ; --       ; yes             ; no                     ; no            ; 2         ; no              ; no         ; no            ; no       ; Off          ; 2.5 V        ; Default          ; Series 50 Ohm without Calibration ; --                        ; no                         ; no                          ; Fitter               ; -                    ; -                   ;
; U20_INV_EOC            ; Unassigned ; --       ; yes             ; no                     ; no            ; 2         ; no              ; no         ; no            ; no       ; Off          ; 3.3-V LVCMOS ; Default          ; Off                               ; --                        ; no                         ; no                          ; User                 ; -                    ; -                   ;
; U20_INV_RD             ; Unassigned ; --       ; yes             ; no                     ; no            ; 2         ; no              ; no         ; no            ; no       ; Off          ; 3.3-V LVCMOS ; Default          ; Off                               ; --                        ; no                         ; no                          ; User                 ; -                    ; -                   ;
; U5_DB0                 ; Unassigned ; --       ; yes             ; no                     ; no            ; 2         ; no              ; no         ; no            ; no       ; Off          ; 3.3-V LVCMOS ; Default          ; Off                               ; --                        ; no                         ; no                          ; User                 ; -                    ; -                   ;
; U5_DB1                 ; Unassigned ; --       ; yes             ; no                     ; no            ; 2         ; no              ; no         ; no            ; no       ; Off          ; 3.3-V LVCMOS ; Default          ; Off                               ; --                        ; no                         ; no                          ; User                 ; -                    ; -                   ;
; U5_DB2                 ; Unassigned ; --       ; yes             ; no                     ; no            ; 2         ; no              ; no         ; no            ; no       ; Off          ; 3.3-V LVCMOS ; Default          ; Off                               ; --                        ; no                         ; no                          ; User                 ; -                    ; -                   ;
; U5_DB3                 ; Unassigned ; --       ; yes             ; no                     ; no            ; 2         ; no              ; no         ; no            ; no       ; Off          ; 3.3-V LVCMOS ; Default          ; Off                               ; --                        ; no                         ; no                          ; User                 ; -                    ; -                   ;
; U5_DB4                 ; Unassigned ; --       ; yes             ; no                     ; no            ; 2         ; no              ; no         ; no            ; no       ; Off          ; 3.3-V LVCMOS ; Default          ; Off                               ; --                        ; no                         ; no                          ; User                 ; -                    ; -                   ;
; U5_DB5                 ; Unassigned ; --       ; yes             ; no                     ; no            ; 2         ; no              ; no         ; no            ; no       ; Off          ; 3.3-V LVCMOS ; Default          ; Off                               ; --                        ; no                         ; no                          ; User                 ; -                    ; -                   ;
; U5_DB6                 ; Unassigned ; --       ; yes             ; no                     ; no            ; 2         ; no              ; no         ; no            ; no       ; Off          ; 3.3-V LVCMOS ; Default          ; Off                               ; --                        ; no                         ; no                          ; User                 ; -                    ; -                   ;
; U5_DB7                 ; Unassigned ; --       ; yes             ; no                     ; no            ; 2         ; no              ; no         ; no            ; no       ; Off          ; 3.3-V LVCMOS ; Default          ; Off                               ; --                        ; no                         ; no                          ; User                 ; -                    ; -                   ;
; U5_INV_CONVST          ; Unassigned ; --       ; yes             ; no                     ; no            ; 2         ; no              ; no         ; no            ; no       ; Off          ; 3.3-V LVCMOS ; Default          ; Off                               ; --                        ; no                         ; no                          ; User                 ; -                    ; -                   ;
; U5_INV_CS              ; Unassigned ; --       ; yes             ; no                     ; no            ; 2         ; no              ; no         ; no            ; no       ; Off          ; 2.5 V        ; Default          ; Series 50 Ohm without Calibration ; --                        ; no                         ; no                          ; Fitter               ; -                    ; -                   ;
; U5_INV_EOC             ; Unassigned ; --       ; yes             ; no                     ; no            ; 2         ; no              ; no         ; no            ; no       ; Off          ; 3.3-V LVCMOS ; Default          ; Off                               ; --                        ; no                         ; no                          ; User                 ; -                    ; -                   ;
; U5_INV_RD              ; Unassigned ; --       ; yes             ; no                     ; no            ; 2         ; no              ; no         ; no            ; no       ; Off          ; 3.3-V LVCMOS ; Default          ; Off                               ; --                        ; no                         ; no                          ; User                 ; -                    ; -                   ;
+------------------------+------------+----------+-----------------+------------------------+---------------+-----------+-----------------+------------+---------------+----------+--------------+--------------+------------------+-----------------------------------+---------------------------+----------------------------+-----------------------------+----------------------+----------------------+---------------------+


+-----------------------------------------------------------------------------------+
; Dual Purpose and Dedicated Pins                                                   ;
+----------+-----------+-------------+------------------+---------------------------+
; Location ; Pin Name  ; Reserved As ; User Signal Name ; Pin Type                  ;
+----------+-----------+-------------+------------------+---------------------------+
; 9        ; nSTATUS   ; -           ; -                ; Dedicated Programming Pin ;
; 14       ; nCONFIG   ; -           ; -                ; Dedicated Programming Pin ;
; 21       ; nCE       ; -           ; -                ; Dedicated Programming Pin ;
; 92       ; CONF_DONE ; -           ; -                ; Dedicated Programming Pin ;
; 94       ; MSEL0     ; -           ; -                ; Dedicated Programming Pin ;
; 96       ; MSEL1     ; -           ; -                ; Dedicated Programming Pin ;
; 97       ; MSEL2     ; -           ; -                ; Dedicated Programming Pin ;
; 97       ; MSEL3     ; -           ; -                ; Dedicated Programming Pin ;
+----------+-----------+-------------+------------------+---------------------------+


+----------------------------------------------------------+
; I/O Bank Usage                                           ;
+----------+----------------+---------------+--------------+
; I/O Bank ; Usage          ; VCCIO Voltage ; VREF Voltage ;
+----------+----------------+---------------+--------------+
; 1        ; 0 / 11 ( 0 % ) ; 3.3V          ; --           ;
; 2        ; 0 / 8 ( 0 % )  ; 3.3V          ; --           ;
; 3        ; 0 / 11 ( 0 % ) ; 3.3V          ; --           ;
; 4        ; 0 / 14 ( 0 % ) ; 3.3V          ; --           ;
; 5        ; 0 / 13 ( 0 % ) ; 3.3V          ; --           ;
; 6        ; 0 / 10 ( 0 % ) ; 3.3V          ; --           ;
; 7        ; 0 / 13 ( 0 % ) ; 3.3V          ; --           ;
; 8        ; 0 / 12 ( 0 % ) ; 3.3V          ; --           ;
; Unknown  ; 55             ; --            ;              ;
+----------+----------------+---------------+--------------+


+---------------------------------------------------------------------------------------------------------------------------------------------------------------+
; All Package Pins                                                                                                                                              ;
+----------+------------+----------+---------------------------------+--------+--------------+---------+------------+-----------------+----------+--------------+
; Location ; Pad Number ; I/O Bank ; Pin Name/Usage                  ; Dir.   ; I/O Standard ; Voltage ; I/O Type   ; User Assignment ; Bus Hold ; Weak Pull Up ;
+----------+------------+----------+---------------------------------+--------+--------------+---------+------------+-----------------+----------+--------------+
; 1        ; 0          ; 1        ; RESERVED_INPUT_WITH_WEAK_PULLUP ;        ;              ;         ; Row I/O    ;                 ; no       ; On           ;
; 2        ; 1          ; 1        ; RESERVED_INPUT_WITH_WEAK_PULLUP ;        ;              ;         ; Row I/O    ;                 ; no       ; On           ;
; 3        ; 2          ; 1        ; RESERVED_INPUT_WITH_WEAK_PULLUP ;        ;              ;         ; Row I/O    ;                 ; no       ; On           ;
; 4        ;            ;          ; GND                             ; gnd    ;              ;         ; --         ;                 ; --       ; --           ;
; 5        ;            ;          ; VCCINT                          ; power  ;              ; 1.2V    ; --         ;                 ; --       ; --           ;
; 6        ; 5          ; 1        ; RESERVED_INPUT_WITH_WEAK_PULLUP ;        ;              ;         ; Row I/O    ;                 ; no       ; On           ;
; 7        ; 6          ; 1        ; RESERVED_INPUT_WITH_WEAK_PULLUP ;        ;              ;         ; Row I/O    ;                 ; --       ; --           ;
; 8        ; 7          ; 1        ; RESERVED_INPUT_WITH_WEAK_PULLUP ;        ;              ;         ; Row I/O    ;                 ; no       ; On           ;
; 9        ; 9          ; 1        ; ^nSTATUS                        ;        ;              ;         ; --         ;                 ; --       ; --           ;
; 10       ; 13         ; 1        ; RESERVED_INPUT_WITH_WEAK_PULLUP ;        ;              ;         ; Row I/O    ;                 ; no       ; On           ;
; 11       ; 14         ; 1        ; RESERVED_INPUT_WITH_WEAK_PULLUP ;        ;              ;         ; Row I/O    ;                 ; no       ; On           ;
; 12       ; 15         ; 1        ; RESERVED_INPUT_WITH_WEAK_PULLUP ;        ;              ;         ; Row I/O    ;                 ; --       ; On           ;
; 13       ; 16         ; 1        ; RESERVED_INPUT_WITH_WEAK_PULLUP ;        ;              ;         ; Row I/O    ;                 ; no       ; On           ;
; 14       ; 17         ; 1        ; ^nCONFIG                        ;        ;              ;         ; --         ;                 ; --       ; --           ;
; 15       ; 18         ; 1        ; #TDI                            ; input  ;              ;         ; --         ;                 ; --       ; --           ;
; 16       ; 19         ; 1        ; #TCK                            ; input  ;              ;         ; --         ;                 ; --       ; --           ;
; 17       ;            ; 1        ; VCCIO1                          ; power  ;              ; 3.3V    ; --         ;                 ; --       ; --           ;
; 18       ; 20         ; 1        ; #TMS                            ; input  ;              ;         ; --         ;                 ; --       ; --           ;
; 19       ;            ;          ; GND                             ; gnd    ;              ;         ; --         ;                 ; --       ; --           ;
; 20       ; 21         ; 1        ; #TDO                            ; output ;              ;         ; --         ;                 ; --       ; --           ;
; 21       ; 22         ; 1        ; ^nCE                            ;        ;              ;         ; --         ;                 ; --       ; --           ;
; 22       ;            ;          ; GND                             ; gnd    ;              ;         ; --         ;                 ; --       ; --           ;
; 23       ; 24         ; 1        ; GND+                            ;        ;              ;         ; Row I/O    ;                 ; --       ; --           ;
; 24       ; 25         ; 2        ; GND+                            ;        ;              ;         ; Row I/O    ;                 ; --       ; --           ;
; 25       ; 26         ; 2        ; GND+                            ;        ;              ;         ; Row I/O    ;                 ; --       ; --           ;
; 26       ;            ; 2        ; VCCIO2                          ; power  ;              ; 3.3V    ; --         ;                 ; --       ; --           ;
; 27       ;            ;          ; GND                             ; gnd    ;              ;         ; --         ;                 ; --       ; --           ;
; 28       ; 31         ; 2        ; RESERVED_INPUT_WITH_WEAK_PULLUP ;        ;              ;         ; Row I/O    ;                 ; no       ; On           ;
; 29       ;            ;          ; VCCINT                          ; power  ;              ; 1.2V    ; --         ;                 ; --       ; --           ;
; 30       ; 34         ; 2        ; RESERVED_INPUT_WITH_WEAK_PULLUP ;        ;              ;         ; Row I/O    ;                 ; no       ; On           ;
; 31       ; 36         ; 2        ; RESERVED_INPUT_WITH_WEAK_PULLUP ;        ;              ;         ; Row I/O    ;                 ; --       ; --           ;
; 32       ; 39         ; 2        ; RESERVED_INPUT_WITH_WEAK_PULLUP ;        ;              ;         ; Row I/O    ;                 ; no       ; On           ;
; 33       ; 40         ; 2        ; RESERVED_INPUT_WITH_WEAK_PULLUP ;        ;              ;         ; Row I/O    ;                 ; no       ; On           ;
; 34       ; 41         ; 2        ; RESERVED_INPUT_WITH_WEAK_PULLUP ;        ;              ;         ; Row I/O    ;                 ; no       ; On           ;
; 35       ;            ; --       ; VCCA1                           ; power  ;              ; 2.5V    ; --         ;                 ; --       ; --           ;
; 36       ;            ;          ; GNDA1                           ; gnd    ;              ;         ; --         ;                 ; --       ; --           ;
; 37       ;            ;          ; VCCD_PLL1                       ; power  ;              ; 1.2V    ; --         ;                 ; --       ; --           ;
; 38       ; 45         ; 3        ; RESERVED_INPUT_WITH_WEAK_PULLUP ;        ;              ;         ; Column I/O ;                 ; no       ; On           ;
; 39       ; 46         ; 3        ; RESERVED_INPUT_WITH_WEAK_PULLUP ;        ;              ;         ; Column I/O ;                 ; no       ; On           ;
; 40       ;            ; 3        ; VCCIO3                          ; power  ;              ; 3.3V    ; --         ;                 ; --       ; --           ;
; 41       ;            ;          ; GND                             ; gnd    ;              ;         ; --         ;                 ; --       ; --           ;
; 42       ; 52         ; 3        ; RESERVED_INPUT_WITH_WEAK_PULLUP ;        ;              ;         ; Column I/O ;                 ; no       ; On           ;
; 43       ; 53         ; 3        ; RESERVED_INPUT_WITH_WEAK_PULLUP ;        ;              ;         ; Column I/O ;                 ; no       ; On           ;
; 44       ; 54         ; 3        ; RESERVED_INPUT_WITH_WEAK_PULLUP ;        ;              ;         ; Column I/O ;                 ; no       ; On           ;
; 45       ;            ;          ; VCCINT                          ; power  ;              ; 1.2V    ; --         ;                 ; --       ; --           ;
; 46       ; 58         ; 3        ; RESERVED_INPUT_WITH_WEAK_PULLUP ;        ;              ;         ; Column I/O ;                 ; --       ; --           ;
; 47       ;            ; 3        ; VCCIO3                          ; power  ;              ; 3.3V    ; --         ;                 ; --       ; --           ;
; 48       ;            ;          ; GND                             ; gnd    ;              ;         ; --         ;                 ; --       ; --           ;
; 49       ; 68         ; 3        ; RESERVED_INPUT_WITH_WEAK_PULLUP ;        ;              ;         ; Column I/O ;                 ; no       ; On           ;
; 50       ; 69         ; 3        ; RESERVED_INPUT_WITH_WEAK_PULLUP ;        ;              ;         ; Column I/O ;                 ; no       ; On           ;
; 51       ; 70         ; 3        ; RESERVED_INPUT_WITH_WEAK_PULLUP ;        ;              ;         ; Column I/O ;                 ; no       ; On           ;
; 52       ; 72         ; 3        ; RESERVED_INPUT_WITH_WEAK_PULLUP ;        ;              ;         ; Column I/O ;                 ; no       ; On           ;
; 53       ; 73         ; 3        ; RESERVED_INPUT_WITH_WEAK_PULLUP ;        ;              ;         ; Column I/O ;                 ; no       ; On           ;
; 54       ; 74         ; 4        ; RESERVED_INPUT_WITH_WEAK_PULLUP ;        ;              ;         ; Column I/O ;                 ; no       ; On           ;
; 55       ; 75         ; 4        ; RESERVED_INPUT_WITH_WEAK_PULLUP ;        ;              ;         ; Column I/O ;                 ; no       ; On           ;
; 56       ;            ; 4        ; VCCIO4                          ; power  ;              ; 3.3V    ; --         ;                 ; --       ; --           ;
; 57       ;            ;          ; GND                             ; gnd    ;              ;         ; --         ;                 ; --       ; --           ;
; 58       ; 80         ; 4        ; RESERVED_INPUT_WITH_WEAK_PULLUP ;        ;              ;         ; Column I/O ;                 ; no       ; On           ;
; 59       ; 83         ; 4        ; RESERVED_INPUT_WITH_WEAK_PULLUP ;        ;              ;         ; Column I/O ;                 ; no       ; On           ;
; 60       ; 84         ; 4        ; RESERVED_INPUT_WITH_WEAK_PULLUP ;        ;              ;         ; Column I/O ;                 ; no       ; On           ;
; 61       ;            ;          ; VCCINT                          ; power  ;              ; 1.2V    ; --         ;                 ; --       ; --           ;
; 62       ;            ; 4        ; VCCIO4                          ; power  ;              ; 3.3V    ; --         ;                 ; --       ; --           ;
; 63       ;            ;          ; GND                             ; gnd    ;              ;         ; --         ;                 ; --       ; --           ;
; 64       ; 89         ; 4        ; RESERVED_INPUT_WITH_WEAK_PULLUP ;        ;              ;         ; Column I/O ;                 ; no       ; On           ;
; 65       ; 90         ; 4        ; RESERVED_INPUT_WITH_WEAK_PULLUP ;        ;              ;         ; Column I/O ;                 ; --       ; --           ;
; 66       ; 93         ; 4        ; RESERVED_INPUT_WITH_WEAK_PULLUP ;        ;              ;         ; Column I/O ;                 ; no       ; On           ;
; 67       ; 94         ; 4        ; RESERVED_INPUT_WITH_WEAK_PULLUP ;        ;              ;         ; Column I/O ;                 ; no       ; On           ;
; 68       ; 96         ; 4        ; RESERVED_INPUT_WITH_WEAK_PULLUP ;        ;              ;         ; Column I/O ;                 ; no       ; On           ;
; 69       ; 97         ; 4        ; RESERVED_INPUT_WITH_WEAK_PULLUP ;        ;              ;         ; Column I/O ;                 ; no       ; On           ;
; 70       ; 98         ; 4        ; RESERVED_INPUT_WITH_WEAK_PULLUP ;        ;              ;         ; Column I/O ;                 ; no       ; On           ;
; 71       ; 99         ; 4        ; RESERVED_INPUT_WITH_WEAK_PULLUP ;        ;              ;         ; Column I/O ;                 ; no       ; On           ;
; 72       ; 100        ; 4        ; RESERVED_INPUT_WITH_WEAK_PULLUP ;        ;              ;         ; Column I/O ;                 ; no       ; On           ;
; 73       ; 102        ; 5        ; RESERVED_INPUT_WITH_WEAK_PULLUP ;        ;              ;         ; Row I/O    ;                 ; no       ; On           ;
; 74       ; 103        ; 5        ; RESERVED_INPUT_WITH_WEAK_PULLUP ;        ;              ;         ; Row I/O    ;                 ; no       ; On           ;
; 75       ; 104        ; 5        ; RESERVED_INPUT_WITH_WEAK_PULLUP ;        ;              ;         ; Row I/O    ;                 ; no       ; On           ;
; 76       ; 106        ; 5        ; RESERVED_INPUT_WITH_WEAK_PULLUP ;        ;              ;         ; Row I/O    ;                 ; no       ; On           ;
; 77       ; 107        ; 5        ; RESERVED_INPUT_WITH_WEAK_PULLUP ;        ;              ;         ; Row I/O    ;                 ; no       ; On           ;
; 78       ;            ;          ; VCCINT                          ; power  ;              ; 1.2V    ; --         ;                 ; --       ; --           ;
; 79       ;            ;          ; GND                             ; gnd    ;              ;         ; --         ;                 ; --       ; --           ;
; 80       ; 113        ; 5        ; RESERVED_INPUT_WITH_WEAK_PULLUP ;        ;              ;         ; Row I/O    ;                 ; --       ; --           ;
; 81       ;            ; 5        ; VCCIO5                          ; power  ;              ; 3.3V    ; --         ;                 ; --       ; --           ;
; 82       ;            ;          ; GND                             ; gnd    ;              ;         ; --         ;                 ; --       ; --           ;
; 83       ; 117        ; 5        ; RESERVED_INPUT_WITH_WEAK_PULLUP ;        ;              ;         ; Row I/O    ;                 ; no       ; On           ;
; 84       ; 118        ; 5        ; RESERVED_INPUT_WITH_WEAK_PULLUP ;        ;              ;         ; Row I/O    ;                 ; no       ; On           ;
; 85       ; 119        ; 5        ; RESERVED_INPUT_WITH_WEAK_PULLUP ;        ;              ;         ; Row I/O    ;                 ; no       ; On           ;
; 86       ; 120        ; 5        ; RESERVED_INPUT_WITH_WEAK_PULLUP ;        ;              ;         ; Row I/O    ;                 ; no       ; On           ;
; 87       ; 121        ; 5        ; RESERVED_INPUT_WITH_WEAK_PULLUP ;        ;              ;         ; Row I/O    ;                 ; no       ; On           ;
; 88       ; 125        ; 5        ; GND+                            ;        ;              ;         ; Row I/O    ;                 ; --       ; --           ;
; 89       ; 126        ; 5        ; GND+                            ;        ;              ;         ; Row I/O    ;                 ; --       ; --           ;
; 90       ; 127        ; 6        ; GND+                            ;        ;              ;         ; Row I/O    ;                 ; --       ; --           ;
; 91       ; 128        ; 6        ; GND+                            ;        ;              ;         ; Row I/O    ;                 ; --       ; --           ;
; 92       ; 129        ; 6        ; ^CONF_DONE                      ;        ;              ;         ; --         ;                 ; --       ; --           ;
; 93       ;            ; 6        ; VCCIO6                          ; power  ;              ; 3.3V    ; --         ;                 ; --       ; --           ;
; 94       ; 130        ; 6        ; ^MSEL0                          ;        ;              ;         ; --         ;                 ; --       ; --           ;
; 95       ;            ;          ; GND                             ; gnd    ;              ;         ; --         ;                 ; --       ; --           ;
; 96       ; 131        ; 6        ; ^MSEL1                          ;        ;              ;         ; --         ;                 ; --       ; --           ;
; 97       ; 132        ; 6        ; ^MSEL2                          ;        ;              ;         ; --         ;                 ; --       ; --           ;
; 97       ; 133        ; 6        ; ^MSEL3                          ;        ;              ;         ; --         ;                 ; --       ; --           ;
; 98       ; 136        ; 6        ; RESERVED_INPUT_WITH_WEAK_PULLUP ;        ;              ;         ; Row I/O    ;                 ; no       ; On           ;
; 99       ; 137        ; 6        ; RESERVED_INPUT_WITH_WEAK_PULLUP ;        ;              ;         ; Row I/O    ;                 ; no       ; On           ;
; 100      ; 138        ; 6        ; RESERVED_INPUT_WITH_WEAK_PULLUP ;        ;              ;         ; Row I/O    ;                 ; no       ; On           ;
; 101      ; 139        ; 6        ; RESERVED_INPUT_WITH_WEAK_PULLUP ;        ;              ;         ; Row I/O    ;                 ; no       ; On           ;
; 102      ;            ;          ; VCCINT                          ; power  ;              ; 1.2V    ; --         ;                 ; --       ; --           ;
; 103      ; 140        ; 6        ; RESERVED_INPUT_WITH_WEAK_PULLUP ;        ;              ;         ; Row I/O    ;                 ; no       ; On           ;
; 104      ; 141        ; 6        ; RESERVED_INPUT_WITH_WEAK_PULLUP ;        ;              ;         ; Row I/O    ;                 ; no       ; On           ;
; 105      ; 142        ; 6        ; RESERVED_INPUT_WITH_WEAK_PULLUP ;        ;              ;         ; Row I/O    ;                 ; --       ; --           ;
; 106      ; 146        ; 6        ; RESERVED_INPUT_WITH_WEAK_PULLUP ;        ;              ;         ; Row I/O    ;                 ; no       ; On           ;
; 107      ;            ; --       ; VCCA2                           ; power  ;              ; 2.5V    ; --         ;                 ; --       ; --           ;
; 108      ;            ;          ; GNDA2                           ; gnd    ;              ;         ; --         ;                 ; --       ; --           ;
; 109      ;            ;          ; VCCD_PLL2                       ; power  ;              ; 1.2V    ; --         ;                 ; --       ; --           ;
; 110      ; 152        ; 7        ; RESERVED_INPUT_WITH_WEAK_PULLUP ;        ;              ;         ; Column I/O ;                 ; no       ; On           ;
; 111      ; 154        ; 7        ; RESERVED_INPUT_WITH_WEAK_PULLUP ;        ;              ;         ; Column I/O ;                 ; no       ; On           ;
; 112      ; 155        ; 7        ; RESERVED_INPUT_WITH_WEAK_PULLUP ;        ;              ;         ; Column I/O ;                 ; no       ; On           ;
; 113      ; 156        ; 7        ; RESERVED_INPUT_WITH_WEAK_PULLUP ;        ;              ;         ; Column I/O ;                 ; no       ; On           ;
; 114      ; 157        ; 7        ; RESERVED_INPUT_WITH_WEAK_PULLUP ;        ;              ;         ; Column I/O ;                 ; no       ; On           ;
; 115      ; 158        ; 7        ; RESERVED_INPUT_WITH_WEAK_PULLUP ;        ;              ;         ; Column I/O ;                 ; no       ; On           ;
; 116      ;            ;          ; VCCINT                          ; power  ;              ; 1.2V    ; --         ;                 ; --       ; --           ;
; 117      ;            ; 7        ; VCCIO7                          ; power  ;              ; 3.3V    ; --         ;                 ; --       ; --           ;
; 118      ;            ;          ; GND                             ; gnd    ;              ;         ; --         ;                 ; --       ; --           ;
; 119      ; 163        ; 7        ; RESERVED_INPUT_WITH_WEAK_PULLUP ;        ;              ;         ; Column I/O ;                 ; --       ; --           ;
; 120      ; 164        ; 7        ; RESERVED_INPUT_WITH_WEAK_PULLUP ;        ;              ;         ; Column I/O ;                 ; no       ; On           ;
; 121      ; 165        ; 7        ; RESERVED_INPUT_WITH_WEAK_PULLUP ;        ;              ;         ; Column I/O ;                 ; no       ; On           ;
; 122      ;            ; 7        ; VCCIO7                          ; power  ;              ; 3.3V    ; --         ;                 ; --       ; --           ;
; 123      ;            ;          ; GND                             ; gnd    ;              ;         ; --         ;                 ; --       ; --           ;
; 124      ; 173        ; 7        ; RESERVED_INPUT_WITH_WEAK_PULLUP ;        ;              ;         ; Column I/O ;                 ; no       ; On           ;
; 125      ; 174        ; 7        ; RESERVED_INPUT_WITH_WEAK_PULLUP ;        ;              ;         ; Column I/O ;                 ; no       ; On           ;
; 126      ; 175        ; 7        ; RESERVED_INPUT_WITH_WEAK_PULLUP ;        ;              ;         ; Column I/O ;                 ; no       ; On           ;
; 127      ; 176        ; 7        ; RESERVED_INPUT_WITH_WEAK_PULLUP ;        ;              ;         ; Column I/O ;                 ; no       ; On           ;
; 128      ; 177        ; 8        ; RESERVED_INPUT_WITH_WEAK_PULLUP ;        ;              ;         ; Column I/O ;                 ; no       ; On           ;
; 129      ; 178        ; 8        ; RESERVED_INPUT_WITH_WEAK_PULLUP ;        ;              ;         ; Column I/O ;                 ; no       ; On           ;
; 130      ;            ; 8        ; VCCIO8                          ; power  ;              ; 3.3V    ; --         ;                 ; --       ; --           ;
; 131      ;            ;          ; GND                             ; gnd    ;              ;         ; --         ;                 ; --       ; --           ;
; 132      ; 181        ; 8        ; RESERVED_INPUT_WITH_WEAK_PULLUP ;        ;              ;         ; Column I/O ;                 ; no       ; On           ;
; 133      ; 182        ; 8        ; RESERVED_INPUT_WITH_WEAK_PULLUP ;        ;              ;         ; Column I/O ;                 ; no       ; On           ;
; 134      ;            ;          ; VCCINT                          ; power  ;              ; 1.2V    ; --         ;                 ; --       ; --           ;
; 135      ; 185        ; 8        ; RESERVED_INPUT_WITH_WEAK_PULLUP ;        ;              ;         ; Column I/O ;                 ; no       ; On           ;
; 136      ; 187        ; 8        ; RESERVED_INPUT_WITH_WEAK_PULLUP ;        ;              ;         ; Column I/O ;                 ; --       ; --           ;
; 137      ; 190        ; 8        ; RESERVED_INPUT_WITH_WEAK_PULLUP ;        ;              ;         ; Column I/O ;                 ; no       ; On           ;
; 138      ; 191        ; 8        ; RESERVED_INPUT_WITH_WEAK_PULLUP ;        ;              ;         ; Column I/O ;                 ; no       ; On           ;
; 139      ;            ; 8        ; VCCIO8                          ; power  ;              ; 3.3V    ; --         ;                 ; --       ; --           ;
; 140      ;            ;          ; GND                             ; gnd    ;              ;         ; --         ;                 ; --       ; --           ;
; 141      ; 195        ; 8        ; RESERVED_INPUT_WITH_WEAK_PULLUP ;        ;              ;         ; Column I/O ;                 ; no       ; On           ;
; 142      ; 201        ; 8        ; RESERVED_INPUT_WITH_WEAK_PULLUP ;        ;              ;         ; Column I/O ;                 ; no       ; On           ;
; 143      ; 202        ; 8        ; RESERVED_INPUT_WITH_WEAK_PULLUP ;        ;              ;         ; Column I/O ;                 ; no       ; On           ;
; 144      ; 203        ; 8        ; RESERVED_INPUT_WITH_WEAK_PULLUP ;        ;              ;         ; Column I/O ;                 ; no       ; On           ;
; EPAD     ;            ;          ; GND                             ;        ;              ;         ; --         ;                 ; --       ; --           ;
+----------+------------+----------+---------------------------------+--------+--------------+---------+------------+-----------------+----------+--------------+
Note: Pin directions (input, output or bidir) are based on device operating in user mode.


+--------------------------------------------------------+
; I/O Assignment Warnings                                ;
+------------------------+-------------------------------+
; Pin Name               ; Reason                        ;
+------------------------+-------------------------------+
; U12_INV_EOC            ; Missing drive strength        ;
; U12_INV_RD             ; Missing drive strength        ;
; U12_INV_CS             ; Incomplete set of assignments ;
; U12_INV_CONVST         ; Missing drive strength        ;
; U12_DB0                ; Missing drive strength        ;
; U12_DB1                ; Missing drive strength        ;
; U12_DB2                ; Missing drive strength        ;
; U12_DB3                ; Missing drive strength        ;
; U12_DB4                ; Missing drive strength        ;
; U12_DB5                ; Missing drive strength        ;
; U12_DB6                ; Missing drive strength        ;
; U12_DB7                ; Missing drive strength        ;
; U5_INV_EOC             ; Missing drive strength        ;
; U5_INV_RD              ; Missing drive strength        ;
; U5_INV_CS              ; Incomplete set of assignments ;
; U5_INV_CONVST          ; Missing drive strength        ;
; U5_DB0                 ; Missing drive strength        ;
; U5_DB1                 ; Missing drive strength        ;
; U5_DB2                 ; Missing drive strength        ;
; U5_DB3                 ; Missing drive strength        ;
; U5_DB4                 ; Missing drive strength        ;
; U5_DB5                 ; Missing drive strength        ;
; U5_DB6                 ; Missing drive strength        ;
; U5_DB7                 ; Missing drive strength        ;
; U20_INV_EOC            ; Missing drive strength        ;
; U20_INV_RD             ; Missing drive strength        ;
; U20_INV_CS             ; Incomplete set of assignments ;
; U20_INV_CONVST         ; Missing drive strength        ;
; INV_PD                 ; Incomplete set of assignments ;
; U20_DB0                ; Missing drive strength        ;
; U20_DB1                ; Missing drive strength        ;
; U20_DB2                ; Missing drive strength        ;
; U20_DB3                ; Missing drive strength        ;
; U20_DB4                ; Missing drive strength        ;
; U20_DB5                ; Missing drive strength        ;
; U20_DB6                ; Missing drive strength        ;
; U20_DB7                ; Missing drive strength        ;
; OR4                    ; Missing drive strength        ;
; OR5                    ; Missing drive strength        ;
; OR6                    ; Missing drive strength        ;
; OT4                    ; Missing drive strength        ;
; OT5                    ; Missing drive strength        ;
; ESP_IN_SHIFT           ; Incomplete set of assignments ;
; ESP_IN_VALUE           ; Incomplete set of assignments ;
; ESP_STATE_TO_OUTPUT    ; Incomplete set of assignments ;
; ESP_OUT_SHIFT          ; Incomplete set of assignments ;
; ESP_OUT_VALUE          ; Incomplete set of assignments ;
; ESP_GO_LIVE            ; Incomplete set of assignments ;
; ESP_EMERGENCY_SHUTDOWN ; Incomplete set of assignments ;
; U12_INV_CS             ; Missing location assignment   ;
; U5_INV_CS              ; Missing location assignment   ;
; U20_INV_CS             ; Missing location assignment   ;
; INV_PD                 ; Missing location assignment   ;
; ESP_IN_SHIFT           ; Missing location assignment   ;
; ESP_IN_VALUE           ; Missing location assignment   ;
; ESP_STATE_TO_OUTPUT    ; Missing location assignment   ;
; ESP_OUT_SHIFT          ; Missing location assignment   ;
; ESP_OUT_VALUE          ; Missing location assignment   ;
; ESP_GO_LIVE            ; Missing location assignment   ;
; ESP_EMERGENCY_SHUTDOWN ; Missing location assignment   ;
+------------------------+-------------------------------+


+----------------------------------------------------------------------------------------------------------------------------------------------------------------------------------------------------------------------------------------------------------------------------+
; Fitter Resource Utilization by Entity                                                                                                                                                                                                                                      ;
+----------------------------+-------------+---------------------------+---------------+-------------+--------------+---------+-----------+------+--------------+--------------+-------------------+------------------+---------------------+-----------------+--------------+
; Compilation Hierarchy Node ; Logic Cells ; Dedicated Logic Registers ; I/O Registers ; Memory Bits ; DSP Elements ; DSP 9x9 ; DSP 18x18 ; Pins ; Virtual Pins ; LUT-Only LCs ; Register-Only LCs ; LUT/Register LCs ; Full Hierarchy Name ; Entity Name     ; Library Name ;
+----------------------------+-------------+---------------------------+---------------+-------------+--------------+---------+-----------+------+--------------+--------------+-------------------+------------------+---------------------+-----------------+--------------+
; |hvps_controller           ; 0 (0)       ; 1617 (1617)               ; 49 (49)       ; 0           ; 0            ; 0       ; 0         ; 50   ; 0            ; 0 (0)        ; 0 (0)             ; 0 (0)            ; |hvps_controller    ; hvps_controller ; work         ;
+----------------------------+-------------+---------------------------+---------------+-------------+--------------+---------+-----------+------+--------------+--------------+-------------------+------------------+---------------------+-----------------+--------------+
Note: For table entries with two numbers listed, the numbers in parentheses indicate the number of resources of the given type used by the specific entity alone. The numbers listed outside of parentheses indicate the total resources of the given type used by the specific entity and all of its sub-entities in the hierarchy.


+--------------------------------------------------------------------------------------------------------+
; Delay Chain Summary                                                                                    ;
+------------------------+----------+---------------+---------------+-----------------------+-----+------+
; Name                   ; Pin Type ; Pad to Core 0 ; Pad to Core 1 ; Pad to Input Register ; TCO ; TCOE ;
+------------------------+----------+---------------+---------------+-----------------------+-----+------+
; U12_INV_EOC            ; Output   ; --            ; --            ; --                    ; 0   ; --   ;
; U12_INV_RD             ; Output   ; --            ; --            ; --                    ; 0   ; --   ;
; U12_INV_CS             ; Output   ; --            ; --            ; --                    ; 0   ; --   ;
; U12_INV_CONVST         ; Output   ; --            ; --            ; --                    ; 0   ; --   ;
; U12_DB0                ; Output   ; --            ; --            ; --                    ; 0   ; --   ;
; U12_DB1                ; Output   ; --            ; --            ; --                    ; 0   ; --   ;
; U12_DB2                ; Output   ; --            ; --            ; --                    ; 0   ; --   ;
; U12_DB3                ; Output   ; --            ; --            ; --                    ; 0   ; --   ;
; U12_DB4                ; Output   ; --            ; --            ; --                    ; 0   ; --   ;
; U12_DB5                ; Output   ; --            ; --            ; --                    ; 0   ; --   ;
; U12_DB6                ; Output   ; --            ; --            ; --                    ; 0   ; --   ;
; U12_DB7                ; Output   ; --            ; --            ; --                    ; 0   ; --   ;
; U5_INV_EOC             ; Output   ; --            ; --            ; --                    ; 0   ; --   ;
; U5_INV_RD              ; Output   ; --            ; --            ; --                    ; 0   ; --   ;
; U5_INV_CS              ; Output   ; --            ; --            ; --                    ; 0   ; --   ;
; U5_INV_CONVST          ; Output   ; --            ; --            ; --                    ; 0   ; --   ;
; U5_DB0                 ; Output   ; --            ; --            ; --                    ; 0   ; --   ;
; U5_DB1                 ; Output   ; --            ; --            ; --                    ; 0   ; --   ;
; U5_DB2                 ; Output   ; --            ; --            ; --                    ; 0   ; --   ;
; U5_DB3                 ; Output   ; --            ; --            ; --                    ; 0   ; --   ;
; U5_DB4                 ; Output   ; --            ; --            ; --                    ; 0   ; --   ;
; U5_DB5                 ; Output   ; --            ; --            ; --                    ; 0   ; --   ;
; U5_DB6                 ; Output   ; --            ; --            ; --                    ; 0   ; --   ;
; U5_DB7                 ; Output   ; --            ; --            ; --                    ; 0   ; --   ;
; U20_INV_EOC            ; Output   ; --            ; --            ; --                    ; 0   ; --   ;
; U20_INV_RD             ; Output   ; --            ; --            ; --                    ; 0   ; --   ;
; U20_INV_CS             ; Output   ; --            ; --            ; --                    ; 0   ; --   ;
; U20_INV_CONVST         ; Output   ; --            ; --            ; --                    ; 0   ; --   ;
; INV_PD                 ; Output   ; --            ; --            ; --                    ; 0   ; --   ;
; U20_DB0                ; Output   ; --            ; --            ; --                    ; 0   ; --   ;
; U20_DB1                ; Output   ; --            ; --            ; --                    ; 0   ; --   ;
; U20_DB2                ; Output   ; --            ; --            ; --                    ; 0   ; --   ;
; U20_DB3                ; Output   ; --            ; --            ; --                    ; 0   ; --   ;
; U20_DB4                ; Output   ; --            ; --            ; --                    ; 0   ; --   ;
; U20_DB5                ; Output   ; --            ; --            ; --                    ; 0   ; --   ;
; U20_DB6                ; Output   ; --            ; --            ; --                    ; 0   ; --   ;
; U20_DB7                ; Output   ; --            ; --            ; --                    ; 0   ; --   ;
; OR4                    ; Output   ; --            ; --            ; --                    ; 0   ; --   ;
; OR5                    ; Output   ; --            ; --            ; --                    ; 0   ; --   ;
; OR6                    ; Output   ; --            ; --            ; --                    ; 0   ; --   ;
; OT4                    ; Output   ; --            ; --            ; --                    ; 0   ; --   ;
; OT5                    ; Output   ; --            ; --            ; --                    ; 0   ; --   ;
; ESP_IN_SHIFT           ; Output   ; --            ; --            ; --                    ; 0   ; --   ;
; ESP_IN_VALUE           ; Output   ; --            ; --            ; --                    ; 0   ; --   ;
; ESP_STATE_TO_OUTPUT    ; Output   ; --            ; --            ; --                    ; 0   ; --   ;
; ESP_OUT_SHIFT          ; Output   ; --            ; --            ; --                    ; 0   ; --   ;
; ESP_OUT_VALUE          ; Output   ; --            ; --            ; --                    ; 0   ; --   ;
; ESP_GO_LIVE            ; Output   ; --            ; --            ; --                    ; 0   ; --   ;
; ESP_EMERGENCY_SHUTDOWN ; Output   ; --            ; --            ; --                    ; 0   ; --   ;
; clk                    ; Input    ; 0             ; --            ; --                    ; --  ; --   ;
+------------------------+----------+---------------+---------------+-----------------------+-----+------+


+---------------------------------------------------+
; Pad To Core Delay Chain Fanout                    ;
+---------------------+-------------------+---------+
; Source Pin / Fanout ; Pad To Core Index ; Setting ;
+---------------------+-------------------+---------+
; clk                 ;                   ;         ;
+---------------------+-------------------+---------+


+-----------------------------------------------------------------------------------------------------------------------------------+
; Control Signals                                                                                                                   ;
+---------------+------------+---------+-------------+--------+----------------------+------------------+---------------------------+
; Name          ; Location   ; Fan-Out ; Usage       ; Global ; Global Resource Used ; Global Line Name ; Enable Signal Source Name ;
+---------------+------------+---------+-------------+--------+----------------------+------------------+---------------------------+
; LessThan0~10  ; Unassigned ; 33      ; Sync. clear ; no     ; --                   ; --               ; --                        ;
; LessThan10~9  ; Unassigned ; 33      ; Sync. clear ; no     ; --                   ; --               ; --                        ;
; LessThan11~11 ; Unassigned ; 33      ; Sync. clear ; no     ; --                   ; --               ; --                        ;
; LessThan12~11 ; Unassigned ; 33      ; Sync. clear ; no     ; --                   ; --               ; --                        ;
; LessThan13~8  ; Unassigned ; 33      ; Sync. clear ; no     ; --                   ; --               ; --                        ;
; LessThan14~11 ; Unassigned ; 33      ; Sync. clear ; no     ; --                   ; --               ; --                        ;
; LessThan15~11 ; Unassigned ; 33      ; Sync. clear ; no     ; --                   ; --               ; --                        ;
; LessThan16~10 ; Unassigned ; 33      ; Sync. clear ; no     ; --                   ; --               ; --                        ;
; LessThan17~10 ; Unassigned ; 33      ; Sync. clear ; no     ; --                   ; --               ; --                        ;
; LessThan18~11 ; Unassigned ; 32      ; Sync. clear ; no     ; --                   ; --               ; --                        ;
; LessThan19~10 ; Unassigned ; 33      ; Sync. clear ; no     ; --                   ; --               ; --                        ;
; LessThan1~11  ; Unassigned ; 32      ; Sync. clear ; no     ; --                   ; --               ; --                        ;
; LessThan20~8  ; Unassigned ; 33      ; Sync. clear ; no     ; --                   ; --               ; --                        ;
; LessThan21~11 ; Unassigned ; 33      ; Sync. clear ; no     ; --                   ; --               ; --                        ;
; LessThan22~10 ; Unassigned ; 33      ; Sync. clear ; no     ; --                   ; --               ; --                        ;
; LessThan23~10 ; Unassigned ; 33      ; Sync. clear ; no     ; --                   ; --               ; --                        ;
; LessThan24~11 ; Unassigned ; 33      ; Sync. clear ; no     ; --                   ; --               ; --                        ;
; LessThan25~9  ; Unassigned ; 33      ; Sync. clear ; no     ; --                   ; --               ; --                        ;
; LessThan26~7  ; Unassigned ; 33      ; Sync. clear ; no     ; --                   ; --               ; --                        ;
; LessThan27~11 ; Unassigned ; 33      ; Sync. clear ; no     ; --                   ; --               ; --                        ;
; LessThan28~12 ; Unassigned ; 33      ; Sync. clear ; no     ; --                   ; --               ; --                        ;
; LessThan29~10 ; Unassigned ; 33      ; Sync. clear ; no     ; --                   ; --               ; --                        ;
; LessThan2~10  ; Unassigned ; 33      ; Sync. clear ; no     ; --                   ; --               ; --                        ;
; LessThan30~10 ; Unassigned ; 33      ; Sync. clear ; no     ; --                   ; --               ; --                        ;
; LessThan31~10 ; Unassigned ; 33      ; Sync. clear ; no     ; --                   ; --               ; --                        ;
; LessThan32~12 ; Unassigned ; 33      ; Sync. clear ; no     ; --                   ; --               ; --                        ;
; LessThan33~10 ; Unassigned ; 33      ; Sync. clear ; no     ; --                   ; --               ; --                        ;
; LessThan34~10 ; Unassigned ; 33      ; Sync. clear ; no     ; --                   ; --               ; --                        ;
; LessThan35~9  ; Unassigned ; 33      ; Sync. clear ; no     ; --                   ; --               ; --                        ;
; LessThan36~9  ; Unassigned ; 33      ; Sync. clear ; no     ; --                   ; --               ; --                        ;
; LessThan37~9  ; Unassigned ; 33      ; Sync. clear ; no     ; --                   ; --               ; --                        ;
; LessThan38~11 ; Unassigned ; 33      ; Sync. clear ; no     ; --                   ; --               ; --                        ;
; LessThan39~9  ; Unassigned ; 33      ; Sync. clear ; no     ; --                   ; --               ; --                        ;
; LessThan3~10  ; Unassigned ; 33      ; Sync. clear ; no     ; --                   ; --               ; --                        ;
; LessThan40~10 ; Unassigned ; 33      ; Sync. clear ; no     ; --                   ; --               ; --                        ;
; LessThan41~9  ; Unassigned ; 32      ; Sync. clear ; no     ; --                   ; --               ; --                        ;
; LessThan42~8  ; Unassigned ; 33      ; Sync. clear ; no     ; --                   ; --               ; --                        ;
; LessThan43~10 ; Unassigned ; 33      ; Sync. clear ; no     ; --                   ; --               ; --                        ;
; LessThan44~12 ; Unassigned ; 33      ; Sync. clear ; no     ; --                   ; --               ; --                        ;
; LessThan45~11 ; Unassigned ; 33      ; Sync. clear ; no     ; --                   ; --               ; --                        ;
; LessThan46~10 ; Unassigned ; 33      ; Sync. clear ; no     ; --                   ; --               ; --                        ;
; LessThan47~11 ; Unassigned ; 33      ; Sync. clear ; no     ; --                   ; --               ; --                        ;
; LessThan48~11 ; Unassigned ; 33      ; Sync. clear ; no     ; --                   ; --               ; --                        ;
; LessThan4~10  ; Unassigned ; 33      ; Sync. clear ; no     ; --                   ; --               ; --                        ;
; LessThan5~12  ; Unassigned ; 33      ; Sync. clear ; no     ; --                   ; --               ; --                        ;
; LessThan6~11  ; Unassigned ; 33      ; Sync. clear ; no     ; --                   ; --               ; --                        ;
; LessThan7~11  ; Unassigned ; 33      ; Sync. clear ; no     ; --                   ; --               ; --                        ;
; LessThan8~11  ; Unassigned ; 33      ; Sync. clear ; no     ; --                   ; --               ; --                        ;
; LessThan9~8   ; Unassigned ; 33      ; Sync. clear ; no     ; --                   ; --               ; --                        ;
; clk           ; Unassigned ; 1666    ; Clock       ; yes    ; Global Clock         ; Not Available    ; --                        ;
+---------------+------------+---------+-------------+--------+----------------------+------------------+---------------------------+


+------------------------------------------------------------------------------------------------------------------------------------------+
; Global & Other Fast Signals                                                                                                              ;
+------+------------+---------+--------------------------------------+----------------------+------------------+---------------------------+
; Name ; Location   ; Fan-Out ; Fan-Out Using Intentional Clock Skew ; Global Resource Used ; Global Line Name ; Enable Signal Source Name ;
+------+------------+---------+--------------------------------------+----------------------+------------------+---------------------------+
; clk  ; Unassigned ; 1666    ; 0                                    ; Global Clock         ; Not Available    ; --                        ;
+------+------------+---------+--------------------------------------+----------------------+------------------+---------------------------+


+------------------------------------------+
; I/O Rules Summary                        ;
+----------------------------------+-------+
; I/O Rules Statistic              ; Total ;
+----------------------------------+-------+
; Total I/O Rules                  ; 30    ;
; Number of I/O Rules Passed       ; 6     ;
; Number of I/O Rules Failed       ; 0     ;
; Number of I/O Rules Unchecked    ; 7     ;
; Number of I/O Rules Inapplicable ; 17    ;
+----------------------------------+-------+


+-----------------------------------------------------------------------------------------------------------------------------------------------------------------------------------------------------------------------------------------------------------------------------------------------------+
; I/O Rules Details                                                                                                                                                                                                                                                                                   ;
+--------------+-----------+-----------------------------------+------------------------------------------------------------------------------------------------------+----------+--------------------------------------------------------------------------+---------------------+-------------------+
; Status       ; ID        ; Category                          ; Rule Description                                                                                     ; Severity ; Information                                                              ; Area                ; Extra Information ;
+--------------+-----------+-----------------------------------+------------------------------------------------------------------------------------------------------+----------+--------------------------------------------------------------------------+---------------------+-------------------+
; Pass         ; IO_000001 ; Capacity Checks                   ; Number of pins in an I/O bank should not exceed the number of locations available.                   ; Critical ; 0 such failures found.                                                   ; I/O                 ;                   ;
; Unchecked    ; IO_000002 ; Capacity Checks                   ; Number of clocks in an I/O bank should not exceed the number of clocks available.                    ; Critical ; 0 such failures found.                                                   ; I/O                 ;                   ;
; Pass         ; IO_000003 ; Capacity Checks                   ; Number of pins in a Vrefgroup should not exceed the number of locations available.                   ; Critical ; 0 such failures found.                                                   ; I/O                 ;                   ;
; Inapplicable ; IO_000004 ; Voltage Compatibility Checks      ; The I/O bank should support the requested VCCIO.                                                     ; Critical ; No IOBANK_VCCIO assignments found.                                       ; I/O                 ;                   ;
; Inapplicable ; IO_000005 ; Voltage Compatibility Checks      ; The I/O bank should not have competing VREF values.                                                  ; Critical ; No VREF I/O Standard assignments found.                                  ; I/O                 ;                   ;
; Unchecked    ; IO_000006 ; Voltage Compatibility Checks      ; The I/O bank should not have competing VCCIO values.                                                 ; Critical ; 0 such failures found.                                                   ; I/O                 ;                   ;
; Pass         ; IO_000007 ; Valid Location Checks             ; Checks for unavailable locations.                                                                    ; Critical ; 0 such failures found.                                                   ; I/O                 ;                   ;
; Inapplicable ; IO_000008 ; Valid Location Checks             ; Checks for reserved locations.                                                                       ; Critical ; No reserved LogicLock region found.                                      ; I/O                 ;                   ;
; Unchecked    ; IO_000009 ; I/O Properties Checks for One I/O ; The location should support the requested I/O standard.                                              ; Critical ; 0 such failures found.                                                   ; I/O                 ;                   ;
; Unchecked    ; IO_000010 ; I/O Properties Checks for One I/O ; The location should support the requested I/O direction.                                             ; Critical ; 0 such failures found.                                                   ; I/O                 ;                   ;
; Inapplicable ; IO_000011 ; I/O Properties Checks for One I/O ; The location should support the requested Current Strength.                                          ; Critical ; No Current Strength assignments found.                                   ; I/O                 ;                   ;
; Unchecked    ; IO_000012 ; I/O Properties Checks for One I/O ; The location should support the requested On Chip Termination value.                                 ; Critical ; 0 such failures found.                                                   ; I/O                 ;                   ;
; Inapplicable ; IO_000013 ; I/O Properties Checks for One I/O ; The location should support the requested Bus Hold value.                                            ; Critical ; No Enable Bus-Hold Circuitry assignments found.                          ; I/O                 ;                   ;
; Inapplicable ; IO_000014 ; I/O Properties Checks for One I/O ; The location should support the requested Weak Pull Up value.                                        ; Critical ; No Weak Pull-Up Resistor assignments found.                              ; I/O                 ;                   ;
; Pass         ; IO_000015 ; I/O Properties Checks for One I/O ; The location should support the requested PCI Clamp Diode.                                           ; Critical ; 0 such failures found.                                                   ; I/O                 ;                   ;
; Inapplicable ; IO_000018 ; I/O Properties Checks for One I/O ; The I/O standard should support the requested Current Strength.                                      ; Critical ; No Current Strength assignments found.                                   ; I/O                 ;                   ;
; Unchecked    ; IO_000019 ; I/O Properties Checks for One I/O ; The I/O standard should support the requested On Chip Termination value.                             ; Critical ; 0 such failures found.                                                   ; I/O                 ;                   ;
; Pass         ; IO_000020 ; I/O Properties Checks for One I/O ; The I/O standard should support the requested PCI Clamp Diode.                                       ; Critical ; 0 such failures found.                                                   ; I/O                 ;                   ;
; Inapplicable ; IO_000021 ; I/O Properties Checks for One I/O ; The I/O standard should support the requested Weak Pull Up value.                                    ; Critical ; No Weak Pull-Up Resistor assignments found.                              ; I/O                 ;                   ;
; Inapplicable ; IO_000022 ; I/O Properties Checks for One I/O ; The I/O standard should support the requested Bus Hold value.                                        ; Critical ; No Enable Bus-Hold Circuitry assignments found.                          ; I/O                 ;                   ;
; Inapplicable ; IO_000023 ; I/O Properties Checks for One I/O ; The I/O standard should support the Open Drain value.                                                ; Critical ; No open drain assignments found.                                         ; I/O                 ;                   ;
; Pass         ; IO_000024 ; I/O Properties Checks for One I/O ; The I/O direction should support the On Chip Termination value.                                      ; Critical ; 0 such failures found.                                                   ; I/O                 ;                   ;
; Inapplicable ; IO_000026 ; I/O Properties Checks for One I/O ; On Chip Termination and Current Strength should not be used at the same time.                        ; Critical ; No Current Strength assignments found.                                   ; I/O                 ;                   ;
; Inapplicable ; IO_000027 ; I/O Properties Checks for One I/O ; Weak Pull Up and Bus Hold should not be used at the same time.                                       ; Critical ; No Enable Bus-Hold Circuitry or Weak Pull-Up Resistor assignments found. ; I/O                 ;                   ;
; Inapplicable ; IO_000045 ; I/O Properties Checks for One I/O ; The I/O standard should support the requested Slew Rate value.                                       ; Critical ; No Slew Rate assignments found.                                          ; I/O                 ;                   ;
; Inapplicable ; IO_000046 ; I/O Properties Checks for One I/O ; The location should support the requested Slew Rate value.                                           ; Critical ; No Slew Rate assignments found.                                          ; I/O                 ;                   ;
; Inapplicable ; IO_000047 ; I/O Properties Checks for One I/O ; On Chip Termination and Slew Rate should not be used at the same time.                               ; Critical ; No Slew Rate assignments found.                                          ; I/O                 ;                   ;
; Unchecked    ; IO_000033 ; Electromigration Checks           ; Current density for consecutive I/Os should not exceed 240mA for row I/Os and 240mA for column I/Os. ; Critical ; 0 such failures found.                                                   ; I/O                 ;                   ;
; Inapplicable ; IO_000034 ; SI Related Distance Checks        ; Single-ended outputs should be 5 LAB row(s) away from a differential I/O.                            ; High     ; No Differential I/O Standard assignments found.                          ; I/O                 ;                   ;
; Inapplicable ; IO_000042 ; SI Related SSO Limit Checks       ; No more than 20 outputs are allowed in a VREF group when VREF is being read from.                    ; High     ; No VREF I/O Standard assignments found.                                  ; I/O                 ;                   ;
; ----         ; ----      ; Disclaimer                        ; OCT rules are checked but not reported.                                                              ; None     ; ----                                                                     ; On Chip Termination ;                   ;
+--------------+-----------+-----------------------------------+------------------------------------------------------------------------------------------------------+----------+--------------------------------------------------------------------------+---------------------+-------------------+


+------------------------------------------------------------------------------------------------------------------------------------------------------------------------------------------------------------------------------------------------------------------------------------------------------------------------------------------------------------------------------------------------------------------------------------------------------------------------------+
; I/O Rules Matrix                                                                                                                                                                                                                                                                                                                                                                                                                                                             ;
+------------------------+--------------+--------------+--------------+--------------+--------------+-----------+--------------+--------------+-----------+-----------+--------------+--------------+--------------+--------------+--------------+--------------+--------------+--------------+--------------+--------------+--------------+--------------+--------------+--------------+--------------+--------------+--------------+-----------+--------------+--------------+
; Pin/Rules              ; IO_000001    ; IO_000002    ; IO_000003    ; IO_000004    ; IO_000005    ; IO_000006 ; IO_000007    ; IO_000008    ; IO_000009 ; IO_000010 ; IO_000011    ; IO_000012    ; IO_000013    ; IO_000014    ; IO_000015    ; IO_000018    ; IO_000019    ; IO_000020    ; IO_000021    ; IO_000022    ; IO_000023    ; IO_000024    ; IO_000026    ; IO_000027    ; IO_000045    ; IO_000046    ; IO_000047    ; IO_000033 ; IO_000034    ; IO_000042    ;
+------------------------+--------------+--------------+--------------+--------------+--------------+-----------+--------------+--------------+-----------+-----------+--------------+--------------+--------------+--------------+--------------+--------------+--------------+--------------+--------------+--------------+--------------+--------------+--------------+--------------+--------------+--------------+--------------+-----------+--------------+--------------+
; Total Pass             ; 39           ; 38           ; 39           ; 0            ; 0            ; 39        ; 39           ; 0            ; 39        ; 39        ; 0            ; 0            ; 0            ; 0            ; 1            ; 0            ; 0            ; 1            ; 0            ; 0            ; 0            ; 11           ; 0            ; 0            ; 0            ; 0            ; 0            ; 39        ; 0            ; 0            ;
; Total Unchecked        ; 0            ; 11           ; 0            ; 0            ; 0            ; 11        ; 0            ; 0            ; 11        ; 11        ; 0            ; 11           ; 0            ; 0            ; 0            ; 0            ; 11           ; 0            ; 0            ; 0            ; 0            ; 0            ; 0            ; 0            ; 0            ; 0            ; 0            ; 11        ; 0            ; 0            ;
; Total Inapplicable     ; 11           ; 1            ; 11           ; 50           ; 50           ; 0         ; 11           ; 50           ; 0         ; 0         ; 50           ; 39           ; 50           ; 50           ; 49           ; 50           ; 39           ; 49           ; 50           ; 50           ; 50           ; 39           ; 50           ; 50           ; 50           ; 50           ; 50           ; 0         ; 50           ; 50           ;
; Total Fail             ; 0            ; 0            ; 0            ; 0            ; 0            ; 0         ; 0            ; 0            ; 0         ; 0         ; 0            ; 0            ; 0            ; 0            ; 0            ; 0            ; 0            ; 0            ; 0            ; 0            ; 0            ; 0            ; 0            ; 0            ; 0            ; 0            ; 0            ; 0         ; 0            ; 0            ;
; U12_INV_EOC            ; Pass         ; Pass         ; Pass         ; Inapplicable ; Inapplicable ; Pass      ; Pass         ; Inapplicable ; Pass      ; Pass      ; Inapplicable ; Inapplicable ; Inapplicable ; Inapplicable ; Inapplicable ; Inapplicable ; Inapplicable ; Inapplicable ; Inapplicable ; Inapplicable ; Inapplicable ; Inapplicable ; Inapplicable ; Inapplicable ; Inapplicable ; Inapplicable ; Inapplicable ; Pass      ; Inapplicable ; Inapplicable ;
; U12_INV_RD             ; Pass         ; Pass         ; Pass         ; Inapplicable ; Inapplicable ; Pass      ; Pass         ; Inapplicable ; Pass      ; Pass      ; Inapplicable ; Inapplicable ; Inapplicable ; Inapplicable ; Inapplicable ; Inapplicable ; Inapplicable ; Inapplicable ; Inapplicable ; Inapplicable ; Inapplicable ; Inapplicable ; Inapplicable ; Inapplicable ; Inapplicable ; Inapplicable ; Inapplicable ; Pass      ; Inapplicable ; Inapplicable ;
; U12_INV_CS             ; Inapplicable ; Unchecked    ; Inapplicable ; Inapplicable ; Inapplicable ; Unchecked ; Inapplicable ; Inapplicable ; Unchecked ; Unchecked ; Inapplicable ; Unchecked    ; Inapplicable ; Inapplicable ; Inapplicable ; Inapplicable ; Unchecked    ; Inapplicable ; Inapplicable ; Inapplicable ; Inapplicable ; Pass         ; Inapplicable ; Inapplicable ; Inapplicable ; Inapplicable ; Inapplicable ; Unchecked ; Inapplicable ; Inapplicable ;
; U12_INV_CONVST         ; Pass         ; Pass         ; Pass         ; Inapplicable ; Inapplicable ; Pass      ; Pass         ; Inapplicable ; Pass      ; Pass      ; Inapplicable ; Inapplicable ; Inapplicable ; Inapplicable ; Inapplicable ; Inapplicable ; Inapplicable ; Inapplicable ; Inapplicable ; Inapplicable ; Inapplicable ; Inapplicable ; Inapplicable ; Inapplicable ; Inapplicable ; Inapplicable ; Inapplicable ; Pass      ; Inapplicable ; Inapplicable ;
; U12_DB0                ; Pass         ; Pass         ; Pass         ; Inapplicable ; Inapplicable ; Pass      ; Pass         ; Inapplicable ; Pass      ; Pass      ; Inapplicable ; Inapplicable ; Inapplicable ; Inapplicable ; Inapplicable ; Inapplicable ; Inapplicable ; Inapplicable ; Inapplicable ; Inapplicable ; Inapplicable ; Inapplicable ; Inapplicable ; Inapplicable ; Inapplicable ; Inapplicable ; Inapplicable ; Pass      ; Inapplicable ; Inapplicable ;
; U12_DB1                ; Pass         ; Pass         ; Pass         ; Inapplicable ; Inapplicable ; Pass      ; Pass         ; Inapplicable ; Pass      ; Pass      ; Inapplicable ; Inapplicable ; Inapplicable ; Inapplicable ; Inapplicable ; Inapplicable ; Inapplicable ; Inapplicable ; Inapplicable ; Inapplicable ; Inapplicable ; Inapplicable ; Inapplicable ; Inapplicable ; Inapplicable ; Inapplicable ; Inapplicable ; Pass      ; Inapplicable ; Inapplicable ;
; U12_DB2                ; Pass         ; Pass         ; Pass         ; Inapplicable ; Inapplicable ; Pass      ; Pass         ; Inapplicable ; Pass      ; Pass      ; Inapplicable ; Inapplicable ; Inapplicable ; Inapplicable ; Inapplicable ; Inapplicable ; Inapplicable ; Inapplicable ; Inapplicable ; Inapplicable ; Inapplicable ; Inapplicable ; Inapplicable ; Inapplicable ; Inapplicable ; Inapplicable ; Inapplicable ; Pass      ; Inapplicable ; Inapplicable ;
; U12_DB3                ; Pass         ; Pass         ; Pass         ; Inapplicable ; Inapplicable ; Pass      ; Pass         ; Inapplicable ; Pass      ; Pass      ; Inapplicable ; Inapplicable ; Inapplicable ; Inapplicable ; Inapplicable ; Inapplicable ; Inapplicable ; Inapplicable ; Inapplicable ; Inapplicable ; Inapplicable ; Inapplicable ; Inapplicable ; Inapplicable ; Inapplicable ; Inapplicable ; Inapplicable ; Pass      ; Inapplicable ; Inapplicable ;
; U12_DB4                ; Pass         ; Pass         ; Pass         ; Inapplicable ; Inapplicable ; Pass      ; Pass         ; Inapplicable ; Pass      ; Pass      ; Inapplicable ; Inapplicable ; Inapplicable ; Inapplicable ; Inapplicable ; Inapplicable ; Inapplicable ; Inapplicable ; Inapplicable ; Inapplicable ; Inapplicable ; Inapplicable ; Inapplicable ; Inapplicable ; Inapplicable ; Inapplicable ; Inapplicable ; Pass      ; Inapplicable ; Inapplicable ;
; U12_DB5                ; Pass         ; Pass         ; Pass         ; Inapplicable ; Inapplicable ; Pass      ; Pass         ; Inapplicable ; Pass      ; Pass      ; Inapplicable ; Inapplicable ; Inapplicable ; Inapplicable ; Inapplicable ; Inapplicable ; Inapplicable ; Inapplicable ; Inapplicable ; Inapplicable ; Inapplicable ; Inapplicable ; Inapplicable ; Inapplicable ; Inapplicable ; Inapplicable ; Inapplicable ; Pass      ; Inapplicable ; Inapplicable ;
; U12_DB6                ; Pass         ; Pass         ; Pass         ; Inapplicable ; Inapplicable ; Pass      ; Pass         ; Inapplicable ; Pass      ; Pass      ; Inapplicable ; Inapplicable ; Inapplicable ; Inapplicable ; Inapplicable ; Inapplicable ; Inapplicable ; Inapplicable ; Inapplicable ; Inapplicable ; Inapplicable ; Inapplicable ; Inapplicable ; Inapplicable ; Inapplicable ; Inapplicable ; Inapplicable ; Pass      ; Inapplicable ; Inapplicable ;
; U12_DB7                ; Pass         ; Pass         ; Pass         ; Inapplicable ; Inapplicable ; Pass      ; Pass         ; Inapplicable ; Pass      ; Pass      ; Inapplicable ; Inapplicable ; Inapplicable ; Inapplicable ; Inapplicable ; Inapplicable ; Inapplicable ; Inapplicable ; Inapplicable ; Inapplicable ; Inapplicable ; Inapplicable ; Inapplicable ; Inapplicable ; Inapplicable ; Inapplicable ; Inapplicable ; Pass      ; Inapplicable ; Inapplicable ;
; U5_INV_EOC             ; Pass         ; Pass         ; Pass         ; Inapplicable ; Inapplicable ; Pass      ; Pass         ; Inapplicable ; Pass      ; Pass      ; Inapplicable ; Inapplicable ; Inapplicable ; Inapplicable ; Inapplicable ; Inapplicable ; Inapplicable ; Inapplicable ; Inapplicable ; Inapplicable ; Inapplicable ; Inapplicable ; Inapplicable ; Inapplicable ; Inapplicable ; Inapplicable ; Inapplicable ; Pass      ; Inapplicable ; Inapplicable ;
; U5_INV_RD              ; Pass         ; Pass         ; Pass         ; Inapplicable ; Inapplicable ; Pass      ; Pass         ; Inapplicable ; Pass      ; Pass      ; Inapplicable ; Inapplicable ; Inapplicable ; Inapplicable ; Inapplicable ; Inapplicable ; Inapplicable ; Inapplicable ; Inapplicable ; Inapplicable ; Inapplicable ; Inapplicable ; Inapplicable ; Inapplicable ; Inapplicable ; Inapplicable ; Inapplicable ; Pass      ; Inapplicable ; Inapplicable ;
; U5_INV_CS              ; Inapplicable ; Unchecked    ; Inapplicable ; Inapplicable ; Inapplicable ; Unchecked ; Inapplicable ; Inapplicable ; Unchecked ; Unchecked ; Inapplicable ; Unchecked    ; Inapplicable ; Inapplicable ; Inapplicable ; Inapplicable ; Unchecked    ; Inapplicable ; Inapplicable ; Inapplicable ; Inapplicable ; Pass         ; Inapplicable ; Inapplicable ; Inapplicable ; Inapplicable ; Inapplicable ; Unchecked ; Inapplicable ; Inapplicable ;
; U5_INV_CONVST          ; Pass         ; Pass         ; Pass         ; Inapplicable ; Inapplicable ; Pass      ; Pass         ; Inapplicable ; Pass      ; Pass      ; Inapplicable ; Inapplicable ; Inapplicable ; Inapplicable ; Inapplicable ; Inapplicable ; Inapplicable ; Inapplicable ; Inapplicable ; Inapplicable ; Inapplicable ; Inapplicable ; Inapplicable ; Inapplicable ; Inapplicable ; Inapplicable ; Inapplicable ; Pass      ; Inapplicable ; Inapplicable ;
; U5_DB0                 ; Pass         ; Pass         ; Pass         ; Inapplicable ; Inapplicable ; Pass      ; Pass         ; Inapplicable ; Pass      ; Pass      ; Inapplicable ; Inapplicable ; Inapplicable ; Inapplicable ; Inapplicable ; Inapplicable ; Inapplicable ; Inapplicable ; Inapplicable ; Inapplicable ; Inapplicable ; Inapplicable ; Inapplicable ; Inapplicable ; Inapplicable ; Inapplicable ; Inapplicable ; Pass      ; Inapplicable ; Inapplicable ;
; U5_DB1                 ; Pass         ; Pass         ; Pass         ; Inapplicable ; Inapplicable ; Pass      ; Pass         ; Inapplicable ; Pass      ; Pass      ; Inapplicable ; Inapplicable ; Inapplicable ; Inapplicable ; Inapplicable ; Inapplicable ; Inapplicable ; Inapplicable ; Inapplicable ; Inapplicable ; Inapplicable ; Inapplicable ; Inapplicable ; Inapplicable ; Inapplicable ; Inapplicable ; Inapplicable ; Pass      ; Inapplicable ; Inapplicable ;
; U5_DB2                 ; Pass         ; Pass         ; Pass         ; Inapplicable ; Inapplicable ; Pass      ; Pass         ; Inapplicable ; Pass      ; Pass      ; Inapplicable ; Inapplicable ; Inapplicable ; Inapplicable ; Inapplicable ; Inapplicable ; Inapplicable ; Inapplicable ; Inapplicable ; Inapplicable ; Inapplicable ; Inapplicable ; Inapplicable ; Inapplicable ; Inapplicable ; Inapplicable ; Inapplicable ; Pass      ; Inapplicable ; Inapplicable ;
; U5_DB3                 ; Pass         ; Pass         ; Pass         ; Inapplicable ; Inapplicable ; Pass      ; Pass         ; Inapplicable ; Pass      ; Pass      ; Inapplicable ; Inapplicable ; Inapplicable ; Inapplicable ; Inapplicable ; Inapplicable ; Inapplicable ; Inapplicable ; Inapplicable ; Inapplicable ; Inapplicable ; Inapplicable ; Inapplicable ; Inapplicable ; Inapplicable ; Inapplicable ; Inapplicable ; Pass      ; Inapplicable ; Inapplicable ;
; U5_DB4                 ; Pass         ; Pass         ; Pass         ; Inapplicable ; Inapplicable ; Pass      ; Pass         ; Inapplicable ; Pass      ; Pass      ; Inapplicable ; Inapplicable ; Inapplicable ; Inapplicable ; Inapplicable ; Inapplicable ; Inapplicable ; Inapplicable ; Inapplicable ; Inapplicable ; Inapplicable ; Inapplicable ; Inapplicable ; Inapplicable ; Inapplicable ; Inapplicable ; Inapplicable ; Pass      ; Inapplicable ; Inapplicable ;
; U5_DB5                 ; Pass         ; Pass         ; Pass         ; Inapplicable ; Inapplicable ; Pass      ; Pass         ; Inapplicable ; Pass      ; Pass      ; Inapplicable ; Inapplicable ; Inapplicable ; Inapplicable ; Inapplicable ; Inapplicable ; Inapplicable ; Inapplicable ; Inapplicable ; Inapplicable ; Inapplicable ; Inapplicable ; Inapplicable ; Inapplicable ; Inapplicable ; Inapplicable ; Inapplicable ; Pass      ; Inapplicable ; Inapplicable ;
; U5_DB6                 ; Pass         ; Pass         ; Pass         ; Inapplicable ; Inapplicable ; Pass      ; Pass         ; Inapplicable ; Pass      ; Pass      ; Inapplicable ; Inapplicable ; Inapplicable ; Inapplicable ; Inapplicable ; Inapplicable ; Inapplicable ; Inapplicable ; Inapplicable ; Inapplicable ; Inapplicable ; Inapplicable ; Inapplicable ; Inapplicable ; Inapplicable ; Inapplicable ; Inapplicable ; Pass      ; Inapplicable ; Inapplicable ;
; U5_DB7                 ; Pass         ; Pass         ; Pass         ; Inapplicable ; Inapplicable ; Pass      ; Pass         ; Inapplicable ; Pass      ; Pass      ; Inapplicable ; Inapplicable ; Inapplicable ; Inapplicable ; Inapplicable ; Inapplicable ; Inapplicable ; Inapplicable ; Inapplicable ; Inapplicable ; Inapplicable ; Inapplicable ; Inapplicable ; Inapplicable ; Inapplicable ; Inapplicable ; Inapplicable ; Pass      ; Inapplicable ; Inapplicable ;
; U20_INV_EOC            ; Pass         ; Pass         ; Pass         ; Inapplicable ; Inapplicable ; Pass      ; Pass         ; Inapplicable ; Pass      ; Pass      ; Inapplicable ; Inapplicable ; Inapplicable ; Inapplicable ; Inapplicable ; Inapplicable ; Inapplicable ; Inapplicable ; Inapplicable ; Inapplicable ; Inapplicable ; Inapplicable ; Inapplicable ; Inapplicable ; Inapplicable ; Inapplicable ; Inapplicable ; Pass      ; Inapplicable ; Inapplicable ;
; U20_INV_RD             ; Pass         ; Pass         ; Pass         ; Inapplicable ; Inapplicable ; Pass      ; Pass         ; Inapplicable ; Pass      ; Pass      ; Inapplicable ; Inapplicable ; Inapplicable ; Inapplicable ; Inapplicable ; Inapplicable ; Inapplicable ; Inapplicable ; Inapplicable ; Inapplicable ; Inapplicable ; Inapplicable ; Inapplicable ; Inapplicable ; Inapplicable ; Inapplicable ; Inapplicable ; Pass      ; Inapplicable ; Inapplicable ;
; U20_INV_CS             ; Inapplicable ; Unchecked    ; Inapplicable ; Inapplicable ; Inapplicable ; Unchecked ; Inapplicable ; Inapplicable ; Unchecked ; Unchecked ; Inapplicable ; Unchecked    ; Inapplicable ; Inapplicable ; Inapplicable ; Inapplicable ; Unchecked    ; Inapplicable ; Inapplicable ; Inapplicable ; Inapplicable ; Pass         ; Inapplicable ; Inapplicable ; Inapplicable ; Inapplicable ; Inapplicable ; Unchecked ; Inapplicable ; Inapplicable ;
; U20_INV_CONVST         ; Pass         ; Pass         ; Pass         ; Inapplicable ; Inapplicable ; Pass      ; Pass         ; Inapplicable ; Pass      ; Pass      ; Inapplicable ; Inapplicable ; Inapplicable ; Inapplicable ; Inapplicable ; Inapplicable ; Inapplicable ; Inapplicable ; Inapplicable ; Inapplicable ; Inapplicable ; Inapplicable ; Inapplicable ; Inapplicable ; Inapplicable ; Inapplicable ; Inapplicable ; Pass      ; Inapplicable ; Inapplicable ;
; INV_PD                 ; Inapplicable ; Unchecked    ; Inapplicable ; Inapplicable ; Inapplicable ; Unchecked ; Inapplicable ; Inapplicable ; Unchecked ; Unchecked ; Inapplicable ; Unchecked    ; Inapplicable ; Inapplicable ; Inapplicable ; Inapplicable ; Unchecked    ; Inapplicable ; Inapplicable ; Inapplicable ; Inapplicable ; Pass         ; Inapplicable ; Inapplicable ; Inapplicable ; Inapplicable ; Inapplicable ; Unchecked ; Inapplicable ; Inapplicable ;
; U20_DB0                ; Pass         ; Pass         ; Pass         ; Inapplicable ; Inapplicable ; Pass      ; Pass         ; Inapplicable ; Pass      ; Pass      ; Inapplicable ; Inapplicable ; Inapplicable ; Inapplicable ; Inapplicable ; Inapplicable ; Inapplicable ; Inapplicable ; Inapplicable ; Inapplicable ; Inapplicable ; Inapplicable ; Inapplicable ; Inapplicable ; Inapplicable ; Inapplicable ; Inapplicable ; Pass      ; Inapplicable ; Inapplicable ;
; U20_DB1                ; Pass         ; Pass         ; Pass         ; Inapplicable ; Inapplicable ; Pass      ; Pass         ; Inapplicable ; Pass      ; Pass      ; Inapplicable ; Inapplicable ; Inapplicable ; Inapplicable ; Inapplicable ; Inapplicable ; Inapplicable ; Inapplicable ; Inapplicable ; Inapplicable ; Inapplicable ; Inapplicable ; Inapplicable ; Inapplicable ; Inapplicable ; Inapplicable ; Inapplicable ; Pass      ; Inapplicable ; Inapplicable ;
; U20_DB2                ; Pass         ; Pass         ; Pass         ; Inapplicable ; Inapplicable ; Pass      ; Pass         ; Inapplicable ; Pass      ; Pass      ; Inapplicable ; Inapplicable ; Inapplicable ; Inapplicable ; Inapplicable ; Inapplicable ; Inapplicable ; Inapplicable ; Inapplicable ; Inapplicable ; Inapplicable ; Inapplicable ; Inapplicable ; Inapplicable ; Inapplicable ; Inapplicable ; Inapplicable ; Pass      ; Inapplicable ; Inapplicable ;
; U20_DB3                ; Pass         ; Pass         ; Pass         ; Inapplicable ; Inapplicable ; Pass      ; Pass         ; Inapplicable ; Pass      ; Pass      ; Inapplicable ; Inapplicable ; Inapplicable ; Inapplicable ; Inapplicable ; Inapplicable ; Inapplicable ; Inapplicable ; Inapplicable ; Inapplicable ; Inapplicable ; Inapplicable ; Inapplicable ; Inapplicable ; Inapplicable ; Inapplicable ; Inapplicable ; Pass      ; Inapplicable ; Inapplicable ;
; U20_DB4                ; Pass         ; Pass         ; Pass         ; Inapplicable ; Inapplicable ; Pass      ; Pass         ; Inapplicable ; Pass      ; Pass      ; Inapplicable ; Inapplicable ; Inapplicable ; Inapplicable ; Inapplicable ; Inapplicable ; Inapplicable ; Inapplicable ; Inapplicable ; Inapplicable ; Inapplicable ; Inapplicable ; Inapplicable ; Inapplicable ; Inapplicable ; Inapplicable ; Inapplicable ; Pass      ; Inapplicable ; Inapplicable ;
; U20_DB5                ; Pass         ; Pass         ; Pass         ; Inapplicable ; Inapplicable ; Pass      ; Pass         ; Inapplicable ; Pass      ; Pass      ; Inapplicable ; Inapplicable ; Inapplicable ; Inapplicable ; Inapplicable ; Inapplicable ; Inapplicable ; Inapplicable ; Inapplicable ; Inapplicable ; Inapplicable ; Inapplicable ; Inapplicable ; Inapplicable ; Inapplicable ; Inapplicable ; Inapplicable ; Pass      ; Inapplicable ; Inapplicable ;
; U20_DB6                ; Pass         ; Pass         ; Pass         ; Inapplicable ; Inapplicable ; Pass      ; Pass         ; Inapplicable ; Pass      ; Pass      ; Inapplicable ; Inapplicable ; Inapplicable ; Inapplicable ; Inapplicable ; Inapplicable ; Inapplicable ; Inapplicable ; Inapplicable ; Inapplicable ; Inapplicable ; Inapplicable ; Inapplicable ; Inapplicable ; Inapplicable ; Inapplicable ; Inapplicable ; Pass      ; Inapplicable ; Inapplicable ;
; U20_DB7                ; Pass         ; Pass         ; Pass         ; Inapplicable ; Inapplicable ; Pass      ; Pass         ; Inapplicable ; Pass      ; Pass      ; Inapplicable ; Inapplicable ; Inapplicable ; Inapplicable ; Inapplicable ; Inapplicable ; Inapplicable ; Inapplicable ; Inapplicable ; Inapplicable ; Inapplicable ; Inapplicable ; Inapplicable ; Inapplicable ; Inapplicable ; Inapplicable ; Inapplicable ; Pass      ; Inapplicable ; Inapplicable ;
; OR4                    ; Pass         ; Pass         ; Pass         ; Inapplicable ; Inapplicable ; Pass      ; Pass         ; Inapplicable ; Pass      ; Pass      ; Inapplicable ; Inapplicable ; Inapplicable ; Inapplicable ; Inapplicable ; Inapplicable ; Inapplicable ; Inapplicable ; Inapplicable ; Inapplicable ; Inapplicable ; Inapplicable ; Inapplicable ; Inapplicable ; Inapplicable ; Inapplicable ; Inapplicable ; Pass      ; Inapplicable ; Inapplicable ;
; OR5                    ; Pass         ; Pass         ; Pass         ; Inapplicable ; Inapplicable ; Pass      ; Pass         ; Inapplicable ; Pass      ; Pass      ; Inapplicable ; Inapplicable ; Inapplicable ; Inapplicable ; Inapplicable ; Inapplicable ; Inapplicable ; Inapplicable ; Inapplicable ; Inapplicable ; Inapplicable ; Inapplicable ; Inapplicable ; Inapplicable ; Inapplicable ; Inapplicable ; Inapplicable ; Pass      ; Inapplicable ; Inapplicable ;
; OR6                    ; Pass         ; Pass         ; Pass         ; Inapplicable ; Inapplicable ; Pass      ; Pass         ; Inapplicable ; Pass      ; Pass      ; Inapplicable ; Inapplicable ; Inapplicable ; Inapplicable ; Inapplicable ; Inapplicable ; Inapplicable ; Inapplicable ; Inapplicable ; Inapplicable ; Inapplicable ; Inapplicable ; Inapplicable ; Inapplicable ; Inapplicable ; Inapplicable ; Inapplicable ; Pass      ; Inapplicable ; Inapplicable ;
; OT4                    ; Pass         ; Pass         ; Pass         ; Inapplicable ; Inapplicable ; Pass      ; Pass         ; Inapplicable ; Pass      ; Pass      ; Inapplicable ; Inapplicable ; Inapplicable ; Inapplicable ; Inapplicable ; Inapplicable ; Inapplicable ; Inapplicable ; Inapplicable ; Inapplicable ; Inapplicable ; Inapplicable ; Inapplicable ; Inapplicable ; Inapplicable ; Inapplicable ; Inapplicable ; Pass      ; Inapplicable ; Inapplicable ;
; OT5                    ; Pass         ; Pass         ; Pass         ; Inapplicable ; Inapplicable ; Pass      ; Pass         ; Inapplicable ; Pass      ; Pass      ; Inapplicable ; Inapplicable ; Inapplicable ; Inapplicable ; Inapplicable ; Inapplicable ; Inapplicable ; Inapplicable ; Inapplicable ; Inapplicable ; Inapplicable ; Inapplicable ; Inapplicable ; Inapplicable ; Inapplicable ; Inapplicable ; Inapplicable ; Pass      ; Inapplicable ; Inapplicable ;
; ESP_IN_SHIFT           ; Inapplicable ; Unchecked    ; Inapplicable ; Inapplicable ; Inapplicable ; Unchecked ; Inapplicable ; Inapplicable ; Unchecked ; Unchecked ; Inapplicable ; Unchecked    ; Inapplicable ; Inapplicable ; Inapplicable ; Inapplicable ; Unchecked    ; Inapplicable ; Inapplicable ; Inapplicable ; Inapplicable ; Pass         ; Inapplicable ; Inapplicable ; Inapplicable ; Inapplicable ; Inapplicable ; Unchecked ; Inapplicable ; Inapplicable ;
; ESP_IN_VALUE           ; Inapplicable ; Unchecked    ; Inapplicable ; Inapplicable ; Inapplicable ; Unchecked ; Inapplicable ; Inapplicable ; Unchecked ; Unchecked ; Inapplicable ; Unchecked    ; Inapplicable ; Inapplicable ; Inapplicable ; Inapplicable ; Unchecked    ; Inapplicable ; Inapplicable ; Inapplicable ; Inapplicable ; Pass         ; Inapplicable ; Inapplicable ; Inapplicable ; Inapplicable ; Inapplicable ; Unchecked ; Inapplicable ; Inapplicable ;
; ESP_STATE_TO_OUTPUT    ; Inapplicable ; Unchecked    ; Inapplicable ; Inapplicable ; Inapplicable ; Unchecked ; Inapplicable ; Inapplicable ; Unchecked ; Unchecked ; Inapplicable ; Unchecked    ; Inapplicable ; Inapplicable ; Inapplicable ; Inapplicable ; Unchecked    ; Inapplicable ; Inapplicable ; Inapplicable ; Inapplicable ; Pass         ; Inapplicable ; Inapplicable ; Inapplicable ; Inapplicable ; Inapplicable ; Unchecked ; Inapplicable ; Inapplicable ;
; ESP_OUT_SHIFT          ; Inapplicable ; Unchecked    ; Inapplicable ; Inapplicable ; Inapplicable ; Unchecked ; Inapplicable ; Inapplicable ; Unchecked ; Unchecked ; Inapplicable ; Unchecked    ; Inapplicable ; Inapplicable ; Inapplicable ; Inapplicable ; Unchecked    ; Inapplicable ; Inapplicable ; Inapplicable ; Inapplicable ; Pass         ; Inapplicable ; Inapplicable ; Inapplicable ; Inapplicable ; Inapplicable ; Unchecked ; Inapplicable ; Inapplicable ;
; ESP_OUT_VALUE          ; Inapplicable ; Unchecked    ; Inapplicable ; Inapplicable ; Inapplicable ; Unchecked ; Inapplicable ; Inapplicable ; Unchecked ; Unchecked ; Inapplicable ; Unchecked    ; Inapplicable ; Inapplicable ; Inapplicable ; Inapplicable ; Unchecked    ; Inapplicable ; Inapplicable ; Inapplicable ; Inapplicable ; Pass         ; Inapplicable ; Inapplicable ; Inapplicable ; Inapplicable ; Inapplicable ; Unchecked ; Inapplicable ; Inapplicable ;
; ESP_GO_LIVE            ; Inapplicable ; Unchecked    ; Inapplicable ; Inapplicable ; Inapplicable ; Unchecked ; Inapplicable ; Inapplicable ; Unchecked ; Unchecked ; Inapplicable ; Unchecked    ; Inapplicable ; Inapplicable ; Inapplicable ; Inapplicable ; Unchecked    ; Inapplicable ; Inapplicable ; Inapplicable ; Inapplicable ; Pass         ; Inapplicable ; Inapplicable ; Inapplicable ; Inapplicable ; Inapplicable ; Unchecked ; Inapplicable ; Inapplicable ;
; ESP_EMERGENCY_SHUTDOWN ; Inapplicable ; Unchecked    ; Inapplicable ; Inapplicable ; Inapplicable ; Unchecked ; Inapplicable ; Inapplicable ; Unchecked ; Unchecked ; Inapplicable ; Unchecked    ; Inapplicable ; Inapplicable ; Inapplicable ; Inapplicable ; Unchecked    ; Inapplicable ; Inapplicable ; Inapplicable ; Inapplicable ; Pass         ; Inapplicable ; Inapplicable ; Inapplicable ; Inapplicable ; Inapplicable ; Unchecked ; Inapplicable ; Inapplicable ;
; clk                    ; Pass         ; Inapplicable ; Pass         ; Inapplicable ; Inapplicable ; Pass      ; Pass         ; Inapplicable ; Pass      ; Pass      ; Inapplicable ; Inapplicable ; Inapplicable ; Inapplicable ; Pass         ; Inapplicable ; Inapplicable ; Pass         ; Inapplicable ; Inapplicable ; Inapplicable ; Inapplicable ; Inapplicable ; Inapplicable ; Inapplicable ; Inapplicable ; Inapplicable ; Pass      ; Inapplicable ; Inapplicable ;
+------------------------+--------------+--------------+--------------+--------------+--------------+-----------+--------------+--------------+-----------+-----------+--------------+--------------+--------------+--------------+--------------+--------------+--------------+--------------+--------------+--------------+--------------+--------------+--------------+--------------+--------------+--------------+--------------+-----------+--------------+--------------+


+---------------------------------------------------------------------------------------------+
; Fitter Device Options                                                                       ;
+------------------------------------------------------------------+--------------------------+
; Option                                                           ; Setting                  ;
+------------------------------------------------------------------+--------------------------+
; Enable user-supplied start-up clock (CLKUSR)                     ; Off                      ;
; Enable device-wide reset (DEV_CLRn)                              ; Off                      ;
; Enable device-wide output enable (DEV_OE)                        ; Off                      ;
; Enable INIT_DONE output                                          ; Off                      ;
; Configuration scheme                                             ; Active Serial            ;
; Error detection CRC                                              ; Off                      ;
; Enable open drain on CRC_ERROR pin                               ; Off                      ;
; Enable input tri-state on active configuration pins in user mode ; Off                      ;
; Configuration Voltage Level                                      ; Auto                     ;
; Force Configuration Voltage Level                                ; Off                      ;
; nCEO                                                             ; As output driving ground ;
; Data[0]                                                          ; As input tri-stated      ;
; Data[1]/ASDO                                                     ; As input tri-stated      ;
; Data[7..2]                                                       ; Unreserved               ;
; FLASH_nCE/nCSO                                                   ; As input tri-stated      ;
; Other Active Parallel pins                                       ; Unreserved               ;
; DCLK                                                             ; As output driving ground ;
+------------------------------------------------------------------+--------------------------+


+------------------------------------+
; Operating Settings and Conditions  ;
+---------------------------+--------+
; Setting                   ; Value  ;
+---------------------------+--------+
; Nominal Core Voltage      ; 1.20 V ;
; Low Junction Temperature  ; 0 °C   ;
; High Junction Temperature ; 85 °C  ;
+---------------------------+--------+


+-----------------+
; Fitter Messages ;
+-----------------+
Warning (18236): Number of processors has not been specified which may cause overloading on shared machines.  Set the global assignment NUM_PARALLEL_PROCESSORS in your QSF to an appropriate value for best performance.
Info (20030): Parallel compilation is enabled and will use 8 of the 8 processors detected
Info (119006): Selected device EP4CE10E22C8 for design "hvps_controller"
Info (21077): Low junction temperature is 0 degrees C
Info (21077): High junction temperature is 85 degrees C
Info (171003): Fitter is performing an Auto Fit compilation, which may decrease Fitter effort to reduce compilation time
Warning (292013): Feature LogicLock is only available with a valid subscription license. You can purchase a software subscription to gain full access to this feature.
Info (176444): Device migration not selected. If you intend to use device migration later, you may need to change the pin assignments as they may be incompatible with other devices
    Info (176445): Device EP4CE6E22C8 is compatible
    Info (176445): Device EP4CE15E22C8 is compatible
    Info (176445): Device EP4CE22E22C8 is compatible
Info (169124): Fitter converted 5 user pins into dedicated programming pins
    Info (169125): Pin ~ALTERA_ASDO_DATA1~ is reserved at location 6
    Info (169125): Pin ~ALTERA_FLASH_nCE_nCSO~ is reserved at location 8
    Info (169125): Pin ~ALTERA_DCLK~ is reserved at location 12
    Info (169125): Pin ~ALTERA_DATA0~ is reserved at location 13
    Info (169125): Pin ~ALTERA_nCEO~ is reserved at location 101
Warning (15714): Some pins have incomplete I/O assignments. Refer to the I/O Assignment Warnings report for details
Critical Warning (169085): No exact pin location assignment(s) for 11 pins of 50 total pins. For the list of pins please refer to the I/O Assignment Warnings table in the fitter report.
Info (332104): Reading SDC File: 'hvps_controller.sdc'
Info (332151): Clock uncertainty is not calculated until you update the timing netlist.
Info (332154): The derive_clock_uncertainty command did not apply clock uncertainty to any clock-to-clock transfers.
Info (332129): Detected timing requirements -- optimizing circuit to achieve only the specified requirements
Info (332111): Found 1 clocks
    Info (332111):   Period   Clock Name
    Info (332111): ======== ============
    Info (332111):   20.000          clk
Info (176353): Automatically promoted node clk~input (placed in PIN 91 (CLK4, DIFFCLK_2p)) File: C:/repos/hvps/Code/Verilog/HVPSController2/hvps_controller.v Line: 2
    Info (176355): Automatically promoted destinations to use location or clock signal Global Clock CLKCTRL_G9
Info (176233): Starting register packing
Info (176235): Finished register packing
    Extra Info (176218): Packed 49 registers into blocks of type I/O Output Buffer
    Extra Info (176220): Created 49 register duplicates
Info (176214): Statistics of I/O pins that need to be placed that use the same VCCIO and VREF, before I/O pin placement
    Info (176211): Number of I/O pins in group: 11 (unused VREF, 2.5V VCCIO, 0 input, 11 output, 0 bidirectional)
        Info (176212): I/O standards used: 2.5 V.
Info (176215): I/O bank details before I/O pin placement
    Info (176214): Statistics of I/O banks
        Info (176213): I/O bank number 1 does not use VREF pins and has 3.3V VCCIO pins. 5 total pin(s) used --  6 pins available
        Info (176213): I/O bank number 2 does not use VREF pins and has 3.3V VCCIO pins. 2 total pin(s) used --  6 pins available
        Info (176213): I/O bank number 3 does not use VREF pins and has 3.3V VCCIO pins. 8 total pin(s) used --  3 pins available
        Info (176213): I/O bank number 4 does not use VREF pins and has 3.3V VCCIO pins. 6 total pin(s) used --  8 pins available
        Info (176213): I/O bank number 5 does not use VREF pins and has 3.3V VCCIO pins. 6 total pin(s) used --  7 pins available
        Info (176213): I/O bank number 6 does not use VREF pins and has 3.3V VCCIO pins. 3 total pin(s) used --  7 pins available
        Info (176213): I/O bank number 7 does not use VREF pins and has 3.3V VCCIO pins. 8 total pin(s) used --  5 pins available
        Info (176213): I/O bank number 8 does not use VREF pins and has 3.3V VCCIO pins. 6 total pin(s) used --  6 pins available
Info (176215): I/O bank details after I/O pin placement
    Info (176214): Statistics of I/O banks
        Info (176213): I/O bank number 1 does not use VREF pins and has 3.3V VCCIO pins. 5 total pin(s) used --  6 pins available
        Info (176213): I/O bank number 2 does not use VREF pins and has 3.3V VCCIO pins. 2 total pin(s) used --  6 pins available
        Info (176213): I/O bank number 3 does not use VREF pins and has 3.3V VCCIO pins. 8 total pin(s) used --  3 pins available
        Info (176213): I/O bank number 4 does not use VREF pins and has 3.3V VCCIO pins. 6 total pin(s) used --  8 pins available
        Info (176213): I/O bank number 5 does not use VREF pins and has 3.3V VCCIO pins. 6 total pin(s) used --  7 pins available
        Info (176213): I/O bank number 6 does not use VREF pins and has 3.3V VCCIO pins. 3 total pin(s) used --  7 pins available
        Info (176213): I/O bank number 7 does not use VREF pins and has 3.3V VCCIO pins. 8 total pin(s) used --  5 pins available
        Info (176213): I/O bank number 8 does not use VREF pins and has 3.3V VCCIO pins. 6 total pin(s) used --  6 pins available
Error (176208): Design has 50 pins, but Fitter can't place 11 pins
Error (176210): Can't place pin U12_INV_CS with I/O standard 2.5 V, Termination setting Off, and PCI I/O setting off due to device constraints File: C:/repos/hvps/Code/Verilog/HVPSController2/hvps_controller.v Line: 4
    Error (169026): Pin U12_INV_CS with I/O standard assignment 2.5 V is incompatible with I/O bank 1. I/O standard 2.5 V, has a VCCIO requirement of 2.5V, which incompatible with the I/O bank's VCCIO setting or with other output or bidirectional pins in the I/O bank using a VCCIO requirement of 3.3V. Assign output and bidirectional pins with different VCCIO requirements to different I/O banks, or change the I/O standard assignment for the specified pin to a compatible I/O standard. The Intel FPGA Knowledge Database contains many articles with specific details on how to resolve this error. Visit the Knowledge Database at https://www.altera.com/support/support-resources/knowledge-base/search.html and search for this specific error message number. File: C:/repos/hvps/Code/Verilog/HVPSController2/hvps_controller.v Line: 4
        Info (169308): Design partition "Top" has 1 pin(s) in the I/O bank 1 and the pins(s) use VCCIO 3.3V
            Info (169073): Pin U12_DB3 in I/O bank 1 uses VCCIO 3.3V File: C:/repos/hvps/Code/Verilog/HVPSController2/hvps_controller.v Line: 5
        Info (169309): Pin U12_INV_CS is in design partition "Top" File: C:/repos/hvps/Code/Verilog/HVPSController2/hvps_controller.v Line: 4
        Info (169308): Design partition "hard_block:auto_generated_inst" has 4 pin(s) in the I/O bank 1 and the pins(s) use VCCIO 3.3V
            Info (169073): Pin ~ALTERA_ASDO_DATA1~ in I/O bank 1 uses VCCIO 3.3V
            Info (169073): Pin ~ALTERA_FLASH_nCE_nCSO~ in I/O bank 1 uses VCCIO 3.3V
            Info (169073): Pin ~ALTERA_DCLK~ in I/O bank 1 uses VCCIO 3.3V
            Info (169073): Pin ~ALTERA_DATA0~ in I/O bank 1 uses VCCIO 3.3V
        Info (169309): Pin U12_INV_CS is in design partition "Top" File: C:/repos/hvps/Code/Verilog/HVPSController2/hvps_controller.v Line: 4
    Error (169026): Pin U12_INV_CS with I/O standard assignment 2.5 V is incompatible with I/O bank 2. I/O standard 2.5 V, has a VCCIO requirement of 2.5V, which incompatible with the I/O bank's VCCIO setting or with other output or bidirectional pins in the I/O bank using a VCCIO requirement of 3.3V. Assign output and bidirectional pins with different VCCIO requirements to different I/O banks, or change the I/O standard assignment for the specified pin to a compatible I/O standard. The Intel FPGA Knowledge Database contains many articles with specific details on how to resolve this error. Visit the Knowledge Database at https://www.altera.com/support/support-resources/knowledge-base/search.html and search for this specific error message number. File: C:/repos/hvps/Code/Verilog/HVPSController2/hvps_controller.v Line: 4
        Info (169073): Pin OR6 in I/O bank 2 uses VCCIO 3.3V File: C:/repos/hvps/Code/Verilog/HVPSController2/hvps_controller.v Line: 14
        Info (169073): Pin OT4 in I/O bank 2 uses VCCIO 3.3V File: C:/repos/hvps/Code/Verilog/HVPSController2/hvps_controller.v Line: 14
    Error (169026): Pin U12_INV_CS with I/O standard assignment 2.5 V is incompatible with I/O bank 3. I/O standard 2.5 V, has a VCCIO requirement of 2.5V, which incompatible with the I/O bank's VCCIO setting or with other output or bidirectional pins in the I/O bank using a VCCIO requirement of 3.3V. Assign output and bidirectional pins with different VCCIO requirements to different I/O banks, or change the I/O standard assignment for the specified pin to a compatible I/O standard. The Intel FPGA Knowledge Database contains many articles with specific details on how to resolve this error. Visit the Knowledge Database at https://www.altera.com/support/support-resources/knowledge-base/search.html and search for this specific error message number. File: C:/repos/hvps/Code/Verilog/HVPSController2/hvps_controller.v Line: 4
        Info (169073): Pin U20_INV_RD in I/O bank 3 uses VCCIO 3.3V File: C:/repos/hvps/Code/Verilog/HVPSController2/hvps_controller.v Line: 10
        Info (169073): Pin U20_INV_CONVST in I/O bank 3 uses VCCIO 3.3V File: C:/repos/hvps/Code/Verilog/HVPSController2/hvps_controller.v Line: 10
        Info (169073): Pin U20_DB0 in I/O bank 3 uses VCCIO 3.3V File: C:/repos/hvps/Code/Verilog/HVPSController2/hvps_controller.v Line: 12
        Info (169073): Pin U20_DB1 in I/O bank 3 uses VCCIO 3.3V File: C:/repos/hvps/Code/Verilog/HVPSController2/hvps_controller.v Line: 12
        Info (169073): Pin U20_DB2 in I/O bank 3 uses VCCIO 3.3V File: C:/repos/hvps/Code/Verilog/HVPSController2/hvps_controller.v Line: 12
        Info (169073): Pin OR4 in I/O bank 3 uses VCCIO 3.3V File: C:/repos/hvps/Code/Verilog/HVPSController2/hvps_controller.v Line: 14
        Info (169073): Pin OR5 in I/O bank 3 uses VCCIO 3.3V File: C:/repos/hvps/Code/Verilog/HVPSController2/hvps_controller.v Line: 14
        Info (169073): Pin OT5 in I/O bank 3 uses VCCIO 3.3V File: C:/repos/hvps/Code/Verilog/HVPSController2/hvps_controller.v Line: 14
    Error (169026): Pin U12_INV_CS with I/O standard assignment 2.5 V is incompatible with I/O bank 4. I/O standard 2.5 V, has a VCCIO requirement of 2.5V, which incompatible with the I/O bank's VCCIO setting or with other output or bidirectional pins in the I/O bank using a VCCIO requirement of 3.3V. Assign output and bidirectional pins with different VCCIO requirements to different I/O banks, or change the I/O standard assignment for the specified pin to a compatible I/O standard. The Intel FPGA Knowledge Database contains many articles with specific details on how to resolve this error. Visit the Knowledge Database at https://www.altera.com/support/support-resources/knowledge-base/search.html and search for this specific error message number. File: C:/repos/hvps/Code/Verilog/HVPSController2/hvps_controller.v Line: 4
        Info (169073): Pin U5_DB3 in I/O bank 4 uses VCCIO 3.3V File: C:/repos/hvps/Code/Verilog/HVPSController2/hvps_controller.v Line: 8
        Info (169073): Pin U5_DB4 in I/O bank 4 uses VCCIO 3.3V File: C:/repos/hvps/Code/Verilog/HVPSController2/hvps_controller.v Line: 8
        Info (169073): Pin U5_DB5 in I/O bank 4 uses VCCIO 3.3V File: C:/repos/hvps/Code/Verilog/HVPSController2/hvps_controller.v Line: 8
        Info (169073): Pin U5_DB6 in I/O bank 4 uses VCCIO 3.3V File: C:/repos/hvps/Code/Verilog/HVPSController2/hvps_controller.v Line: 8
        Info (169073): Pin U5_DB7 in I/O bank 4 uses VCCIO 3.3V File: C:/repos/hvps/Code/Verilog/HVPSController2/hvps_controller.v Line: 8
        Info (169073): Pin U20_INV_EOC in I/O bank 4 uses VCCIO 3.3V File: C:/repos/hvps/Code/Verilog/HVPSController2/hvps_controller.v Line: 10
    Error (169026): Pin U12_INV_CS with I/O standard assignment 2.5 V is incompatible with I/O bank 5. I/O standard 2.5 V, has a VCCIO requirement of 2.5V, which incompatible with the I/O bank's VCCIO setting or with other output or bidirectional pins in the I/O bank using a VCCIO requirement of 3.3V. Assign output and bidirectional pins with different VCCIO requirements to different I/O banks, or change the I/O standard assignment for the specified pin to a compatible I/O standard. The Intel FPGA Knowledge Database contains many articles with specific details on how to resolve this error. Visit the Knowledge Database at https://www.altera.com/support/support-resources/knowledge-base/search.html and search for this specific error message number. File: C:/repos/hvps/Code/Verilog/HVPSController2/hvps_controller.v Line: 4
        Info (169073): Pin U5_INV_EOC in I/O bank 5 uses VCCIO 3.3V File: C:/repos/hvps/Code/Verilog/HVPSController2/hvps_controller.v Line: 7
        Info (169073): Pin U5_INV_RD in I/O bank 5 uses VCCIO 3.3V File: C:/repos/hvps/Code/Verilog/HVPSController2/hvps_controller.v Line: 7
        Info (169073): Pin U5_INV_CONVST in I/O bank 5 uses VCCIO 3.3V File: C:/repos/hvps/Code/Verilog/HVPSController2/hvps_controller.v Line: 7
        Info (169073): Pin U5_DB0 in I/O bank 5 uses VCCIO 3.3V File: C:/repos/hvps/Code/Verilog/HVPSController2/hvps_controller.v Line: 8
        Info (169073): Pin U5_DB1 in I/O bank 5 uses VCCIO 3.3V File: C:/repos/hvps/Code/Verilog/HVPSController2/hvps_controller.v Line: 8
        Info (169073): Pin U5_DB2 in I/O bank 5 uses VCCIO 3.3V File: C:/repos/hvps/Code/Verilog/HVPSController2/hvps_controller.v Line: 8
    Error (169026): Pin U12_INV_CS with I/O standard assignment 2.5 V is incompatible with I/O bank 6. I/O standard 2.5 V, has a VCCIO requirement of 2.5V, which incompatible with the I/O bank's VCCIO setting or with other output or bidirectional pins in the I/O bank using a VCCIO requirement of 3.3V. Assign output and bidirectional pins with different VCCIO requirements to different I/O banks, or change the I/O standard assignment for the specified pin to a compatible I/O standard. The Intel FPGA Knowledge Database contains many articles with specific details on how to resolve this error. Visit the Knowledge Database at https://www.altera.com/support/support-resources/knowledge-base/search.html and search for this specific error message number. File: C:/repos/hvps/Code/Verilog/HVPSController2/hvps_controller.v Line: 4
        Info (169308): Design partition "Top" has 2 pin(s) in the I/O bank 6 and the pins(s) use VCCIO 3.3V
            Info (169073): Pin U12_INV_EOC in I/O bank 6 uses VCCIO 3.3V File: C:/repos/hvps/Code/Verilog/HVPSController2/hvps_controller.v Line: 4
            Info (169073): Pin clk in I/O bank 6 uses VCCIO 3.3V File: C:/repos/hvps/Code/Verilog/HVPSController2/hvps_controller.v Line: 2
        Info (169309): Pin U12_INV_CS is in design partition "Top" File: C:/repos/hvps/Code/Verilog/HVPSController2/hvps_controller.v Line: 4
        Info (169308): Design partition "hard_block:auto_generated_inst" has 1 pin(s) in the I/O bank 6 and the pins(s) use VCCIO 3.3V
            Info (169073): Pin ~ALTERA_nCEO~ in I/O bank 6 uses VCCIO 3.3V
        Info (169309): Pin U12_INV_CS is in design partition "Top" File: C:/repos/hvps/Code/Verilog/HVPSController2/hvps_controller.v Line: 4
    Error (169026): Pin U12_INV_CS with I/O standard assignment 2.5 V is incompatible with I/O bank 7. I/O standard 2.5 V, has a VCCIO requirement of 2.5V, which incompatible with the I/O bank's VCCIO setting or with other output or bidirectional pins in the I/O bank using a VCCIO requirement of 3.3V. Assign output and bidirectional pins with different VCCIO requirements to different I/O banks, or change the I/O standard assignment for the specified pin to a compatible I/O standard. The Intel FPGA Knowledge Database contains many articles with specific details on how to resolve this error. Visit the Knowledge Database at https://www.altera.com/support/support-resources/knowledge-base/search.html and search for this specific error message number. File: C:/repos/hvps/Code/Verilog/HVPSController2/hvps_controller.v Line: 4
        Info (169073): Pin U12_INV_RD in I/O bank 7 uses VCCIO 3.3V File: C:/repos/hvps/Code/Verilog/HVPSController2/hvps_controller.v Line: 4
        Info (169073): Pin U12_INV_CONVST in I/O bank 7 uses VCCIO 3.3V File: C:/repos/hvps/Code/Verilog/HVPSController2/hvps_controller.v Line: 4
        Info (169073): Pin U12_DB0 in I/O bank 7 uses VCCIO 3.3V File: C:/repos/hvps/Code/Verilog/HVPSController2/hvps_controller.v Line: 5
        Info (169073): Pin U12_DB1 in I/O bank 7 uses VCCIO 3.3V File: C:/repos/hvps/Code/Verilog/HVPSController2/hvps_controller.v Line: 5
        Info (169073): Pin U12_DB2 in I/O bank 7 uses VCCIO 3.3V File: C:/repos/hvps/Code/Verilog/HVPSController2/hvps_controller.v Line: 5
        Info (169073): Pin U20_DB5 in I/O bank 7 uses VCCIO 3.3V File: C:/repos/hvps/Code/Verilog/HVPSController2/hvps_controller.v Line: 12
        Info (169073): Pin U20_DB6 in I/O bank 7 uses VCCIO 3.3V File: C:/repos/hvps/Code/Verilog/HVPSController2/hvps_controller.v Line: 12
        Info (169073): Pin U20_DB7 in I/O bank 7 uses VCCIO 3.3V File: C:/repos/hvps/Code/Verilog/HVPSController2/hvps_controller.v Line: 12
    Error (169026): Pin U12_INV_CS with I/O standard assignment 2.5 V is incompatible with I/O bank 8. I/O standard 2.5 V, has a VCCIO requirement of 2.5V, which incompatible with the I/O bank's VCCIO setting or with other output or bidirectional pins in the I/O bank using a VCCIO requirement of 3.3V. Assign output and bidirectional pins with different VCCIO requirements to different I/O banks, or change the I/O standard assignment for the specified pin to a compatible I/O standard. The Intel FPGA Knowledge Database contains many articles with specific details on how to resolve this error. Visit the Knowledge Database at https://www.altera.com/support/support-resources/knowledge-base/search.html and search for this specific error message number. File: C:/repos/hvps/Code/Verilog/HVPSController2/hvps_controller.v Line: 4
        Info (169073): Pin U12_DB4 in I/O bank 8 uses VCCIO 3.3V File: C:/repos/hvps/Code/Verilog/HVPSController2/hvps_controller.v Line: 5
        Info (169073): Pin U12_DB5 in I/O bank 8 uses VCCIO 3.3V File: C:/repos/hvps/Code/Verilog/HVPSController2/hvps_controller.v Line: 5
        Info (169073): Pin U12_DB6 in I/O bank 8 uses VCCIO 3.3V File: C:/repos/hvps/Code/Verilog/HVPSController2/hvps_controller.v Line: 5
        Info (169073): Pin U12_DB7 in I/O bank 8 uses VCCIO 3.3V File: C:/repos/hvps/Code/Verilog/HVPSController2/hvps_controller.v Line: 5
        Info (169073): Pin U20_DB3 in I/O bank 8 uses VCCIO 3.3V File: C:/repos/hvps/Code/Verilog/HVPSController2/hvps_controller.v Line: 12
        Info (169073): Pin U20_DB4 in I/O bank 8 uses VCCIO 3.3V File: C:/repos/hvps/Code/Verilog/HVPSController2/hvps_controller.v Line: 12
Error (176210): Can't place pin U5_INV_CS with I/O standard 2.5 V, Termination setting Off, and PCI I/O setting off due to device constraints File: C:/repos/hvps/Code/Verilog/HVPSController2/hvps_controller.v Line: 7
    Error (169026): Pin U5_INV_CS with I/O standard assignment 2.5 V is incompatible with I/O bank 1. I/O standard 2.5 V, has a VCCIO requirement of 2.5V, which incompatible with the I/O bank's VCCIO setting or with other output or bidirectional pins in the I/O bank using a VCCIO requirement of 3.3V. Assign output and bidirectional pins with different VCCIO requirements to different I/O banks, or change the I/O standard assignment for the specified pin to a compatible I/O standard. The Intel FPGA Knowledge Database contains many articles with specific details on how to resolve this error. Visit the Knowledge Database at https://www.altera.com/support/support-resources/knowledge-base/search.html and search for this specific error message number. File: C:/repos/hvps/Code/Verilog/HVPSController2/hvps_controller.v Line: 7
        Info (169308): Design partition "Top" has 1 pin(s) in the I/O bank 1 and the pins(s) use VCCIO 3.3V
            Info (169073): Pin U12_DB3 in I/O bank 1 uses VCCIO 3.3V File: C:/repos/hvps/Code/Verilog/HVPSController2/hvps_controller.v Line: 5
        Info (169309): Pin U5_INV_CS is in design partition "Top" File: C:/repos/hvps/Code/Verilog/HVPSController2/hvps_controller.v Line: 7
        Info (169308): Design partition "hard_block:auto_generated_inst" has 4 pin(s) in the I/O bank 1 and the pins(s) use VCCIO 3.3V
            Info (169073): Pin ~ALTERA_ASDO_DATA1~ in I/O bank 1 uses VCCIO 3.3V
            Info (169073): Pin ~ALTERA_FLASH_nCE_nCSO~ in I/O bank 1 uses VCCIO 3.3V
            Info (169073): Pin ~ALTERA_DCLK~ in I/O bank 1 uses VCCIO 3.3V
            Info (169073): Pin ~ALTERA_DATA0~ in I/O bank 1 uses VCCIO 3.3V
        Info (169309): Pin U5_INV_CS is in design partition "Top" File: C:/repos/hvps/Code/Verilog/HVPSController2/hvps_controller.v Line: 7
    Error (169026): Pin U5_INV_CS with I/O standard assignment 2.5 V is incompatible with I/O bank 2. I/O standard 2.5 V, has a VCCIO requirement of 2.5V, which incompatible with the I/O bank's VCCIO setting or with other output or bidirectional pins in the I/O bank using a VCCIO requirement of 3.3V. Assign output and bidirectional pins with different VCCIO requirements to different I/O banks, or change the I/O standard assignment for the specified pin to a compatible I/O standard. The Intel FPGA Knowledge Database contains many articles with specific details on how to resolve this error. Visit the Knowledge Database at https://www.altera.com/support/support-resources/knowledge-base/search.html and search for this specific error message number. File: C:/repos/hvps/Code/Verilog/HVPSController2/hvps_controller.v Line: 7
        Info (169073): Pin OR6 in I/O bank 2 uses VCCIO 3.3V File: C:/repos/hvps/Code/Verilog/HVPSController2/hvps_controller.v Line: 14
        Info (169073): Pin OT4 in I/O bank 2 uses VCCIO 3.3V File: C:/repos/hvps/Code/Verilog/HVPSController2/hvps_controller.v Line: 14
    Error (169026): Pin U5_INV_CS with I/O standard assignment 2.5 V is incompatible with I/O bank 3. I/O standard 2.5 V, has a VCCIO requirement of 2.5V, which incompatible with the I/O bank's VCCIO setting or with other output or bidirectional pins in the I/O bank using a VCCIO requirement of 3.3V. Assign output and bidirectional pins with different VCCIO requirements to different I/O banks, or change the I/O standard assignment for the specified pin to a compatible I/O standard. The Intel FPGA Knowledge Database contains many articles with specific details on how to resolve this error. Visit the Knowledge Database at https://www.altera.com/support/support-resources/knowledge-base/search.html and search for this specific error message number. File: C:/repos/hvps/Code/Verilog/HVPSController2/hvps_controller.v Line: 7
        Info (169073): Pin U20_INV_RD in I/O bank 3 uses VCCIO 3.3V File: C:/repos/hvps/Code/Verilog/HVPSController2/hvps_controller.v Line: 10
        Info (169073): Pin U20_INV_CONVST in I/O bank 3 uses VCCIO 3.3V File: C:/repos/hvps/Code/Verilog/HVPSController2/hvps_controller.v Line: 10
        Info (169073): Pin U20_DB0 in I/O bank 3 uses VCCIO 3.3V File: C:/repos/hvps/Code/Verilog/HVPSController2/hvps_controller.v Line: 12
        Info (169073): Pin U20_DB1 in I/O bank 3 uses VCCIO 3.3V File: C:/repos/hvps/Code/Verilog/HVPSController2/hvps_controller.v Line: 12
        Info (169073): Pin U20_DB2 in I/O bank 3 uses VCCIO 3.3V File: C:/repos/hvps/Code/Verilog/HVPSController2/hvps_controller.v Line: 12
        Info (169073): Pin OR4 in I/O bank 3 uses VCCIO 3.3V File: C:/repos/hvps/Code/Verilog/HVPSController2/hvps_controller.v Line: 14
        Info (169073): Pin OR5 in I/O bank 3 uses VCCIO 3.3V File: C:/repos/hvps/Code/Verilog/HVPSController2/hvps_controller.v Line: 14
        Info (169073): Pin OT5 in I/O bank 3 uses VCCIO 3.3V File: C:/repos/hvps/Code/Verilog/HVPSController2/hvps_controller.v Line: 14
    Error (169026): Pin U5_INV_CS with I/O standard assignment 2.5 V is incompatible with I/O bank 4. I/O standard 2.5 V, has a VCCIO requirement of 2.5V, which incompatible with the I/O bank's VCCIO setting or with other output or bidirectional pins in the I/O bank using a VCCIO requirement of 3.3V. Assign output and bidirectional pins with different VCCIO requirements to different I/O banks, or change the I/O standard assignment for the specified pin to a compatible I/O standard. The Intel FPGA Knowledge Database contains many articles with specific details on how to resolve this error. Visit the Knowledge Database at https://www.altera.com/support/support-resources/knowledge-base/search.html and search for this specific error message number. File: C:/repos/hvps/Code/Verilog/HVPSController2/hvps_controller.v Line: 7
        Info (169073): Pin U5_DB3 in I/O bank 4 uses VCCIO 3.3V File: C:/repos/hvps/Code/Verilog/HVPSController2/hvps_controller.v Line: 8
        Info (169073): Pin U5_DB4 in I/O bank 4 uses VCCIO 3.3V File: C:/repos/hvps/Code/Verilog/HVPSController2/hvps_controller.v Line: 8
        Info (169073): Pin U5_DB5 in I/O bank 4 uses VCCIO 3.3V File: C:/repos/hvps/Code/Verilog/HVPSController2/hvps_controller.v Line: 8
        Info (169073): Pin U5_DB6 in I/O bank 4 uses VCCIO 3.3V File: C:/repos/hvps/Code/Verilog/HVPSController2/hvps_controller.v Line: 8
        Info (169073): Pin U5_DB7 in I/O bank 4 uses VCCIO 3.3V File: C:/repos/hvps/Code/Verilog/HVPSController2/hvps_controller.v Line: 8
        Info (169073): Pin U20_INV_EOC in I/O bank 4 uses VCCIO 3.3V File: C:/repos/hvps/Code/Verilog/HVPSController2/hvps_controller.v Line: 10
    Error (169026): Pin U5_INV_CS with I/O standard assignment 2.5 V is incompatible with I/O bank 5. I/O standard 2.5 V, has a VCCIO requirement of 2.5V, which incompatible with the I/O bank's VCCIO setting or with other output or bidirectional pins in the I/O bank using a VCCIO requirement of 3.3V. Assign output and bidirectional pins with different VCCIO requirements to different I/O banks, or change the I/O standard assignment for the specified pin to a compatible I/O standard. The Intel FPGA Knowledge Database contains many articles with specific details on how to resolve this error. Visit the Knowledge Database at https://www.altera.com/support/support-resources/knowledge-base/search.html and search for this specific error message number. File: C:/repos/hvps/Code/Verilog/HVPSController2/hvps_controller.v Line: 7
        Info (169073): Pin U5_INV_EOC in I/O bank 5 uses VCCIO 3.3V File: C:/repos/hvps/Code/Verilog/HVPSController2/hvps_controller.v Line: 7
        Info (169073): Pin U5_INV_RD in I/O bank 5 uses VCCIO 3.3V File: C:/repos/hvps/Code/Verilog/HVPSController2/hvps_controller.v Line: 7
        Info (169073): Pin U5_INV_CONVST in I/O bank 5 uses VCCIO 3.3V File: C:/repos/hvps/Code/Verilog/HVPSController2/hvps_controller.v Line: 7
        Info (169073): Pin U5_DB0 in I/O bank 5 uses VCCIO 3.3V File: C:/repos/hvps/Code/Verilog/HVPSController2/hvps_controller.v Line: 8
        Info (169073): Pin U5_DB1 in I/O bank 5 uses VCCIO 3.3V File: C:/repos/hvps/Code/Verilog/HVPSController2/hvps_controller.v Line: 8
        Info (169073): Pin U5_DB2 in I/O bank 5 uses VCCIO 3.3V File: C:/repos/hvps/Code/Verilog/HVPSController2/hvps_controller.v Line: 8
    Error (169026): Pin U5_INV_CS with I/O standard assignment 2.5 V is incompatible with I/O bank 6. I/O standard 2.5 V, has a VCCIO requirement of 2.5V, which incompatible with the I/O bank's VCCIO setting or with other output or bidirectional pins in the I/O bank using a VCCIO requirement of 3.3V. Assign output and bidirectional pins with different VCCIO requirements to different I/O banks, or change the I/O standard assignment for the specified pin to a compatible I/O standard. The Intel FPGA Knowledge Database contains many articles with specific details on how to resolve this error. Visit the Knowledge Database at https://www.altera.com/support/support-resources/knowledge-base/search.html and search for this specific error message number. File: C:/repos/hvps/Code/Verilog/HVPSController2/hvps_controller.v Line: 7
        Info (169308): Design partition "Top" has 2 pin(s) in the I/O bank 6 and the pins(s) use VCCIO 3.3V
            Info (169073): Pin U12_INV_EOC in I/O bank 6 uses VCCIO 3.3V File: C:/repos/hvps/Code/Verilog/HVPSController2/hvps_controller.v Line: 4
            Info (169073): Pin clk in I/O bank 6 uses VCCIO 3.3V File: C:/repos/hvps/Code/Verilog/HVPSController2/hvps_controller.v Line: 2
        Info (169309): Pin U5_INV_CS is in design partition "Top" File: C:/repos/hvps/Code/Verilog/HVPSController2/hvps_controller.v Line: 7
        Info (169308): Design partition "hard_block:auto_generated_inst" has 1 pin(s) in the I/O bank 6 and the pins(s) use VCCIO 3.3V
            Info (169073): Pin ~ALTERA_nCEO~ in I/O bank 6 uses VCCIO 3.3V
        Info (169309): Pin U5_INV_CS is in design partition "Top" File: C:/repos/hvps/Code/Verilog/HVPSController2/hvps_controller.v Line: 7
    Error (169026): Pin U5_INV_CS with I/O standard assignment 2.5 V is incompatible with I/O bank 7. I/O standard 2.5 V, has a VCCIO requirement of 2.5V, which incompatible with the I/O bank's VCCIO setting or with other output or bidirectional pins in the I/O bank using a VCCIO requirement of 3.3V. Assign output and bidirectional pins with different VCCIO requirements to different I/O banks, or change the I/O standard assignment for the specified pin to a compatible I/O standard. The Intel FPGA Knowledge Database contains many articles with specific details on how to resolve this error. Visit the Knowledge Database at https://www.altera.com/support/support-resources/knowledge-base/search.html and search for this specific error message number. File: C:/repos/hvps/Code/Verilog/HVPSController2/hvps_controller.v Line: 7
        Info (169073): Pin U12_INV_RD in I/O bank 7 uses VCCIO 3.3V File: C:/repos/hvps/Code/Verilog/HVPSController2/hvps_controller.v Line: 4
        Info (169073): Pin U12_INV_CONVST in I/O bank 7 uses VCCIO 3.3V File: C:/repos/hvps/Code/Verilog/HVPSController2/hvps_controller.v Line: 4
        Info (169073): Pin U12_DB0 in I/O bank 7 uses VCCIO 3.3V File: C:/repos/hvps/Code/Verilog/HVPSController2/hvps_controller.v Line: 5
        Info (169073): Pin U12_DB1 in I/O bank 7 uses VCCIO 3.3V File: C:/repos/hvps/Code/Verilog/HVPSController2/hvps_controller.v Line: 5
        Info (169073): Pin U12_DB2 in I/O bank 7 uses VCCIO 3.3V File: C:/repos/hvps/Code/Verilog/HVPSController2/hvps_controller.v Line: 5
        Info (169073): Pin U20_DB5 in I/O bank 7 uses VCCIO 3.3V File: C:/repos/hvps/Code/Verilog/HVPSController2/hvps_controller.v Line: 12
        Info (169073): Pin U20_DB6 in I/O bank 7 uses VCCIO 3.3V File: C:/repos/hvps/Code/Verilog/HVPSController2/hvps_controller.v Line: 12
        Info (169073): Pin U20_DB7 in I/O bank 7 uses VCCIO 3.3V File: C:/repos/hvps/Code/Verilog/HVPSController2/hvps_controller.v Line: 12
    Error (169026): Pin U5_INV_CS with I/O standard assignment 2.5 V is incompatible with I/O bank 8. I/O standard 2.5 V, has a VCCIO requirement of 2.5V, which incompatible with the I/O bank's VCCIO setting or with other output or bidirectional pins in the I/O bank using a VCCIO requirement of 3.3V. Assign output and bidirectional pins with different VCCIO requirements to different I/O banks, or change the I/O standard assignment for the specified pin to a compatible I/O standard. The Intel FPGA Knowledge Database contains many articles with specific details on how to resolve this error. Visit the Knowledge Database at https://www.altera.com/support/support-resources/knowledge-base/search.html and search for this specific error message number. File: C:/repos/hvps/Code/Verilog/HVPSController2/hvps_controller.v Line: 7
        Info (169073): Pin U12_DB4 in I/O bank 8 uses VCCIO 3.3V File: C:/repos/hvps/Code/Verilog/HVPSController2/hvps_controller.v Line: 5
        Info (169073): Pin U12_DB5 in I/O bank 8 uses VCCIO 3.3V File: C:/repos/hvps/Code/Verilog/HVPSController2/hvps_controller.v Line: 5
        Info (169073): Pin U12_DB6 in I/O bank 8 uses VCCIO 3.3V File: C:/repos/hvps/Code/Verilog/HVPSController2/hvps_controller.v Line: 5
        Info (169073): Pin U12_DB7 in I/O bank 8 uses VCCIO 3.3V File: C:/repos/hvps/Code/Verilog/HVPSController2/hvps_controller.v Line: 5
        Info (169073): Pin U20_DB3 in I/O bank 8 uses VCCIO 3.3V File: C:/repos/hvps/Code/Verilog/HVPSController2/hvps_controller.v Line: 12
        Info (169073): Pin U20_DB4 in I/O bank 8 uses VCCIO 3.3V File: C:/repos/hvps/Code/Verilog/HVPSController2/hvps_controller.v Line: 12
Error (176210): Can't place pin U20_INV_CS with I/O standard 2.5 V, Termination setting Off, and PCI I/O setting off due to device constraints File: C:/repos/hvps/Code/Verilog/HVPSController2/hvps_controller.v Line: 10
    Error (169026): Pin U20_INV_CS with I/O standard assignment 2.5 V is incompatible with I/O bank 1. I/O standard 2.5 V, has a VCCIO requirement of 2.5V, which incompatible with the I/O bank's VCCIO setting or with other output or bidirectional pins in the I/O bank using a VCCIO requirement of 3.3V. Assign output and bidirectional pins with different VCCIO requirements to different I/O banks, or change the I/O standard assignment for the specified pin to a compatible I/O standard. The Intel FPGA Knowledge Database contains many articles with specific details on how to resolve this error. Visit the Knowledge Database at https://www.altera.com/support/support-resources/knowledge-base/search.html and search for this specific error message number. File: C:/repos/hvps/Code/Verilog/HVPSController2/hvps_controller.v Line: 10
        Info (169308): Design partition "Top" has 1 pin(s) in the I/O bank 1 and the pins(s) use VCCIO 3.3V
            Info (169073): Pin U12_DB3 in I/O bank 1 uses VCCIO 3.3V File: C:/repos/hvps/Code/Verilog/HVPSController2/hvps_controller.v Line: 5
        Info (169309): Pin U20_INV_CS is in design partition "Top" File: C:/repos/hvps/Code/Verilog/HVPSController2/hvps_controller.v Line: 10
        Info (169308): Design partition "hard_block:auto_generated_inst" has 4 pin(s) in the I/O bank 1 and the pins(s) use VCCIO 3.3V
            Info (169073): Pin ~ALTERA_ASDO_DATA1~ in I/O bank 1 uses VCCIO 3.3V
            Info (169073): Pin ~ALTERA_FLASH_nCE_nCSO~ in I/O bank 1 uses VCCIO 3.3V
            Info (169073): Pin ~ALTERA_DCLK~ in I/O bank 1 uses VCCIO 3.3V
            Info (169073): Pin ~ALTERA_DATA0~ in I/O bank 1 uses VCCIO 3.3V
        Info (169309): Pin U20_INV_CS is in design partition "Top" File: C:/repos/hvps/Code/Verilog/HVPSController2/hvps_controller.v Line: 10
    Error (169026): Pin U20_INV_CS with I/O standard assignment 2.5 V is incompatible with I/O bank 2. I/O standard 2.5 V, has a VCCIO requirement of 2.5V, which incompatible with the I/O bank's VCCIO setting or with other output or bidirectional pins in the I/O bank using a VCCIO requirement of 3.3V. Assign output and bidirectional pins with different VCCIO requirements to different I/O banks, or change the I/O standard assignment for the specified pin to a compatible I/O standard. The Intel FPGA Knowledge Database contains many articles with specific details on how to resolve this error. Visit the Knowledge Database at https://www.altera.com/support/support-resources/knowledge-base/search.html and search for this specific error message number. File: C:/repos/hvps/Code/Verilog/HVPSController2/hvps_controller.v Line: 10
        Info (169073): Pin OR6 in I/O bank 2 uses VCCIO 3.3V File: C:/repos/hvps/Code/Verilog/HVPSController2/hvps_controller.v Line: 14
        Info (169073): Pin OT4 in I/O bank 2 uses VCCIO 3.3V File: C:/repos/hvps/Code/Verilog/HVPSController2/hvps_controller.v Line: 14
    Error (169026): Pin U20_INV_CS with I/O standard assignment 2.5 V is incompatible with I/O bank 3. I/O standard 2.5 V, has a VCCIO requirement of 2.5V, which incompatible with the I/O bank's VCCIO setting or with other output or bidirectional pins in the I/O bank using a VCCIO requirement of 3.3V. Assign output and bidirectional pins with different VCCIO requirements to different I/O banks, or change the I/O standard assignment for the specified pin to a compatible I/O standard. The Intel FPGA Knowledge Database contains many articles with specific details on how to resolve this error. Visit the Knowledge Database at https://www.altera.com/support/support-resources/knowledge-base/search.html and search for this specific error message number. File: C:/repos/hvps/Code/Verilog/HVPSController2/hvps_controller.v Line: 10
        Info (169073): Pin U20_INV_RD in I/O bank 3 uses VCCIO 3.3V File: C:/repos/hvps/Code/Verilog/HVPSController2/hvps_controller.v Line: 10
        Info (169073): Pin U20_INV_CONVST in I/O bank 3 uses VCCIO 3.3V File: C:/repos/hvps/Code/Verilog/HVPSController2/hvps_controller.v Line: 10
        Info (169073): Pin U20_DB0 in I/O bank 3 uses VCCIO 3.3V File: C:/repos/hvps/Code/Verilog/HVPSController2/hvps_controller.v Line: 12
        Info (169073): Pin U20_DB1 in I/O bank 3 uses VCCIO 3.3V File: C:/repos/hvps/Code/Verilog/HVPSController2/hvps_controller.v Line: 12
        Info (169073): Pin U20_DB2 in I/O bank 3 uses VCCIO 3.3V File: C:/repos/hvps/Code/Verilog/HVPSController2/hvps_controller.v Line: 12
        Info (169073): Pin OR4 in I/O bank 3 uses VCCIO 3.3V File: C:/repos/hvps/Code/Verilog/HVPSController2/hvps_controller.v Line: 14
        Info (169073): Pin OR5 in I/O bank 3 uses VCCIO 3.3V File: C:/repos/hvps/Code/Verilog/HVPSController2/hvps_controller.v Line: 14
        Info (169073): Pin OT5 in I/O bank 3 uses VCCIO 3.3V File: C:/repos/hvps/Code/Verilog/HVPSController2/hvps_controller.v Line: 14
    Error (169026): Pin U20_INV_CS with I/O standard assignment 2.5 V is incompatible with I/O bank 4. I/O standard 2.5 V, has a VCCIO requirement of 2.5V, which incompatible with the I/O bank's VCCIO setting or with other output or bidirectional pins in the I/O bank using a VCCIO requirement of 3.3V. Assign output and bidirectional pins with different VCCIO requirements to different I/O banks, or change the I/O standard assignment for the specified pin to a compatible I/O standard. The Intel FPGA Knowledge Database contains many articles with specific details on how to resolve this error. Visit the Knowledge Database at https://www.altera.com/support/support-resources/knowledge-base/search.html and search for this specific error message number. File: C:/repos/hvps/Code/Verilog/HVPSController2/hvps_controller.v Line: 10
        Info (169073): Pin U5_DB3 in I/O bank 4 uses VCCIO 3.3V File: C:/repos/hvps/Code/Verilog/HVPSController2/hvps_controller.v Line: 8
        Info (169073): Pin U5_DB4 in I/O bank 4 uses VCCIO 3.3V File: C:/repos/hvps/Code/Verilog/HVPSController2/hvps_controller.v Line: 8
        Info (169073): Pin U5_DB5 in I/O bank 4 uses VCCIO 3.3V File: C:/repos/hvps/Code/Verilog/HVPSController2/hvps_controller.v Line: 8
        Info (169073): Pin U5_DB6 in I/O bank 4 uses VCCIO 3.3V File: C:/repos/hvps/Code/Verilog/HVPSController2/hvps_controller.v Line: 8
        Info (169073): Pin U5_DB7 in I/O bank 4 uses VCCIO 3.3V File: C:/repos/hvps/Code/Verilog/HVPSController2/hvps_controller.v Line: 8
        Info (169073): Pin U20_INV_EOC in I/O bank 4 uses VCCIO 3.3V File: C:/repos/hvps/Code/Verilog/HVPSController2/hvps_controller.v Line: 10
    Error (169026): Pin U20_INV_CS with I/O standard assignment 2.5 V is incompatible with I/O bank 5. I/O standard 2.5 V, has a VCCIO requirement of 2.5V, which incompatible with the I/O bank's VCCIO setting or with other output or bidirectional pins in the I/O bank using a VCCIO requirement of 3.3V. Assign output and bidirectional pins with different VCCIO requirements to different I/O banks, or change the I/O standard assignment for the specified pin to a compatible I/O standard. The Intel FPGA Knowledge Database contains many articles with specific details on how to resolve this error. Visit the Knowledge Database at https://www.altera.com/support/support-resources/knowledge-base/search.html and search for this specific error message number. File: C:/repos/hvps/Code/Verilog/HVPSController2/hvps_controller.v Line: 10
        Info (169073): Pin U5_INV_EOC in I/O bank 5 uses VCCIO 3.3V File: C:/repos/hvps/Code/Verilog/HVPSController2/hvps_controller.v Line: 7
        Info (169073): Pin U5_INV_RD in I/O bank 5 uses VCCIO 3.3V File: C:/repos/hvps/Code/Verilog/HVPSController2/hvps_controller.v Line: 7
        Info (169073): Pin U5_INV_CONVST in I/O bank 5 uses VCCIO 3.3V File: C:/repos/hvps/Code/Verilog/HVPSController2/hvps_controller.v Line: 7
        Info (169073): Pin U5_DB0 in I/O bank 5 uses VCCIO 3.3V File: C:/repos/hvps/Code/Verilog/HVPSController2/hvps_controller.v Line: 8
        Info (169073): Pin U5_DB1 in I/O bank 5 uses VCCIO 3.3V File: C:/repos/hvps/Code/Verilog/HVPSController2/hvps_controller.v Line: 8
        Info (169073): Pin U5_DB2 in I/O bank 5 uses VCCIO 3.3V File: C:/repos/hvps/Code/Verilog/HVPSController2/hvps_controller.v Line: 8
    Error (169026): Pin U20_INV_CS with I/O standard assignment 2.5 V is incompatible with I/O bank 6. I/O standard 2.5 V, has a VCCIO requirement of 2.5V, which incompatible with the I/O bank's VCCIO setting or with other output or bidirectional pins in the I/O bank using a VCCIO requirement of 3.3V. Assign output and bidirectional pins with different VCCIO requirements to different I/O banks, or change the I/O standard assignment for the specified pin to a compatible I/O standard. The Intel FPGA Knowledge Database contains many articles with specific details on how to resolve this error. Visit the Knowledge Database at https://www.altera.com/support/support-resources/knowledge-base/search.html and search for this specific error message number. File: C:/repos/hvps/Code/Verilog/HVPSController2/hvps_controller.v Line: 10
        Info (169308): Design partition "Top" has 2 pin(s) in the I/O bank 6 and the pins(s) use VCCIO 3.3V
            Info (169073): Pin U12_INV_EOC in I/O bank 6 uses VCCIO 3.3V File: C:/repos/hvps/Code/Verilog/HVPSController2/hvps_controller.v Line: 4
            Info (169073): Pin clk in I/O bank 6 uses VCCIO 3.3V File: C:/repos/hvps/Code/Verilog/HVPSController2/hvps_controller.v Line: 2
        Info (169309): Pin U20_INV_CS is in design partition "Top" File: C:/repos/hvps/Code/Verilog/HVPSController2/hvps_controller.v Line: 10
        Info (169308): Design partition "hard_block:auto_generated_inst" has 1 pin(s) in the I/O bank 6 and the pins(s) use VCCIO 3.3V
            Info (169073): Pin ~ALTERA_nCEO~ in I/O bank 6 uses VCCIO 3.3V
        Info (169309): Pin U20_INV_CS is in design partition "Top" File: C:/repos/hvps/Code/Verilog/HVPSController2/hvps_controller.v Line: 10
    Error (169026): Pin U20_INV_CS with I/O standard assignment 2.5 V is incompatible with I/O bank 7. I/O standard 2.5 V, has a VCCIO requirement of 2.5V, which incompatible with the I/O bank's VCCIO setting or with other output or bidirectional pins in the I/O bank using a VCCIO requirement of 3.3V. Assign output and bidirectional pins with different VCCIO requirements to different I/O banks, or change the I/O standard assignment for the specified pin to a compatible I/O standard. The Intel FPGA Knowledge Database contains many articles with specific details on how to resolve this error. Visit the Knowledge Database at https://www.altera.com/support/support-resources/knowledge-base/search.html and search for this specific error message number. File: C:/repos/hvps/Code/Verilog/HVPSController2/hvps_controller.v Line: 10
        Info (169073): Pin U12_INV_RD in I/O bank 7 uses VCCIO 3.3V File: C:/repos/hvps/Code/Verilog/HVPSController2/hvps_controller.v Line: 4
        Info (169073): Pin U12_INV_CONVST in I/O bank 7 uses VCCIO 3.3V File: C:/repos/hvps/Code/Verilog/HVPSController2/hvps_controller.v Line: 4
        Info (169073): Pin U12_DB0 in I/O bank 7 uses VCCIO 3.3V File: C:/repos/hvps/Code/Verilog/HVPSController2/hvps_controller.v Line: 5
        Info (169073): Pin U12_DB1 in I/O bank 7 uses VCCIO 3.3V File: C:/repos/hvps/Code/Verilog/HVPSController2/hvps_controller.v Line: 5
        Info (169073): Pin U12_DB2 in I/O bank 7 uses VCCIO 3.3V File: C:/repos/hvps/Code/Verilog/HVPSController2/hvps_controller.v Line: 5
        Info (169073): Pin U20_DB5 in I/O bank 7 uses VCCIO 3.3V File: C:/repos/hvps/Code/Verilog/HVPSController2/hvps_controller.v Line: 12
        Info (169073): Pin U20_DB6 in I/O bank 7 uses VCCIO 3.3V File: C:/repos/hvps/Code/Verilog/HVPSController2/hvps_controller.v Line: 12
        Info (169073): Pin U20_DB7 in I/O bank 7 uses VCCIO 3.3V File: C:/repos/hvps/Code/Verilog/HVPSController2/hvps_controller.v Line: 12
    Error (169026): Pin U20_INV_CS with I/O standard assignment 2.5 V is incompatible with I/O bank 8. I/O standard 2.5 V, has a VCCIO requirement of 2.5V, which incompatible with the I/O bank's VCCIO setting or with other output or bidirectional pins in the I/O bank using a VCCIO requirement of 3.3V. Assign output and bidirectional pins with different VCCIO requirements to different I/O banks, or change the I/O standard assignment for the specified pin to a compatible I/O standard. The Intel FPGA Knowledge Database contains many articles with specific details on how to resolve this error. Visit the Knowledge Database at https://www.altera.com/support/support-resources/knowledge-base/search.html and search for this specific error message number. File: C:/repos/hvps/Code/Verilog/HVPSController2/hvps_controller.v Line: 10
        Info (169073): Pin U12_DB4 in I/O bank 8 uses VCCIO 3.3V File: C:/repos/hvps/Code/Verilog/HVPSController2/hvps_controller.v Line: 5
        Info (169073): Pin U12_DB5 in I/O bank 8 uses VCCIO 3.3V File: C:/repos/hvps/Code/Verilog/HVPSController2/hvps_controller.v Line: 5
        Info (169073): Pin U12_DB6 in I/O bank 8 uses VCCIO 3.3V File: C:/repos/hvps/Code/Verilog/HVPSController2/hvps_controller.v Line: 5
        Info (169073): Pin U12_DB7 in I/O bank 8 uses VCCIO 3.3V File: C:/repos/hvps/Code/Verilog/HVPSController2/hvps_controller.v Line: 5
        Info (169073): Pin U20_DB3 in I/O bank 8 uses VCCIO 3.3V File: C:/repos/hvps/Code/Verilog/HVPSController2/hvps_controller.v Line: 12
        Info (169073): Pin U20_DB4 in I/O bank 8 uses VCCIO 3.3V File: C:/repos/hvps/Code/Verilog/HVPSController2/hvps_controller.v Line: 12
Error (176210): Can't place pin INV_PD with I/O standard 2.5 V, Termination setting Off, and PCI I/O setting off due to device constraints File: C:/repos/hvps/Code/Verilog/HVPSController2/hvps_controller.v Line: 11
    Error (169026): Pin INV_PD with I/O standard assignment 2.5 V is incompatible with I/O bank 1. I/O standard 2.5 V, has a VCCIO requirement of 2.5V, which incompatible with the I/O bank's VCCIO setting or with other output or bidirectional pins in the I/O bank using a VCCIO requirement of 3.3V. Assign output and bidirectional pins with different VCCIO requirements to different I/O banks, or change the I/O standard assignment for the specified pin to a compatible I/O standard. The Intel FPGA Knowledge Database contains many articles with specific details on how to resolve this error. Visit the Knowledge Database at https://www.altera.com/support/support-resources/knowledge-base/search.html and search for this specific error message number. File: C:/repos/hvps/Code/Verilog/HVPSController2/hvps_controller.v Line: 11
        Info (169308): Design partition "Top" has 1 pin(s) in the I/O bank 1 and the pins(s) use VCCIO 3.3V
            Info (169073): Pin U12_DB3 in I/O bank 1 uses VCCIO 3.3V File: C:/repos/hvps/Code/Verilog/HVPSController2/hvps_controller.v Line: 5
        Info (169309): Pin INV_PD is in design partition "Top" File: C:/repos/hvps/Code/Verilog/HVPSController2/hvps_controller.v Line: 11
        Info (169308): Design partition "hard_block:auto_generated_inst" has 4 pin(s) in the I/O bank 1 and the pins(s) use VCCIO 3.3V
            Info (169073): Pin ~ALTERA_ASDO_DATA1~ in I/O bank 1 uses VCCIO 3.3V
            Info (169073): Pin ~ALTERA_FLASH_nCE_nCSO~ in I/O bank 1 uses VCCIO 3.3V
            Info (169073): Pin ~ALTERA_DCLK~ in I/O bank 1 uses VCCIO 3.3V
            Info (169073): Pin ~ALTERA_DATA0~ in I/O bank 1 uses VCCIO 3.3V
        Info (169309): Pin INV_PD is in design partition "Top" File: C:/repos/hvps/Code/Verilog/HVPSController2/hvps_controller.v Line: 11
    Error (169026): Pin INV_PD with I/O standard assignment 2.5 V is incompatible with I/O bank 2. I/O standard 2.5 V, has a VCCIO requirement of 2.5V, which incompatible with the I/O bank's VCCIO setting or with other output or bidirectional pins in the I/O bank using a VCCIO requirement of 3.3V. Assign output and bidirectional pins with different VCCIO requirements to different I/O banks, or change the I/O standard assignment for the specified pin to a compatible I/O standard. The Intel FPGA Knowledge Database contains many articles with specific details on how to resolve this error. Visit the Knowledge Database at https://www.altera.com/support/support-resources/knowledge-base/search.html and search for this specific error message number. File: C:/repos/hvps/Code/Verilog/HVPSController2/hvps_controller.v Line: 11
        Info (169073): Pin OR6 in I/O bank 2 uses VCCIO 3.3V File: C:/repos/hvps/Code/Verilog/HVPSController2/hvps_controller.v Line: 14
        Info (169073): Pin OT4 in I/O bank 2 uses VCCIO 3.3V File: C:/repos/hvps/Code/Verilog/HVPSController2/hvps_controller.v Line: 14
    Error (169026): Pin INV_PD with I/O standard assignment 2.5 V is incompatible with I/O bank 3. I/O standard 2.5 V, has a VCCIO requirement of 2.5V, which incompatible with the I/O bank's VCCIO setting or with other output or bidirectional pins in the I/O bank using a VCCIO requirement of 3.3V. Assign output and bidirectional pins with different VCCIO requirements to different I/O banks, or change the I/O standard assignment for the specified pin to a compatible I/O standard. The Intel FPGA Knowledge Database contains many articles with specific details on how to resolve this error. Visit the Knowledge Database at https://www.altera.com/support/support-resources/knowledge-base/search.html and search for this specific error message number. File: C:/repos/hvps/Code/Verilog/HVPSController2/hvps_controller.v Line: 11
        Info (169073): Pin U20_INV_RD in I/O bank 3 uses VCCIO 3.3V File: C:/repos/hvps/Code/Verilog/HVPSController2/hvps_controller.v Line: 10
        Info (169073): Pin U20_INV_CONVST in I/O bank 3 uses VCCIO 3.3V File: C:/repos/hvps/Code/Verilog/HVPSController2/hvps_controller.v Line: 10
        Info (169073): Pin U20_DB0 in I/O bank 3 uses VCCIO 3.3V File: C:/repos/hvps/Code/Verilog/HVPSController2/hvps_controller.v Line: 12
        Info (169073): Pin U20_DB1 in I/O bank 3 uses VCCIO 3.3V File: C:/repos/hvps/Code/Verilog/HVPSController2/hvps_controller.v Line: 12
        Info (169073): Pin U20_DB2 in I/O bank 3 uses VCCIO 3.3V File: C:/repos/hvps/Code/Verilog/HVPSController2/hvps_controller.v Line: 12
        Info (169073): Pin OR4 in I/O bank 3 uses VCCIO 3.3V File: C:/repos/hvps/Code/Verilog/HVPSController2/hvps_controller.v Line: 14
        Info (169073): Pin OR5 in I/O bank 3 uses VCCIO 3.3V File: C:/repos/hvps/Code/Verilog/HVPSController2/hvps_controller.v Line: 14
        Info (169073): Pin OT5 in I/O bank 3 uses VCCIO 3.3V File: C:/repos/hvps/Code/Verilog/HVPSController2/hvps_controller.v Line: 14
    Error (169026): Pin INV_PD with I/O standard assignment 2.5 V is incompatible with I/O bank 4. I/O standard 2.5 V, has a VCCIO requirement of 2.5V, which incompatible with the I/O bank's VCCIO setting or with other output or bidirectional pins in the I/O bank using a VCCIO requirement of 3.3V. Assign output and bidirectional pins with different VCCIO requirements to different I/O banks, or change the I/O standard assignment for the specified pin to a compatible I/O standard. The Intel FPGA Knowledge Database contains many articles with specific details on how to resolve this error. Visit the Knowledge Database at https://www.altera.com/support/support-resources/knowledge-base/search.html and search for this specific error message number. File: C:/repos/hvps/Code/Verilog/HVPSController2/hvps_controller.v Line: 11
        Info (169073): Pin U5_DB3 in I/O bank 4 uses VCCIO 3.3V File: C:/repos/hvps/Code/Verilog/HVPSController2/hvps_controller.v Line: 8
        Info (169073): Pin U5_DB4 in I/O bank 4 uses VCCIO 3.3V File: C:/repos/hvps/Code/Verilog/HVPSController2/hvps_controller.v Line: 8
        Info (169073): Pin U5_DB5 in I/O bank 4 uses VCCIO 3.3V File: C:/repos/hvps/Code/Verilog/HVPSController2/hvps_controller.v Line: 8
        Info (169073): Pin U5_DB6 in I/O bank 4 uses VCCIO 3.3V File: C:/repos/hvps/Code/Verilog/HVPSController2/hvps_controller.v Line: 8
        Info (169073): Pin U5_DB7 in I/O bank 4 uses VCCIO 3.3V File: C:/repos/hvps/Code/Verilog/HVPSController2/hvps_controller.v Line: 8
        Info (169073): Pin U20_INV_EOC in I/O bank 4 uses VCCIO 3.3V File: C:/repos/hvps/Code/Verilog/HVPSController2/hvps_controller.v Line: 10
    Error (169026): Pin INV_PD with I/O standard assignment 2.5 V is incompatible with I/O bank 5. I/O standard 2.5 V, has a VCCIO requirement of 2.5V, which incompatible with the I/O bank's VCCIO setting or with other output or bidirectional pins in the I/O bank using a VCCIO requirement of 3.3V. Assign output and bidirectional pins with different VCCIO requirements to different I/O banks, or change the I/O standard assignment for the specified pin to a compatible I/O standard. The Intel FPGA Knowledge Database contains many articles with specific details on how to resolve this error. Visit the Knowledge Database at https://www.altera.com/support/support-resources/knowledge-base/search.html and search for this specific error message number. File: C:/repos/hvps/Code/Verilog/HVPSController2/hvps_controller.v Line: 11
        Info (169073): Pin U5_INV_EOC in I/O bank 5 uses VCCIO 3.3V File: C:/repos/hvps/Code/Verilog/HVPSController2/hvps_controller.v Line: 7
        Info (169073): Pin U5_INV_RD in I/O bank 5 uses VCCIO 3.3V File: C:/repos/hvps/Code/Verilog/HVPSController2/hvps_controller.v Line: 7
        Info (169073): Pin U5_INV_CONVST in I/O bank 5 uses VCCIO 3.3V File: C:/repos/hvps/Code/Verilog/HVPSController2/hvps_controller.v Line: 7
        Info (169073): Pin U5_DB0 in I/O bank 5 uses VCCIO 3.3V File: C:/repos/hvps/Code/Verilog/HVPSController2/hvps_controller.v Line: 8
        Info (169073): Pin U5_DB1 in I/O bank 5 uses VCCIO 3.3V File: C:/repos/hvps/Code/Verilog/HVPSController2/hvps_controller.v Line: 8
        Info (169073): Pin U5_DB2 in I/O bank 5 uses VCCIO 3.3V File: C:/repos/hvps/Code/Verilog/HVPSController2/hvps_controller.v Line: 8
    Error (169026): Pin INV_PD with I/O standard assignment 2.5 V is incompatible with I/O bank 6. I/O standard 2.5 V, has a VCCIO requirement of 2.5V, which incompatible with the I/O bank's VCCIO setting or with other output or bidirectional pins in the I/O bank using a VCCIO requirement of 3.3V. Assign output and bidirectional pins with different VCCIO requirements to different I/O banks, or change the I/O standard assignment for the specified pin to a compatible I/O standard. The Intel FPGA Knowledge Database contains many articles with specific details on how to resolve this error. Visit the Knowledge Database at https://www.altera.com/support/support-resources/knowledge-base/search.html and search for this specific error message number. File: C:/repos/hvps/Code/Verilog/HVPSController2/hvps_controller.v Line: 11
        Info (169308): Design partition "Top" has 2 pin(s) in the I/O bank 6 and the pins(s) use VCCIO 3.3V
            Info (169073): Pin U12_INV_EOC in I/O bank 6 uses VCCIO 3.3V File: C:/repos/hvps/Code/Verilog/HVPSController2/hvps_controller.v Line: 4
            Info (169073): Pin clk in I/O bank 6 uses VCCIO 3.3V File: C:/repos/hvps/Code/Verilog/HVPSController2/hvps_controller.v Line: 2
        Info (169309): Pin INV_PD is in design partition "Top" File: C:/repos/hvps/Code/Verilog/HVPSController2/hvps_controller.v Line: 11
        Info (169308): Design partition "hard_block:auto_generated_inst" has 1 pin(s) in the I/O bank 6 and the pins(s) use VCCIO 3.3V
            Info (169073): Pin ~ALTERA_nCEO~ in I/O bank 6 uses VCCIO 3.3V
        Info (169309): Pin INV_PD is in design partition "Top" File: C:/repos/hvps/Code/Verilog/HVPSController2/hvps_controller.v Line: 11
    Error (169026): Pin INV_PD with I/O standard assignment 2.5 V is incompatible with I/O bank 7. I/O standard 2.5 V, has a VCCIO requirement of 2.5V, which incompatible with the I/O bank's VCCIO setting or with other output or bidirectional pins in the I/O bank using a VCCIO requirement of 3.3V. Assign output and bidirectional pins with different VCCIO requirements to different I/O banks, or change the I/O standard assignment for the specified pin to a compatible I/O standard. The Intel FPGA Knowledge Database contains many articles with specific details on how to resolve this error. Visit the Knowledge Database at https://www.altera.com/support/support-resources/knowledge-base/search.html and search for this specific error message number. File: C:/repos/hvps/Code/Verilog/HVPSController2/hvps_controller.v Line: 11
        Info (169073): Pin U12_INV_RD in I/O bank 7 uses VCCIO 3.3V File: C:/repos/hvps/Code/Verilog/HVPSController2/hvps_controller.v Line: 4
        Info (169073): Pin U12_INV_CONVST in I/O bank 7 uses VCCIO 3.3V File: C:/repos/hvps/Code/Verilog/HVPSController2/hvps_controller.v Line: 4
        Info (169073): Pin U12_DB0 in I/O bank 7 uses VCCIO 3.3V File: C:/repos/hvps/Code/Verilog/HVPSController2/hvps_controller.v Line: 5
        Info (169073): Pin U12_DB1 in I/O bank 7 uses VCCIO 3.3V File: C:/repos/hvps/Code/Verilog/HVPSController2/hvps_controller.v Line: 5
        Info (169073): Pin U12_DB2 in I/O bank 7 uses VCCIO 3.3V File: C:/repos/hvps/Code/Verilog/HVPSController2/hvps_controller.v Line: 5
        Info (169073): Pin U20_DB5 in I/O bank 7 uses VCCIO 3.3V File: C:/repos/hvps/Code/Verilog/HVPSController2/hvps_controller.v Line: 12
        Info (169073): Pin U20_DB6 in I/O bank 7 uses VCCIO 3.3V File: C:/repos/hvps/Code/Verilog/HVPSController2/hvps_controller.v Line: 12
        Info (169073): Pin U20_DB7 in I/O bank 7 uses VCCIO 3.3V File: C:/repos/hvps/Code/Verilog/HVPSController2/hvps_controller.v Line: 12
    Error (169026): Pin INV_PD with I/O standard assignment 2.5 V is incompatible with I/O bank 8. I/O standard 2.5 V, has a VCCIO requirement of 2.5V, which incompatible with the I/O bank's VCCIO setting or with other output or bidirectional pins in the I/O bank using a VCCIO requirement of 3.3V. Assign output and bidirectional pins with different VCCIO requirements to different I/O banks, or change the I/O standard assignment for the specified pin to a compatible I/O standard. The Intel FPGA Knowledge Database contains many articles with specific details on how to resolve this error. Visit the Knowledge Database at https://www.altera.com/support/support-resources/knowledge-base/search.html and search for this specific error message number. File: C:/repos/hvps/Code/Verilog/HVPSController2/hvps_controller.v Line: 11
        Info (169073): Pin U12_DB4 in I/O bank 8 uses VCCIO 3.3V File: C:/repos/hvps/Code/Verilog/HVPSController2/hvps_controller.v Line: 5
        Info (169073): Pin U12_DB5 in I/O bank 8 uses VCCIO 3.3V File: C:/repos/hvps/Code/Verilog/HVPSController2/hvps_controller.v Line: 5
        Info (169073): Pin U12_DB6 in I/O bank 8 uses VCCIO 3.3V File: C:/repos/hvps/Code/Verilog/HVPSController2/hvps_controller.v Line: 5
        Info (169073): Pin U12_DB7 in I/O bank 8 uses VCCIO 3.3V File: C:/repos/hvps/Code/Verilog/HVPSController2/hvps_controller.v Line: 5
        Info (169073): Pin U20_DB3 in I/O bank 8 uses VCCIO 3.3V File: C:/repos/hvps/Code/Verilog/HVPSController2/hvps_controller.v Line: 12
        Info (169073): Pin U20_DB4 in I/O bank 8 uses VCCIO 3.3V File: C:/repos/hvps/Code/Verilog/HVPSController2/hvps_controller.v Line: 12
Error (176210): Can't place pin ESP_IN_SHIFT with I/O standard 2.5 V, Termination setting Off, and PCI I/O setting off due to device constraints File: C:/repos/hvps/Code/Verilog/HVPSController2/hvps_controller.v Line: 16
    Error (169026): Pin ESP_IN_SHIFT with I/O standard assignment 2.5 V is incompatible with I/O bank 1. I/O standard 2.5 V, has a VCCIO requirement of 2.5V, which incompatible with the I/O bank's VCCIO setting or with other output or bidirectional pins in the I/O bank using a VCCIO requirement of 3.3V. Assign output and bidirectional pins with different VCCIO requirements to different I/O banks, or change the I/O standard assignment for the specified pin to a compatible I/O standard. The Intel FPGA Knowledge Database contains many articles with specific details on how to resolve this error. Visit the Knowledge Database at https://www.altera.com/support/support-resources/knowledge-base/search.html and search for this specific error message number. File: C:/repos/hvps/Code/Verilog/HVPSController2/hvps_controller.v Line: 16
        Info (169308): Design partition "Top" has 1 pin(s) in the I/O bank 1 and the pins(s) use VCCIO 3.3V
            Info (169073): Pin U12_DB3 in I/O bank 1 uses VCCIO 3.3V File: C:/repos/hvps/Code/Verilog/HVPSController2/hvps_controller.v Line: 5
        Info (169309): Pin ESP_IN_SHIFT is in design partition "Top" File: C:/repos/hvps/Code/Verilog/HVPSController2/hvps_controller.v Line: 16
        Info (169308): Design partition "hard_block:auto_generated_inst" has 4 pin(s) in the I/O bank 1 and the pins(s) use VCCIO 3.3V
            Info (169073): Pin ~ALTERA_ASDO_DATA1~ in I/O bank 1 uses VCCIO 3.3V
            Info (169073): Pin ~ALTERA_FLASH_nCE_nCSO~ in I/O bank 1 uses VCCIO 3.3V
            Info (169073): Pin ~ALTERA_DCLK~ in I/O bank 1 uses VCCIO 3.3V
            Info (169073): Pin ~ALTERA_DATA0~ in I/O bank 1 uses VCCIO 3.3V
        Info (169309): Pin ESP_IN_SHIFT is in design partition "Top" File: C:/repos/hvps/Code/Verilog/HVPSController2/hvps_controller.v Line: 16
    Error (169026): Pin ESP_IN_SHIFT with I/O standard assignment 2.5 V is incompatible with I/O bank 2. I/O standard 2.5 V, has a VCCIO requirement of 2.5V, which incompatible with the I/O bank's VCCIO setting or with other output or bidirectional pins in the I/O bank using a VCCIO requirement of 3.3V. Assign output and bidirectional pins with different VCCIO requirements to different I/O banks, or change the I/O standard assignment for the specified pin to a compatible I/O standard. The Intel FPGA Knowledge Database contains many articles with specific details on how to resolve this error. Visit the Knowledge Database at https://www.altera.com/support/support-resources/knowledge-base/search.html and search for this specific error message number. File: C:/repos/hvps/Code/Verilog/HVPSController2/hvps_controller.v Line: 16
        Info (169073): Pin OR6 in I/O bank 2 uses VCCIO 3.3V File: C:/repos/hvps/Code/Verilog/HVPSController2/hvps_controller.v Line: 14
        Info (169073): Pin OT4 in I/O bank 2 uses VCCIO 3.3V File: C:/repos/hvps/Code/Verilog/HVPSController2/hvps_controller.v Line: 14
    Error (169026): Pin ESP_IN_SHIFT with I/O standard assignment 2.5 V is incompatible with I/O bank 3. I/O standard 2.5 V, has a VCCIO requirement of 2.5V, which incompatible with the I/O bank's VCCIO setting or with other output or bidirectional pins in the I/O bank using a VCCIO requirement of 3.3V. Assign output and bidirectional pins with different VCCIO requirements to different I/O banks, or change the I/O standard assignment for the specified pin to a compatible I/O standard. The Intel FPGA Knowledge Database contains many articles with specific details on how to resolve this error. Visit the Knowledge Database at https://www.altera.com/support/support-resources/knowledge-base/search.html and search for this specific error message number. File: C:/repos/hvps/Code/Verilog/HVPSController2/hvps_controller.v Line: 16
        Info (169073): Pin U20_INV_RD in I/O bank 3 uses VCCIO 3.3V File: C:/repos/hvps/Code/Verilog/HVPSController2/hvps_controller.v Line: 10
        Info (169073): Pin U20_INV_CONVST in I/O bank 3 uses VCCIO 3.3V File: C:/repos/hvps/Code/Verilog/HVPSController2/hvps_controller.v Line: 10
        Info (169073): Pin U20_DB0 in I/O bank 3 uses VCCIO 3.3V File: C:/repos/hvps/Code/Verilog/HVPSController2/hvps_controller.v Line: 12
        Info (169073): Pin U20_DB1 in I/O bank 3 uses VCCIO 3.3V File: C:/repos/hvps/Code/Verilog/HVPSController2/hvps_controller.v Line: 12
        Info (169073): Pin U20_DB2 in I/O bank 3 uses VCCIO 3.3V File: C:/repos/hvps/Code/Verilog/HVPSController2/hvps_controller.v Line: 12
        Info (169073): Pin OR4 in I/O bank 3 uses VCCIO 3.3V File: C:/repos/hvps/Code/Verilog/HVPSController2/hvps_controller.v Line: 14
        Info (169073): Pin OR5 in I/O bank 3 uses VCCIO 3.3V File: C:/repos/hvps/Code/Verilog/HVPSController2/hvps_controller.v Line: 14
        Info (169073): Pin OT5 in I/O bank 3 uses VCCIO 3.3V File: C:/repos/hvps/Code/Verilog/HVPSController2/hvps_controller.v Line: 14
    Error (169026): Pin ESP_IN_SHIFT with I/O standard assignment 2.5 V is incompatible with I/O bank 4. I/O standard 2.5 V, has a VCCIO requirement of 2.5V, which incompatible with the I/O bank's VCCIO setting or with other output or bidirectional pins in the I/O bank using a VCCIO requirement of 3.3V. Assign output and bidirectional pins with different VCCIO requirements to different I/O banks, or change the I/O standard assignment for the specified pin to a compatible I/O standard. The Intel FPGA Knowledge Database contains many articles with specific details on how to resolve this error. Visit the Knowledge Database at https://www.altera.com/support/support-resources/knowledge-base/search.html and search for this specific error message number. File: C:/repos/hvps/Code/Verilog/HVPSController2/hvps_controller.v Line: 16
        Info (169073): Pin U5_DB3 in I/O bank 4 uses VCCIO 3.3V File: C:/repos/hvps/Code/Verilog/HVPSController2/hvps_controller.v Line: 8
        Info (169073): Pin U5_DB4 in I/O bank 4 uses VCCIO 3.3V File: C:/repos/hvps/Code/Verilog/HVPSController2/hvps_controller.v Line: 8
        Info (169073): Pin U5_DB5 in I/O bank 4 uses VCCIO 3.3V File: C:/repos/hvps/Code/Verilog/HVPSController2/hvps_controller.v Line: 8
        Info (169073): Pin U5_DB6 in I/O bank 4 uses VCCIO 3.3V File: C:/repos/hvps/Code/Verilog/HVPSController2/hvps_controller.v Line: 8
        Info (169073): Pin U5_DB7 in I/O bank 4 uses VCCIO 3.3V File: C:/repos/hvps/Code/Verilog/HVPSController2/hvps_controller.v Line: 8
        Info (169073): Pin U20_INV_EOC in I/O bank 4 uses VCCIO 3.3V File: C:/repos/hvps/Code/Verilog/HVPSController2/hvps_controller.v Line: 10
    Error (169026): Pin ESP_IN_SHIFT with I/O standard assignment 2.5 V is incompatible with I/O bank 5. I/O standard 2.5 V, has a VCCIO requirement of 2.5V, which incompatible with the I/O bank's VCCIO setting or with other output or bidirectional pins in the I/O bank using a VCCIO requirement of 3.3V. Assign output and bidirectional pins with different VCCIO requirements to different I/O banks, or change the I/O standard assignment for the specified pin to a compatible I/O standard. The Intel FPGA Knowledge Database contains many articles with specific details on how to resolve this error. Visit the Knowledge Database at https://www.altera.com/support/support-resources/knowledge-base/search.html and search for this specific error message number. File: C:/repos/hvps/Code/Verilog/HVPSController2/hvps_controller.v Line: 16
        Info (169073): Pin U5_INV_EOC in I/O bank 5 uses VCCIO 3.3V File: C:/repos/hvps/Code/Verilog/HVPSController2/hvps_controller.v Line: 7
        Info (169073): Pin U5_INV_RD in I/O bank 5 uses VCCIO 3.3V File: C:/repos/hvps/Code/Verilog/HVPSController2/hvps_controller.v Line: 7
        Info (169073): Pin U5_INV_CONVST in I/O bank 5 uses VCCIO 3.3V File: C:/repos/hvps/Code/Verilog/HVPSController2/hvps_controller.v Line: 7
        Info (169073): Pin U5_DB0 in I/O bank 5 uses VCCIO 3.3V File: C:/repos/hvps/Code/Verilog/HVPSController2/hvps_controller.v Line: 8
        Info (169073): Pin U5_DB1 in I/O bank 5 uses VCCIO 3.3V File: C:/repos/hvps/Code/Verilog/HVPSController2/hvps_controller.v Line: 8
        Info (169073): Pin U5_DB2 in I/O bank 5 uses VCCIO 3.3V File: C:/repos/hvps/Code/Verilog/HVPSController2/hvps_controller.v Line: 8
    Error (169026): Pin ESP_IN_SHIFT with I/O standard assignment 2.5 V is incompatible with I/O bank 6. I/O standard 2.5 V, has a VCCIO requirement of 2.5V, which incompatible with the I/O bank's VCCIO setting or with other output or bidirectional pins in the I/O bank using a VCCIO requirement of 3.3V. Assign output and bidirectional pins with different VCCIO requirements to different I/O banks, or change the I/O standard assignment for the specified pin to a compatible I/O standard. The Intel FPGA Knowledge Database contains many articles with specific details on how to resolve this error. Visit the Knowledge Database at https://www.altera.com/support/support-resources/knowledge-base/search.html and search for this specific error message number. File: C:/repos/hvps/Code/Verilog/HVPSController2/hvps_controller.v Line: 16
        Info (169308): Design partition "Top" has 2 pin(s) in the I/O bank 6 and the pins(s) use VCCIO 3.3V
            Info (169073): Pin U12_INV_EOC in I/O bank 6 uses VCCIO 3.3V File: C:/repos/hvps/Code/Verilog/HVPSController2/hvps_controller.v Line: 4
            Info (169073): Pin clk in I/O bank 6 uses VCCIO 3.3V File: C:/repos/hvps/Code/Verilog/HVPSController2/hvps_controller.v Line: 2
        Info (169309): Pin ESP_IN_SHIFT is in design partition "Top" File: C:/repos/hvps/Code/Verilog/HVPSController2/hvps_controller.v Line: 16
        Info (169308): Design partition "hard_block:auto_generated_inst" has 1 pin(s) in the I/O bank 6 and the pins(s) use VCCIO 3.3V
            Info (169073): Pin ~ALTERA_nCEO~ in I/O bank 6 uses VCCIO 3.3V
        Info (169309): Pin ESP_IN_SHIFT is in design partition "Top" File: C:/repos/hvps/Code/Verilog/HVPSController2/hvps_controller.v Line: 16
    Error (169026): Pin ESP_IN_SHIFT with I/O standard assignment 2.5 V is incompatible with I/O bank 7. I/O standard 2.5 V, has a VCCIO requirement of 2.5V, which incompatible with the I/O bank's VCCIO setting or with other output or bidirectional pins in the I/O bank using a VCCIO requirement of 3.3V. Assign output and bidirectional pins with different VCCIO requirements to different I/O banks, or change the I/O standard assignment for the specified pin to a compatible I/O standard. The Intel FPGA Knowledge Database contains many articles with specific details on how to resolve this error. Visit the Knowledge Database at https://www.altera.com/support/support-resources/knowledge-base/search.html and search for this specific error message number. File: C:/repos/hvps/Code/Verilog/HVPSController2/hvps_controller.v Line: 16
        Info (169073): Pin U12_INV_RD in I/O bank 7 uses VCCIO 3.3V File: C:/repos/hvps/Code/Verilog/HVPSController2/hvps_controller.v Line: 4
        Info (169073): Pin U12_INV_CONVST in I/O bank 7 uses VCCIO 3.3V File: C:/repos/hvps/Code/Verilog/HVPSController2/hvps_controller.v Line: 4
        Info (169073): Pin U12_DB0 in I/O bank 7 uses VCCIO 3.3V File: C:/repos/hvps/Code/Verilog/HVPSController2/hvps_controller.v Line: 5
        Info (169073): Pin U12_DB1 in I/O bank 7 uses VCCIO 3.3V File: C:/repos/hvps/Code/Verilog/HVPSController2/hvps_controller.v Line: 5
        Info (169073): Pin U12_DB2 in I/O bank 7 uses VCCIO 3.3V File: C:/repos/hvps/Code/Verilog/HVPSController2/hvps_controller.v Line: 5
        Info (169073): Pin U20_DB5 in I/O bank 7 uses VCCIO 3.3V File: C:/repos/hvps/Code/Verilog/HVPSController2/hvps_controller.v Line: 12
        Info (169073): Pin U20_DB6 in I/O bank 7 uses VCCIO 3.3V File: C:/repos/hvps/Code/Verilog/HVPSController2/hvps_controller.v Line: 12
        Info (169073): Pin U20_DB7 in I/O bank 7 uses VCCIO 3.3V File: C:/repos/hvps/Code/Verilog/HVPSController2/hvps_controller.v Line: 12
    Error (169026): Pin ESP_IN_SHIFT with I/O standard assignment 2.5 V is incompatible with I/O bank 8. I/O standard 2.5 V, has a VCCIO requirement of 2.5V, which incompatible with the I/O bank's VCCIO setting or with other output or bidirectional pins in the I/O bank using a VCCIO requirement of 3.3V. Assign output and bidirectional pins with different VCCIO requirements to different I/O banks, or change the I/O standard assignment for the specified pin to a compatible I/O standard. The Intel FPGA Knowledge Database contains many articles with specific details on how to resolve this error. Visit the Knowledge Database at https://www.altera.com/support/support-resources/knowledge-base/search.html and search for this specific error message number. File: C:/repos/hvps/Code/Verilog/HVPSController2/hvps_controller.v Line: 16
        Info (169073): Pin U12_DB4 in I/O bank 8 uses VCCIO 3.3V File: C:/repos/hvps/Code/Verilog/HVPSController2/hvps_controller.v Line: 5
        Info (169073): Pin U12_DB5 in I/O bank 8 uses VCCIO 3.3V File: C:/repos/hvps/Code/Verilog/HVPSController2/hvps_controller.v Line: 5
        Info (169073): Pin U12_DB6 in I/O bank 8 uses VCCIO 3.3V File: C:/repos/hvps/Code/Verilog/HVPSController2/hvps_controller.v Line: 5
        Info (169073): Pin U12_DB7 in I/O bank 8 uses VCCIO 3.3V File: C:/repos/hvps/Code/Verilog/HVPSController2/hvps_controller.v Line: 5
        Info (169073): Pin U20_DB3 in I/O bank 8 uses VCCIO 3.3V File: C:/repos/hvps/Code/Verilog/HVPSController2/hvps_controller.v Line: 12
        Info (169073): Pin U20_DB4 in I/O bank 8 uses VCCIO 3.3V File: C:/repos/hvps/Code/Verilog/HVPSController2/hvps_controller.v Line: 12
Error (176210): Can't place pin ESP_IN_VALUE with I/O standard 2.5 V, Termination setting Off, and PCI I/O setting off due to device constraints File: C:/repos/hvps/Code/Verilog/HVPSController2/hvps_controller.v Line: 16
    Error (169026): Pin ESP_IN_VALUE with I/O standard assignment 2.5 V is incompatible with I/O bank 1. I/O standard 2.5 V, has a VCCIO requirement of 2.5V, which incompatible with the I/O bank's VCCIO setting or with other output or bidirectional pins in the I/O bank using a VCCIO requirement of 3.3V. Assign output and bidirectional pins with different VCCIO requirements to different I/O banks, or change the I/O standard assignment for the specified pin to a compatible I/O standard. The Intel FPGA Knowledge Database contains many articles with specific details on how to resolve this error. Visit the Knowledge Database at https://www.altera.com/support/support-resources/knowledge-base/search.html and search for this specific error message number. File: C:/repos/hvps/Code/Verilog/HVPSController2/hvps_controller.v Line: 16
        Info (169308): Design partition "Top" has 1 pin(s) in the I/O bank 1 and the pins(s) use VCCIO 3.3V
            Info (169073): Pin U12_DB3 in I/O bank 1 uses VCCIO 3.3V File: C:/repos/hvps/Code/Verilog/HVPSController2/hvps_controller.v Line: 5
        Info (169309): Pin ESP_IN_VALUE is in design partition "Top" File: C:/repos/hvps/Code/Verilog/HVPSController2/hvps_controller.v Line: 16
        Info (169308): Design partition "hard_block:auto_generated_inst" has 4 pin(s) in the I/O bank 1 and the pins(s) use VCCIO 3.3V
            Info (169073): Pin ~ALTERA_ASDO_DATA1~ in I/O bank 1 uses VCCIO 3.3V
            Info (169073): Pin ~ALTERA_FLASH_nCE_nCSO~ in I/O bank 1 uses VCCIO 3.3V
            Info (169073): Pin ~ALTERA_DCLK~ in I/O bank 1 uses VCCIO 3.3V
            Info (169073): Pin ~ALTERA_DATA0~ in I/O bank 1 uses VCCIO 3.3V
        Info (169309): Pin ESP_IN_VALUE is in design partition "Top" File: C:/repos/hvps/Code/Verilog/HVPSController2/hvps_controller.v Line: 16
    Error (169026): Pin ESP_IN_VALUE with I/O standard assignment 2.5 V is incompatible with I/O bank 2. I/O standard 2.5 V, has a VCCIO requirement of 2.5V, which incompatible with the I/O bank's VCCIO setting or with other output or bidirectional pins in the I/O bank using a VCCIO requirement of 3.3V. Assign output and bidirectional pins with different VCCIO requirements to different I/O banks, or change the I/O standard assignment for the specified pin to a compatible I/O standard. The Intel FPGA Knowledge Database contains many articles with specific details on how to resolve this error. Visit the Knowledge Database at https://www.altera.com/support/support-resources/knowledge-base/search.html and search for this specific error message number. File: C:/repos/hvps/Code/Verilog/HVPSController2/hvps_controller.v Line: 16
        Info (169073): Pin OR6 in I/O bank 2 uses VCCIO 3.3V File: C:/repos/hvps/Code/Verilog/HVPSController2/hvps_controller.v Line: 14
        Info (169073): Pin OT4 in I/O bank 2 uses VCCIO 3.3V File: C:/repos/hvps/Code/Verilog/HVPSController2/hvps_controller.v Line: 14
    Error (169026): Pin ESP_IN_VALUE with I/O standard assignment 2.5 V is incompatible with I/O bank 3. I/O standard 2.5 V, has a VCCIO requirement of 2.5V, which incompatible with the I/O bank's VCCIO setting or with other output or bidirectional pins in the I/O bank using a VCCIO requirement of 3.3V. Assign output and bidirectional pins with different VCCIO requirements to different I/O banks, or change the I/O standard assignment for the specified pin to a compatible I/O standard. The Intel FPGA Knowledge Database contains many articles with specific details on how to resolve this error. Visit the Knowledge Database at https://www.altera.com/support/support-resources/knowledge-base/search.html and search for this specific error message number. File: C:/repos/hvps/Code/Verilog/HVPSController2/hvps_controller.v Line: 16
        Info (169073): Pin U20_INV_RD in I/O bank 3 uses VCCIO 3.3V File: C:/repos/hvps/Code/Verilog/HVPSController2/hvps_controller.v Line: 10
        Info (169073): Pin U20_INV_CONVST in I/O bank 3 uses VCCIO 3.3V File: C:/repos/hvps/Code/Verilog/HVPSController2/hvps_controller.v Line: 10
        Info (169073): Pin U20_DB0 in I/O bank 3 uses VCCIO 3.3V File: C:/repos/hvps/Code/Verilog/HVPSController2/hvps_controller.v Line: 12
        Info (169073): Pin U20_DB1 in I/O bank 3 uses VCCIO 3.3V File: C:/repos/hvps/Code/Verilog/HVPSController2/hvps_controller.v Line: 12
        Info (169073): Pin U20_DB2 in I/O bank 3 uses VCCIO 3.3V File: C:/repos/hvps/Code/Verilog/HVPSController2/hvps_controller.v Line: 12
        Info (169073): Pin OR4 in I/O bank 3 uses VCCIO 3.3V File: C:/repos/hvps/Code/Verilog/HVPSController2/hvps_controller.v Line: 14
        Info (169073): Pin OR5 in I/O bank 3 uses VCCIO 3.3V File: C:/repos/hvps/Code/Verilog/HVPSController2/hvps_controller.v Line: 14
        Info (169073): Pin OT5 in I/O bank 3 uses VCCIO 3.3V File: C:/repos/hvps/Code/Verilog/HVPSController2/hvps_controller.v Line: 14
    Error (169026): Pin ESP_IN_VALUE with I/O standard assignment 2.5 V is incompatible with I/O bank 4. I/O standard 2.5 V, has a VCCIO requirement of 2.5V, which incompatible with the I/O bank's VCCIO setting or with other output or bidirectional pins in the I/O bank using a VCCIO requirement of 3.3V. Assign output and bidirectional pins with different VCCIO requirements to different I/O banks, or change the I/O standard assignment for the specified pin to a compatible I/O standard. The Intel FPGA Knowledge Database contains many articles with specific details on how to resolve this error. Visit the Knowledge Database at https://www.altera.com/support/support-resources/knowledge-base/search.html and search for this specific error message number. File: C:/repos/hvps/Code/Verilog/HVPSController2/hvps_controller.v Line: 16
        Info (169073): Pin U5_DB3 in I/O bank 4 uses VCCIO 3.3V File: C:/repos/hvps/Code/Verilog/HVPSController2/hvps_controller.v Line: 8
        Info (169073): Pin U5_DB4 in I/O bank 4 uses VCCIO 3.3V File: C:/repos/hvps/Code/Verilog/HVPSController2/hvps_controller.v Line: 8
        Info (169073): Pin U5_DB5 in I/O bank 4 uses VCCIO 3.3V File: C:/repos/hvps/Code/Verilog/HVPSController2/hvps_controller.v Line: 8
        Info (169073): Pin U5_DB6 in I/O bank 4 uses VCCIO 3.3V File: C:/repos/hvps/Code/Verilog/HVPSController2/hvps_controller.v Line: 8
        Info (169073): Pin U5_DB7 in I/O bank 4 uses VCCIO 3.3V File: C:/repos/hvps/Code/Verilog/HVPSController2/hvps_controller.v Line: 8
        Info (169073): Pin U20_INV_EOC in I/O bank 4 uses VCCIO 3.3V File: C:/repos/hvps/Code/Verilog/HVPSController2/hvps_controller.v Line: 10
    Error (169026): Pin ESP_IN_VALUE with I/O standard assignment 2.5 V is incompatible with I/O bank 5. I/O standard 2.5 V, has a VCCIO requirement of 2.5V, which incompatible with the I/O bank's VCCIO setting or with other output or bidirectional pins in the I/O bank using a VCCIO requirement of 3.3V. Assign output and bidirectional pins with different VCCIO requirements to different I/O banks, or change the I/O standard assignment for the specified pin to a compatible I/O standard. The Intel FPGA Knowledge Database contains many articles with specific details on how to resolve this error. Visit the Knowledge Database at https://www.altera.com/support/support-resources/knowledge-base/search.html and search for this specific error message number. File: C:/repos/hvps/Code/Verilog/HVPSController2/hvps_controller.v Line: 16
        Info (169073): Pin U5_INV_EOC in I/O bank 5 uses VCCIO 3.3V File: C:/repos/hvps/Code/Verilog/HVPSController2/hvps_controller.v Line: 7
        Info (169073): Pin U5_INV_RD in I/O bank 5 uses VCCIO 3.3V File: C:/repos/hvps/Code/Verilog/HVPSController2/hvps_controller.v Line: 7
        Info (169073): Pin U5_INV_CONVST in I/O bank 5 uses VCCIO 3.3V File: C:/repos/hvps/Code/Verilog/HVPSController2/hvps_controller.v Line: 7
        Info (169073): Pin U5_DB0 in I/O bank 5 uses VCCIO 3.3V File: C:/repos/hvps/Code/Verilog/HVPSController2/hvps_controller.v Line: 8
        Info (169073): Pin U5_DB1 in I/O bank 5 uses VCCIO 3.3V File: C:/repos/hvps/Code/Verilog/HVPSController2/hvps_controller.v Line: 8
        Info (169073): Pin U5_DB2 in I/O bank 5 uses VCCIO 3.3V File: C:/repos/hvps/Code/Verilog/HVPSController2/hvps_controller.v Line: 8
    Error (169026): Pin ESP_IN_VALUE with I/O standard assignment 2.5 V is incompatible with I/O bank 6. I/O standard 2.5 V, has a VCCIO requirement of 2.5V, which incompatible with the I/O bank's VCCIO setting or with other output or bidirectional pins in the I/O bank using a VCCIO requirement of 3.3V. Assign output and bidirectional pins with different VCCIO requirements to different I/O banks, or change the I/O standard assignment for the specified pin to a compatible I/O standard. The Intel FPGA Knowledge Database contains many articles with specific details on how to resolve this error. Visit the Knowledge Database at https://www.altera.com/support/support-resources/knowledge-base/search.html and search for this specific error message number. File: C:/repos/hvps/Code/Verilog/HVPSController2/hvps_controller.v Line: 16
        Info (169308): Design partition "Top" has 2 pin(s) in the I/O bank 6 and the pins(s) use VCCIO 3.3V
            Info (169073): Pin U12_INV_EOC in I/O bank 6 uses VCCIO 3.3V File: C:/repos/hvps/Code/Verilog/HVPSController2/hvps_controller.v Line: 4
            Info (169073): Pin clk in I/O bank 6 uses VCCIO 3.3V File: C:/repos/hvps/Code/Verilog/HVPSController2/hvps_controller.v Line: 2
        Info (169309): Pin ESP_IN_VALUE is in design partition "Top" File: C:/repos/hvps/Code/Verilog/HVPSController2/hvps_controller.v Line: 16
        Info (169308): Design partition "hard_block:auto_generated_inst" has 1 pin(s) in the I/O bank 6 and the pins(s) use VCCIO 3.3V
            Info (169073): Pin ~ALTERA_nCEO~ in I/O bank 6 uses VCCIO 3.3V
        Info (169309): Pin ESP_IN_VALUE is in design partition "Top" File: C:/repos/hvps/Code/Verilog/HVPSController2/hvps_controller.v Line: 16
    Error (169026): Pin ESP_IN_VALUE with I/O standard assignment 2.5 V is incompatible with I/O bank 7. I/O standard 2.5 V, has a VCCIO requirement of 2.5V, which incompatible with the I/O bank's VCCIO setting or with other output or bidirectional pins in the I/O bank using a VCCIO requirement of 3.3V. Assign output and bidirectional pins with different VCCIO requirements to different I/O banks, or change the I/O standard assignment for the specified pin to a compatible I/O standard. The Intel FPGA Knowledge Database contains many articles with specific details on how to resolve this error. Visit the Knowledge Database at https://www.altera.com/support/support-resources/knowledge-base/search.html and search for this specific error message number. File: C:/repos/hvps/Code/Verilog/HVPSController2/hvps_controller.v Line: 16
        Info (169073): Pin U12_INV_RD in I/O bank 7 uses VCCIO 3.3V File: C:/repos/hvps/Code/Verilog/HVPSController2/hvps_controller.v Line: 4
        Info (169073): Pin U12_INV_CONVST in I/O bank 7 uses VCCIO 3.3V File: C:/repos/hvps/Code/Verilog/HVPSController2/hvps_controller.v Line: 4
        Info (169073): Pin U12_DB0 in I/O bank 7 uses VCCIO 3.3V File: C:/repos/hvps/Code/Verilog/HVPSController2/hvps_controller.v Line: 5
        Info (169073): Pin U12_DB1 in I/O bank 7 uses VCCIO 3.3V File: C:/repos/hvps/Code/Verilog/HVPSController2/hvps_controller.v Line: 5
        Info (169073): Pin U12_DB2 in I/O bank 7 uses VCCIO 3.3V File: C:/repos/hvps/Code/Verilog/HVPSController2/hvps_controller.v Line: 5
        Info (169073): Pin U20_DB5 in I/O bank 7 uses VCCIO 3.3V File: C:/repos/hvps/Code/Verilog/HVPSController2/hvps_controller.v Line: 12
        Info (169073): Pin U20_DB6 in I/O bank 7 uses VCCIO 3.3V File: C:/repos/hvps/Code/Verilog/HVPSController2/hvps_controller.v Line: 12
        Info (169073): Pin U20_DB7 in I/O bank 7 uses VCCIO 3.3V File: C:/repos/hvps/Code/Verilog/HVPSController2/hvps_controller.v Line: 12
    Error (169026): Pin ESP_IN_VALUE with I/O standard assignment 2.5 V is incompatible with I/O bank 8. I/O standard 2.5 V, has a VCCIO requirement of 2.5V, which incompatible with the I/O bank's VCCIO setting or with other output or bidirectional pins in the I/O bank using a VCCIO requirement of 3.3V. Assign output and bidirectional pins with different VCCIO requirements to different I/O banks, or change the I/O standard assignment for the specified pin to a compatible I/O standard. The Intel FPGA Knowledge Database contains many articles with specific details on how to resolve this error. Visit the Knowledge Database at https://www.altera.com/support/support-resources/knowledge-base/search.html and search for this specific error message number. File: C:/repos/hvps/Code/Verilog/HVPSController2/hvps_controller.v Line: 16
        Info (169073): Pin U12_DB4 in I/O bank 8 uses VCCIO 3.3V File: C:/repos/hvps/Code/Verilog/HVPSController2/hvps_controller.v Line: 5
        Info (169073): Pin U12_DB5 in I/O bank 8 uses VCCIO 3.3V File: C:/repos/hvps/Code/Verilog/HVPSController2/hvps_controller.v Line: 5
        Info (169073): Pin U12_DB6 in I/O bank 8 uses VCCIO 3.3V File: C:/repos/hvps/Code/Verilog/HVPSController2/hvps_controller.v Line: 5
        Info (169073): Pin U12_DB7 in I/O bank 8 uses VCCIO 3.3V File: C:/repos/hvps/Code/Verilog/HVPSController2/hvps_controller.v Line: 5
        Info (169073): Pin U20_DB3 in I/O bank 8 uses VCCIO 3.3V File: C:/repos/hvps/Code/Verilog/HVPSController2/hvps_controller.v Line: 12
        Info (169073): Pin U20_DB4 in I/O bank 8 uses VCCIO 3.3V File: C:/repos/hvps/Code/Verilog/HVPSController2/hvps_controller.v Line: 12
Error (176210): Can't place pin ESP_STATE_TO_OUTPUT with I/O standard 2.5 V, Termination setting Off, and PCI I/O setting off due to device constraints File: C:/repos/hvps/Code/Verilog/HVPSController2/hvps_controller.v Line: 16
    Error (169026): Pin ESP_STATE_TO_OUTPUT with I/O standard assignment 2.5 V is incompatible with I/O bank 1. I/O standard 2.5 V, has a VCCIO requirement of 2.5V, which incompatible with the I/O bank's VCCIO setting or with other output or bidirectional pins in the I/O bank using a VCCIO requirement of 3.3V. Assign output and bidirectional pins with different VCCIO requirements to different I/O banks, or change the I/O standard assignment for the specified pin to a compatible I/O standard. The Intel FPGA Knowledge Database contains many articles with specific details on how to resolve this error. Visit the Knowledge Database at https://www.altera.com/support/support-resources/knowledge-base/search.html and search for this specific error message number. File: C:/repos/hvps/Code/Verilog/HVPSController2/hvps_controller.v Line: 16
        Info (169308): Design partition "Top" has 1 pin(s) in the I/O bank 1 and the pins(s) use VCCIO 3.3V
            Info (169073): Pin U12_DB3 in I/O bank 1 uses VCCIO 3.3V File: C:/repos/hvps/Code/Verilog/HVPSController2/hvps_controller.v Line: 5
        Info (169309): Pin ESP_STATE_TO_OUTPUT is in design partition "Top" File: C:/repos/hvps/Code/Verilog/HVPSController2/hvps_controller.v Line: 16
        Info (169308): Design partition "hard_block:auto_generated_inst" has 4 pin(s) in the I/O bank 1 and the pins(s) use VCCIO 3.3V
            Info (169073): Pin ~ALTERA_ASDO_DATA1~ in I/O bank 1 uses VCCIO 3.3V
            Info (169073): Pin ~ALTERA_FLASH_nCE_nCSO~ in I/O bank 1 uses VCCIO 3.3V
            Info (169073): Pin ~ALTERA_DCLK~ in I/O bank 1 uses VCCIO 3.3V
            Info (169073): Pin ~ALTERA_DATA0~ in I/O bank 1 uses VCCIO 3.3V
        Info (169309): Pin ESP_STATE_TO_OUTPUT is in design partition "Top" File: C:/repos/hvps/Code/Verilog/HVPSController2/hvps_controller.v Line: 16
    Error (169026): Pin ESP_STATE_TO_OUTPUT with I/O standard assignment 2.5 V is incompatible with I/O bank 2. I/O standard 2.5 V, has a VCCIO requirement of 2.5V, which incompatible with the I/O bank's VCCIO setting or with other output or bidirectional pins in the I/O bank using a VCCIO requirement of 3.3V. Assign output and bidirectional pins with different VCCIO requirements to different I/O banks, or change the I/O standard assignment for the specified pin to a compatible I/O standard. The Intel FPGA Knowledge Database contains many articles with specific details on how to resolve this error. Visit the Knowledge Database at https://www.altera.com/support/support-resources/knowledge-base/search.html and search for this specific error message number. File: C:/repos/hvps/Code/Verilog/HVPSController2/hvps_controller.v Line: 16
        Info (169073): Pin OR6 in I/O bank 2 uses VCCIO 3.3V File: C:/repos/hvps/Code/Verilog/HVPSController2/hvps_controller.v Line: 14
        Info (169073): Pin OT4 in I/O bank 2 uses VCCIO 3.3V File: C:/repos/hvps/Code/Verilog/HVPSController2/hvps_controller.v Line: 14
    Error (169026): Pin ESP_STATE_TO_OUTPUT with I/O standard assignment 2.5 V is incompatible with I/O bank 3. I/O standard 2.5 V, has a VCCIO requirement of 2.5V, which incompatible with the I/O bank's VCCIO setting or with other output or bidirectional pins in the I/O bank using a VCCIO requirement of 3.3V. Assign output and bidirectional pins with different VCCIO requirements to different I/O banks, or change the I/O standard assignment for the specified pin to a compatible I/O standard. The Intel FPGA Knowledge Database contains many articles with specific details on how to resolve this error. Visit the Knowledge Database at https://www.altera.com/support/support-resources/knowledge-base/search.html and search for this specific error message number. File: C:/repos/hvps/Code/Verilog/HVPSController2/hvps_controller.v Line: 16
        Info (169073): Pin U20_INV_RD in I/O bank 3 uses VCCIO 3.3V File: C:/repos/hvps/Code/Verilog/HVPSController2/hvps_controller.v Line: 10
        Info (169073): Pin U20_INV_CONVST in I/O bank 3 uses VCCIO 3.3V File: C:/repos/hvps/Code/Verilog/HVPSController2/hvps_controller.v Line: 10
        Info (169073): Pin U20_DB0 in I/O bank 3 uses VCCIO 3.3V File: C:/repos/hvps/Code/Verilog/HVPSController2/hvps_controller.v Line: 12
        Info (169073): Pin U20_DB1 in I/O bank 3 uses VCCIO 3.3V File: C:/repos/hvps/Code/Verilog/HVPSController2/hvps_controller.v Line: 12
        Info (169073): Pin U20_DB2 in I/O bank 3 uses VCCIO 3.3V File: C:/repos/hvps/Code/Verilog/HVPSController2/hvps_controller.v Line: 12
        Info (169073): Pin OR4 in I/O bank 3 uses VCCIO 3.3V File: C:/repos/hvps/Code/Verilog/HVPSController2/hvps_controller.v Line: 14
        Info (169073): Pin OR5 in I/O bank 3 uses VCCIO 3.3V File: C:/repos/hvps/Code/Verilog/HVPSController2/hvps_controller.v Line: 14
        Info (169073): Pin OT5 in I/O bank 3 uses VCCIO 3.3V File: C:/repos/hvps/Code/Verilog/HVPSController2/hvps_controller.v Line: 14
    Error (169026): Pin ESP_STATE_TO_OUTPUT with I/O standard assignment 2.5 V is incompatible with I/O bank 4. I/O standard 2.5 V, has a VCCIO requirement of 2.5V, which incompatible with the I/O bank's VCCIO setting or with other output or bidirectional pins in the I/O bank using a VCCIO requirement of 3.3V. Assign output and bidirectional pins with different VCCIO requirements to different I/O banks, or change the I/O standard assignment for the specified pin to a compatible I/O standard. The Intel FPGA Knowledge Database contains many articles with specific details on how to resolve this error. Visit the Knowledge Database at https://www.altera.com/support/support-resources/knowledge-base/search.html and search for this specific error message number. File: C:/repos/hvps/Code/Verilog/HVPSController2/hvps_controller.v Line: 16
        Info (169073): Pin U5_DB3 in I/O bank 4 uses VCCIO 3.3V File: C:/repos/hvps/Code/Verilog/HVPSController2/hvps_controller.v Line: 8
        Info (169073): Pin U5_DB4 in I/O bank 4 uses VCCIO 3.3V File: C:/repos/hvps/Code/Verilog/HVPSController2/hvps_controller.v Line: 8
        Info (169073): Pin U5_DB5 in I/O bank 4 uses VCCIO 3.3V File: C:/repos/hvps/Code/Verilog/HVPSController2/hvps_controller.v Line: 8
        Info (169073): Pin U5_DB6 in I/O bank 4 uses VCCIO 3.3V File: C:/repos/hvps/Code/Verilog/HVPSController2/hvps_controller.v Line: 8
        Info (169073): Pin U5_DB7 in I/O bank 4 uses VCCIO 3.3V File: C:/repos/hvps/Code/Verilog/HVPSController2/hvps_controller.v Line: 8
        Info (169073): Pin U20_INV_EOC in I/O bank 4 uses VCCIO 3.3V File: C:/repos/hvps/Code/Verilog/HVPSController2/hvps_controller.v Line: 10
    Error (169026): Pin ESP_STATE_TO_OUTPUT with I/O standard assignment 2.5 V is incompatible with I/O bank 5. I/O standard 2.5 V, has a VCCIO requirement of 2.5V, which incompatible with the I/O bank's VCCIO setting or with other output or bidirectional pins in the I/O bank using a VCCIO requirement of 3.3V. Assign output and bidirectional pins with different VCCIO requirements to different I/O banks, or change the I/O standard assignment for the specified pin to a compatible I/O standard. The Intel FPGA Knowledge Database contains many articles with specific details on how to resolve this error. Visit the Knowledge Database at https://www.altera.com/support/support-resources/knowledge-base/search.html and search for this specific error message number. File: C:/repos/hvps/Code/Verilog/HVPSController2/hvps_controller.v Line: 16
        Info (169073): Pin U5_INV_EOC in I/O bank 5 uses VCCIO 3.3V File: C:/repos/hvps/Code/Verilog/HVPSController2/hvps_controller.v Line: 7
        Info (169073): Pin U5_INV_RD in I/O bank 5 uses VCCIO 3.3V File: C:/repos/hvps/Code/Verilog/HVPSController2/hvps_controller.v Line: 7
        Info (169073): Pin U5_INV_CONVST in I/O bank 5 uses VCCIO 3.3V File: C:/repos/hvps/Code/Verilog/HVPSController2/hvps_controller.v Line: 7
        Info (169073): Pin U5_DB0 in I/O bank 5 uses VCCIO 3.3V File: C:/repos/hvps/Code/Verilog/HVPSController2/hvps_controller.v Line: 8
        Info (169073): Pin U5_DB1 in I/O bank 5 uses VCCIO 3.3V File: C:/repos/hvps/Code/Verilog/HVPSController2/hvps_controller.v Line: 8
        Info (169073): Pin U5_DB2 in I/O bank 5 uses VCCIO 3.3V File: C:/repos/hvps/Code/Verilog/HVPSController2/hvps_controller.v Line: 8
    Error (169026): Pin ESP_STATE_TO_OUTPUT with I/O standard assignment 2.5 V is incompatible with I/O bank 6. I/O standard 2.5 V, has a VCCIO requirement of 2.5V, which incompatible with the I/O bank's VCCIO setting or with other output or bidirectional pins in the I/O bank using a VCCIO requirement of 3.3V. Assign output and bidirectional pins with different VCCIO requirements to different I/O banks, or change the I/O standard assignment for the specified pin to a compatible I/O standard. The Intel FPGA Knowledge Database contains many articles with specific details on how to resolve this error. Visit the Knowledge Database at https://www.altera.com/support/support-resources/knowledge-base/search.html and search for this specific error message number. File: C:/repos/hvps/Code/Verilog/HVPSController2/hvps_controller.v Line: 16
        Info (169308): Design partition "Top" has 2 pin(s) in the I/O bank 6 and the pins(s) use VCCIO 3.3V
            Info (169073): Pin U12_INV_EOC in I/O bank 6 uses VCCIO 3.3V File: C:/repos/hvps/Code/Verilog/HVPSController2/hvps_controller.v Line: 4
            Info (169073): Pin clk in I/O bank 6 uses VCCIO 3.3V File: C:/repos/hvps/Code/Verilog/HVPSController2/hvps_controller.v Line: 2
        Info (169309): Pin ESP_STATE_TO_OUTPUT is in design partition "Top" File: C:/repos/hvps/Code/Verilog/HVPSController2/hvps_controller.v Line: 16
        Info (169308): Design partition "hard_block:auto_generated_inst" has 1 pin(s) in the I/O bank 6 and the pins(s) use VCCIO 3.3V
            Info (169073): Pin ~ALTERA_nCEO~ in I/O bank 6 uses VCCIO 3.3V
        Info (169309): Pin ESP_STATE_TO_OUTPUT is in design partition "Top" File: C:/repos/hvps/Code/Verilog/HVPSController2/hvps_controller.v Line: 16
    Error (169026): Pin ESP_STATE_TO_OUTPUT with I/O standard assignment 2.5 V is incompatible with I/O bank 7. I/O standard 2.5 V, has a VCCIO requirement of 2.5V, which incompatible with the I/O bank's VCCIO setting or with other output or bidirectional pins in the I/O bank using a VCCIO requirement of 3.3V. Assign output and bidirectional pins with different VCCIO requirements to different I/O banks, or change the I/O standard assignment for the specified pin to a compatible I/O standard. The Intel FPGA Knowledge Database contains many articles with specific details on how to resolve this error. Visit the Knowledge Database at https://www.altera.com/support/support-resources/knowledge-base/search.html and search for this specific error message number. File: C:/repos/hvps/Code/Verilog/HVPSController2/hvps_controller.v Line: 16
        Info (169073): Pin U12_INV_RD in I/O bank 7 uses VCCIO 3.3V File: C:/repos/hvps/Code/Verilog/HVPSController2/hvps_controller.v Line: 4
        Info (169073): Pin U12_INV_CONVST in I/O bank 7 uses VCCIO 3.3V File: C:/repos/hvps/Code/Verilog/HVPSController2/hvps_controller.v Line: 4
        Info (169073): Pin U12_DB0 in I/O bank 7 uses VCCIO 3.3V File: C:/repos/hvps/Code/Verilog/HVPSController2/hvps_controller.v Line: 5
        Info (169073): Pin U12_DB1 in I/O bank 7 uses VCCIO 3.3V File: C:/repos/hvps/Code/Verilog/HVPSController2/hvps_controller.v Line: 5
        Info (169073): Pin U12_DB2 in I/O bank 7 uses VCCIO 3.3V File: C:/repos/hvps/Code/Verilog/HVPSController2/hvps_controller.v Line: 5
        Info (169073): Pin U20_DB5 in I/O bank 7 uses VCCIO 3.3V File: C:/repos/hvps/Code/Verilog/HVPSController2/hvps_controller.v Line: 12
        Info (169073): Pin U20_DB6 in I/O bank 7 uses VCCIO 3.3V File: C:/repos/hvps/Code/Verilog/HVPSController2/hvps_controller.v Line: 12
        Info (169073): Pin U20_DB7 in I/O bank 7 uses VCCIO 3.3V File: C:/repos/hvps/Code/Verilog/HVPSController2/hvps_controller.v Line: 12
    Error (169026): Pin ESP_STATE_TO_OUTPUT with I/O standard assignment 2.5 V is incompatible with I/O bank 8. I/O standard 2.5 V, has a VCCIO requirement of 2.5V, which incompatible with the I/O bank's VCCIO setting or with other output or bidirectional pins in the I/O bank using a VCCIO requirement of 3.3V. Assign output and bidirectional pins with different VCCIO requirements to different I/O banks, or change the I/O standard assignment for the specified pin to a compatible I/O standard. The Intel FPGA Knowledge Database contains many articles with specific details on how to resolve this error. Visit the Knowledge Database at https://www.altera.com/support/support-resources/knowledge-base/search.html and search for this specific error message number. File: C:/repos/hvps/Code/Verilog/HVPSController2/hvps_controller.v Line: 16
        Info (169073): Pin U12_DB4 in I/O bank 8 uses VCCIO 3.3V File: C:/repos/hvps/Code/Verilog/HVPSController2/hvps_controller.v Line: 5
        Info (169073): Pin U12_DB5 in I/O bank 8 uses VCCIO 3.3V File: C:/repos/hvps/Code/Verilog/HVPSController2/hvps_controller.v Line: 5
        Info (169073): Pin U12_DB6 in I/O bank 8 uses VCCIO 3.3V File: C:/repos/hvps/Code/Verilog/HVPSController2/hvps_controller.v Line: 5
        Info (169073): Pin U12_DB7 in I/O bank 8 uses VCCIO 3.3V File: C:/repos/hvps/Code/Verilog/HVPSController2/hvps_controller.v Line: 5
        Info (169073): Pin U20_DB3 in I/O bank 8 uses VCCIO 3.3V File: C:/repos/hvps/Code/Verilog/HVPSController2/hvps_controller.v Line: 12
        Info (169073): Pin U20_DB4 in I/O bank 8 uses VCCIO 3.3V File: C:/repos/hvps/Code/Verilog/HVPSController2/hvps_controller.v Line: 12
Error (176210): Can't place pin ESP_OUT_SHIFT with I/O standard 2.5 V, Termination setting Off, and PCI I/O setting off due to device constraints File: C:/repos/hvps/Code/Verilog/HVPSController2/hvps_controller.v Line: 17
    Error (169026): Pin ESP_OUT_SHIFT with I/O standard assignment 2.5 V is incompatible with I/O bank 1. I/O standard 2.5 V, has a VCCIO requirement of 2.5V, which incompatible with the I/O bank's VCCIO setting or with other output or bidirectional pins in the I/O bank using a VCCIO requirement of 3.3V. Assign output and bidirectional pins with different VCCIO requirements to different I/O banks, or change the I/O standard assignment for the specified pin to a compatible I/O standard. The Intel FPGA Knowledge Database contains many articles with specific details on how to resolve this error. Visit the Knowledge Database at https://www.altera.com/support/support-resources/knowledge-base/search.html and search for this specific error message number. File: C:/repos/hvps/Code/Verilog/HVPSController2/hvps_controller.v Line: 17
        Info (169308): Design partition "Top" has 1 pin(s) in the I/O bank 1 and the pins(s) use VCCIO 3.3V
            Info (169073): Pin U12_DB3 in I/O bank 1 uses VCCIO 3.3V File: C:/repos/hvps/Code/Verilog/HVPSController2/hvps_controller.v Line: 5
        Info (169309): Pin ESP_OUT_SHIFT is in design partition "Top" File: C:/repos/hvps/Code/Verilog/HVPSController2/hvps_controller.v Line: 17
        Info (169308): Design partition "hard_block:auto_generated_inst" has 4 pin(s) in the I/O bank 1 and the pins(s) use VCCIO 3.3V
            Info (169073): Pin ~ALTERA_ASDO_DATA1~ in I/O bank 1 uses VCCIO 3.3V
            Info (169073): Pin ~ALTERA_FLASH_nCE_nCSO~ in I/O bank 1 uses VCCIO 3.3V
            Info (169073): Pin ~ALTERA_DCLK~ in I/O bank 1 uses VCCIO 3.3V
            Info (169073): Pin ~ALTERA_DATA0~ in I/O bank 1 uses VCCIO 3.3V
        Info (169309): Pin ESP_OUT_SHIFT is in design partition "Top" File: C:/repos/hvps/Code/Verilog/HVPSController2/hvps_controller.v Line: 17
    Error (169026): Pin ESP_OUT_SHIFT with I/O standard assignment 2.5 V is incompatible with I/O bank 2. I/O standard 2.5 V, has a VCCIO requirement of 2.5V, which incompatible with the I/O bank's VCCIO setting or with other output or bidirectional pins in the I/O bank using a VCCIO requirement of 3.3V. Assign output and bidirectional pins with different VCCIO requirements to different I/O banks, or change the I/O standard assignment for the specified pin to a compatible I/O standard. The Intel FPGA Knowledge Database contains many articles with specific details on how to resolve this error. Visit the Knowledge Database at https://www.altera.com/support/support-resources/knowledge-base/search.html and search for this specific error message number. File: C:/repos/hvps/Code/Verilog/HVPSController2/hvps_controller.v Line: 17
        Info (169073): Pin OR6 in I/O bank 2 uses VCCIO 3.3V File: C:/repos/hvps/Code/Verilog/HVPSController2/hvps_controller.v Line: 14
        Info (169073): Pin OT4 in I/O bank 2 uses VCCIO 3.3V File: C:/repos/hvps/Code/Verilog/HVPSController2/hvps_controller.v Line: 14
    Error (169026): Pin ESP_OUT_SHIFT with I/O standard assignment 2.5 V is incompatible with I/O bank 3. I/O standard 2.5 V, has a VCCIO requirement of 2.5V, which incompatible with the I/O bank's VCCIO setting or with other output or bidirectional pins in the I/O bank using a VCCIO requirement of 3.3V. Assign output and bidirectional pins with different VCCIO requirements to different I/O banks, or change the I/O standard assignment for the specified pin to a compatible I/O standard. The Intel FPGA Knowledge Database contains many articles with specific details on how to resolve this error. Visit the Knowledge Database at https://www.altera.com/support/support-resources/knowledge-base/search.html and search for this specific error message number. File: C:/repos/hvps/Code/Verilog/HVPSController2/hvps_controller.v Line: 17
        Info (169073): Pin U20_INV_RD in I/O bank 3 uses VCCIO 3.3V File: C:/repos/hvps/Code/Verilog/HVPSController2/hvps_controller.v Line: 10
        Info (169073): Pin U20_INV_CONVST in I/O bank 3 uses VCCIO 3.3V File: C:/repos/hvps/Code/Verilog/HVPSController2/hvps_controller.v Line: 10
        Info (169073): Pin U20_DB0 in I/O bank 3 uses VCCIO 3.3V File: C:/repos/hvps/Code/Verilog/HVPSController2/hvps_controller.v Line: 12
        Info (169073): Pin U20_DB1 in I/O bank 3 uses VCCIO 3.3V File: C:/repos/hvps/Code/Verilog/HVPSController2/hvps_controller.v Line: 12
        Info (169073): Pin U20_DB2 in I/O bank 3 uses VCCIO 3.3V File: C:/repos/hvps/Code/Verilog/HVPSController2/hvps_controller.v Line: 12
        Info (169073): Pin OR4 in I/O bank 3 uses VCCIO 3.3V File: C:/repos/hvps/Code/Verilog/HVPSController2/hvps_controller.v Line: 14
        Info (169073): Pin OR5 in I/O bank 3 uses VCCIO 3.3V File: C:/repos/hvps/Code/Verilog/HVPSController2/hvps_controller.v Line: 14
        Info (169073): Pin OT5 in I/O bank 3 uses VCCIO 3.3V File: C:/repos/hvps/Code/Verilog/HVPSController2/hvps_controller.v Line: 14
    Error (169026): Pin ESP_OUT_SHIFT with I/O standard assignment 2.5 V is incompatible with I/O bank 4. I/O standard 2.5 V, has a VCCIO requirement of 2.5V, which incompatible with the I/O bank's VCCIO setting or with other output or bidirectional pins in the I/O bank using a VCCIO requirement of 3.3V. Assign output and bidirectional pins with different VCCIO requirements to different I/O banks, or change the I/O standard assignment for the specified pin to a compatible I/O standard. The Intel FPGA Knowledge Database contains many articles with specific details on how to resolve this error. Visit the Knowledge Database at https://www.altera.com/support/support-resources/knowledge-base/search.html and search for this specific error message number. File: C:/repos/hvps/Code/Verilog/HVPSController2/hvps_controller.v Line: 17
        Info (169073): Pin U5_DB3 in I/O bank 4 uses VCCIO 3.3V File: C:/repos/hvps/Code/Verilog/HVPSController2/hvps_controller.v Line: 8
        Info (169073): Pin U5_DB4 in I/O bank 4 uses VCCIO 3.3V File: C:/repos/hvps/Code/Verilog/HVPSController2/hvps_controller.v Line: 8
        Info (169073): Pin U5_DB5 in I/O bank 4 uses VCCIO 3.3V File: C:/repos/hvps/Code/Verilog/HVPSController2/hvps_controller.v Line: 8
        Info (169073): Pin U5_DB6 in I/O bank 4 uses VCCIO 3.3V File: C:/repos/hvps/Code/Verilog/HVPSController2/hvps_controller.v Line: 8
        Info (169073): Pin U5_DB7 in I/O bank 4 uses VCCIO 3.3V File: C:/repos/hvps/Code/Verilog/HVPSController2/hvps_controller.v Line: 8
        Info (169073): Pin U20_INV_EOC in I/O bank 4 uses VCCIO 3.3V File: C:/repos/hvps/Code/Verilog/HVPSController2/hvps_controller.v Line: 10
    Error (169026): Pin ESP_OUT_SHIFT with I/O standard assignment 2.5 V is incompatible with I/O bank 5. I/O standard 2.5 V, has a VCCIO requirement of 2.5V, which incompatible with the I/O bank's VCCIO setting or with other output or bidirectional pins in the I/O bank using a VCCIO requirement of 3.3V. Assign output and bidirectional pins with different VCCIO requirements to different I/O banks, or change the I/O standard assignment for the specified pin to a compatible I/O standard. The Intel FPGA Knowledge Database contains many articles with specific details on how to resolve this error. Visit the Knowledge Database at https://www.altera.com/support/support-resources/knowledge-base/search.html and search for this specific error message number. File: C:/repos/hvps/Code/Verilog/HVPSController2/hvps_controller.v Line: 17
        Info (169073): Pin U5_INV_EOC in I/O bank 5 uses VCCIO 3.3V File: C:/repos/hvps/Code/Verilog/HVPSController2/hvps_controller.v Line: 7
        Info (169073): Pin U5_INV_RD in I/O bank 5 uses VCCIO 3.3V File: C:/repos/hvps/Code/Verilog/HVPSController2/hvps_controller.v Line: 7
        Info (169073): Pin U5_INV_CONVST in I/O bank 5 uses VCCIO 3.3V File: C:/repos/hvps/Code/Verilog/HVPSController2/hvps_controller.v Line: 7
        Info (169073): Pin U5_DB0 in I/O bank 5 uses VCCIO 3.3V File: C:/repos/hvps/Code/Verilog/HVPSController2/hvps_controller.v Line: 8
        Info (169073): Pin U5_DB1 in I/O bank 5 uses VCCIO 3.3V File: C:/repos/hvps/Code/Verilog/HVPSController2/hvps_controller.v Line: 8
        Info (169073): Pin U5_DB2 in I/O bank 5 uses VCCIO 3.3V File: C:/repos/hvps/Code/Verilog/HVPSController2/hvps_controller.v Line: 8
    Error (169026): Pin ESP_OUT_SHIFT with I/O standard assignment 2.5 V is incompatible with I/O bank 6. I/O standard 2.5 V, has a VCCIO requirement of 2.5V, which incompatible with the I/O bank's VCCIO setting or with other output or bidirectional pins in the I/O bank using a VCCIO requirement of 3.3V. Assign output and bidirectional pins with different VCCIO requirements to different I/O banks, or change the I/O standard assignment for the specified pin to a compatible I/O standard. The Intel FPGA Knowledge Database contains many articles with specific details on how to resolve this error. Visit the Knowledge Database at https://www.altera.com/support/support-resources/knowledge-base/search.html and search for this specific error message number. File: C:/repos/hvps/Code/Verilog/HVPSController2/hvps_controller.v Line: 17
        Info (169308): Design partition "Top" has 2 pin(s) in the I/O bank 6 and the pins(s) use VCCIO 3.3V
            Info (169073): Pin U12_INV_EOC in I/O bank 6 uses VCCIO 3.3V File: C:/repos/hvps/Code/Verilog/HVPSController2/hvps_controller.v Line: 4
            Info (169073): Pin clk in I/O bank 6 uses VCCIO 3.3V File: C:/repos/hvps/Code/Verilog/HVPSController2/hvps_controller.v Line: 2
        Info (169309): Pin ESP_OUT_SHIFT is in design partition "Top" File: C:/repos/hvps/Code/Verilog/HVPSController2/hvps_controller.v Line: 17
        Info (169308): Design partition "hard_block:auto_generated_inst" has 1 pin(s) in the I/O bank 6 and the pins(s) use VCCIO 3.3V
            Info (169073): Pin ~ALTERA_nCEO~ in I/O bank 6 uses VCCIO 3.3V
        Info (169309): Pin ESP_OUT_SHIFT is in design partition "Top" File: C:/repos/hvps/Code/Verilog/HVPSController2/hvps_controller.v Line: 17
    Error (169026): Pin ESP_OUT_SHIFT with I/O standard assignment 2.5 V is incompatible with I/O bank 7. I/O standard 2.5 V, has a VCCIO requirement of 2.5V, which incompatible with the I/O bank's VCCIO setting or with other output or bidirectional pins in the I/O bank using a VCCIO requirement of 3.3V. Assign output and bidirectional pins with different VCCIO requirements to different I/O banks, or change the I/O standard assignment for the specified pin to a compatible I/O standard. The Intel FPGA Knowledge Database contains many articles with specific details on how to resolve this error. Visit the Knowledge Database at https://www.altera.com/support/support-resources/knowledge-base/search.html and search for this specific error message number. File: C:/repos/hvps/Code/Verilog/HVPSController2/hvps_controller.v Line: 17
        Info (169073): Pin U12_INV_RD in I/O bank 7 uses VCCIO 3.3V File: C:/repos/hvps/Code/Verilog/HVPSController2/hvps_controller.v Line: 4
        Info (169073): Pin U12_INV_CONVST in I/O bank 7 uses VCCIO 3.3V File: C:/repos/hvps/Code/Verilog/HVPSController2/hvps_controller.v Line: 4
        Info (169073): Pin U12_DB0 in I/O bank 7 uses VCCIO 3.3V File: C:/repos/hvps/Code/Verilog/HVPSController2/hvps_controller.v Line: 5
        Info (169073): Pin U12_DB1 in I/O bank 7 uses VCCIO 3.3V File: C:/repos/hvps/Code/Verilog/HVPSController2/hvps_controller.v Line: 5
        Info (169073): Pin U12_DB2 in I/O bank 7 uses VCCIO 3.3V File: C:/repos/hvps/Code/Verilog/HVPSController2/hvps_controller.v Line: 5
        Info (169073): Pin U20_DB5 in I/O bank 7 uses VCCIO 3.3V File: C:/repos/hvps/Code/Verilog/HVPSController2/hvps_controller.v Line: 12
        Info (169073): Pin U20_DB6 in I/O bank 7 uses VCCIO 3.3V File: C:/repos/hvps/Code/Verilog/HVPSController2/hvps_controller.v Line: 12
        Info (169073): Pin U20_DB7 in I/O bank 7 uses VCCIO 3.3V File: C:/repos/hvps/Code/Verilog/HVPSController2/hvps_controller.v Line: 12
    Error (169026): Pin ESP_OUT_SHIFT with I/O standard assignment 2.5 V is incompatible with I/O bank 8. I/O standard 2.5 V, has a VCCIO requirement of 2.5V, which incompatible with the I/O bank's VCCIO setting or with other output or bidirectional pins in the I/O bank using a VCCIO requirement of 3.3V. Assign output and bidirectional pins with different VCCIO requirements to different I/O banks, or change the I/O standard assignment for the specified pin to a compatible I/O standard. The Intel FPGA Knowledge Database contains many articles with specific details on how to resolve this error. Visit the Knowledge Database at https://www.altera.com/support/support-resources/knowledge-base/search.html and search for this specific error message number. File: C:/repos/hvps/Code/Verilog/HVPSController2/hvps_controller.v Line: 17
        Info (169073): Pin U12_DB4 in I/O bank 8 uses VCCIO 3.3V File: C:/repos/hvps/Code/Verilog/HVPSController2/hvps_controller.v Line: 5
        Info (169073): Pin U12_DB5 in I/O bank 8 uses VCCIO 3.3V File: C:/repos/hvps/Code/Verilog/HVPSController2/hvps_controller.v Line: 5
        Info (169073): Pin U12_DB6 in I/O bank 8 uses VCCIO 3.3V File: C:/repos/hvps/Code/Verilog/HVPSController2/hvps_controller.v Line: 5
        Info (169073): Pin U12_DB7 in I/O bank 8 uses VCCIO 3.3V File: C:/repos/hvps/Code/Verilog/HVPSController2/hvps_controller.v Line: 5
        Info (169073): Pin U20_DB3 in I/O bank 8 uses VCCIO 3.3V File: C:/repos/hvps/Code/Verilog/HVPSController2/hvps_controller.v Line: 12
        Info (169073): Pin U20_DB4 in I/O bank 8 uses VCCIO 3.3V File: C:/repos/hvps/Code/Verilog/HVPSController2/hvps_controller.v Line: 12
Error (176210): Can't place pin ESP_OUT_VALUE with I/O standard 2.5 V, Termination setting Off, and PCI I/O setting off due to device constraints File: C:/repos/hvps/Code/Verilog/HVPSController2/hvps_controller.v Line: 17
    Error (169026): Pin ESP_OUT_VALUE with I/O standard assignment 2.5 V is incompatible with I/O bank 1. I/O standard 2.5 V, has a VCCIO requirement of 2.5V, which incompatible with the I/O bank's VCCIO setting or with other output or bidirectional pins in the I/O bank using a VCCIO requirement of 3.3V. Assign output and bidirectional pins with different VCCIO requirements to different I/O banks, or change the I/O standard assignment for the specified pin to a compatible I/O standard. The Intel FPGA Knowledge Database contains many articles with specific details on how to resolve this error. Visit the Knowledge Database at https://www.altera.com/support/support-resources/knowledge-base/search.html and search for this specific error message number. File: C:/repos/hvps/Code/Verilog/HVPSController2/hvps_controller.v Line: 17
        Info (169308): Design partition "Top" has 1 pin(s) in the I/O bank 1 and the pins(s) use VCCIO 3.3V
            Info (169073): Pin U12_DB3 in I/O bank 1 uses VCCIO 3.3V File: C:/repos/hvps/Code/Verilog/HVPSController2/hvps_controller.v Line: 5
        Info (169309): Pin ESP_OUT_VALUE is in design partition "Top" File: C:/repos/hvps/Code/Verilog/HVPSController2/hvps_controller.v Line: 17
        Info (169308): Design partition "hard_block:auto_generated_inst" has 4 pin(s) in the I/O bank 1 and the pins(s) use VCCIO 3.3V
            Info (169073): Pin ~ALTERA_ASDO_DATA1~ in I/O bank 1 uses VCCIO 3.3V
            Info (169073): Pin ~ALTERA_FLASH_nCE_nCSO~ in I/O bank 1 uses VCCIO 3.3V
            Info (169073): Pin ~ALTERA_DCLK~ in I/O bank 1 uses VCCIO 3.3V
            Info (169073): Pin ~ALTERA_DATA0~ in I/O bank 1 uses VCCIO 3.3V
        Info (169309): Pin ESP_OUT_VALUE is in design partition "Top" File: C:/repos/hvps/Code/Verilog/HVPSController2/hvps_controller.v Line: 17
    Error (169026): Pin ESP_OUT_VALUE with I/O standard assignment 2.5 V is incompatible with I/O bank 2. I/O standard 2.5 V, has a VCCIO requirement of 2.5V, which incompatible with the I/O bank's VCCIO setting or with other output or bidirectional pins in the I/O bank using a VCCIO requirement of 3.3V. Assign output and bidirectional pins with different VCCIO requirements to different I/O banks, or change the I/O standard assignment for the specified pin to a compatible I/O standard. The Intel FPGA Knowledge Database contains many articles with specific details on how to resolve this error. Visit the Knowledge Database at https://www.altera.com/support/support-resources/knowledge-base/search.html and search for this specific error message number. File: C:/repos/hvps/Code/Verilog/HVPSController2/hvps_controller.v Line: 17
        Info (169073): Pin OR6 in I/O bank 2 uses VCCIO 3.3V File: C:/repos/hvps/Code/Verilog/HVPSController2/hvps_controller.v Line: 14
        Info (169073): Pin OT4 in I/O bank 2 uses VCCIO 3.3V File: C:/repos/hvps/Code/Verilog/HVPSController2/hvps_controller.v Line: 14
    Error (169026): Pin ESP_OUT_VALUE with I/O standard assignment 2.5 V is incompatible with I/O bank 3. I/O standard 2.5 V, has a VCCIO requirement of 2.5V, which incompatible with the I/O bank's VCCIO setting or with other output or bidirectional pins in the I/O bank using a VCCIO requirement of 3.3V. Assign output and bidirectional pins with different VCCIO requirements to different I/O banks, or change the I/O standard assignment for the specified pin to a compatible I/O standard. The Intel FPGA Knowledge Database contains many articles with specific details on how to resolve this error. Visit the Knowledge Database at https://www.altera.com/support/support-resources/knowledge-base/search.html and search for this specific error message number. File: C:/repos/hvps/Code/Verilog/HVPSController2/hvps_controller.v Line: 17
        Info (169073): Pin U20_INV_RD in I/O bank 3 uses VCCIO 3.3V File: C:/repos/hvps/Code/Verilog/HVPSController2/hvps_controller.v Line: 10
        Info (169073): Pin U20_INV_CONVST in I/O bank 3 uses VCCIO 3.3V File: C:/repos/hvps/Code/Verilog/HVPSController2/hvps_controller.v Line: 10
        Info (169073): Pin U20_DB0 in I/O bank 3 uses VCCIO 3.3V File: C:/repos/hvps/Code/Verilog/HVPSController2/hvps_controller.v Line: 12
        Info (169073): Pin U20_DB1 in I/O bank 3 uses VCCIO 3.3V File: C:/repos/hvps/Code/Verilog/HVPSController2/hvps_controller.v Line: 12
        Info (169073): Pin U20_DB2 in I/O bank 3 uses VCCIO 3.3V File: C:/repos/hvps/Code/Verilog/HVPSController2/hvps_controller.v Line: 12
        Info (169073): Pin OR4 in I/O bank 3 uses VCCIO 3.3V File: C:/repos/hvps/Code/Verilog/HVPSController2/hvps_controller.v Line: 14
        Info (169073): Pin OR5 in I/O bank 3 uses VCCIO 3.3V File: C:/repos/hvps/Code/Verilog/HVPSController2/hvps_controller.v Line: 14
        Info (169073): Pin OT5 in I/O bank 3 uses VCCIO 3.3V File: C:/repos/hvps/Code/Verilog/HVPSController2/hvps_controller.v Line: 14
    Error (169026): Pin ESP_OUT_VALUE with I/O standard assignment 2.5 V is incompatible with I/O bank 4. I/O standard 2.5 V, has a VCCIO requirement of 2.5V, which incompatible with the I/O bank's VCCIO setting or with other output or bidirectional pins in the I/O bank using a VCCIO requirement of 3.3V. Assign output and bidirectional pins with different VCCIO requirements to different I/O banks, or change the I/O standard assignment for the specified pin to a compatible I/O standard. The Intel FPGA Knowledge Database contains many articles with specific details on how to resolve this error. Visit the Knowledge Database at https://www.altera.com/support/support-resources/knowledge-base/search.html and search for this specific error message number. File: C:/repos/hvps/Code/Verilog/HVPSController2/hvps_controller.v Line: 17
        Info (169073): Pin U5_DB3 in I/O bank 4 uses VCCIO 3.3V File: C:/repos/hvps/Code/Verilog/HVPSController2/hvps_controller.v Line: 8
        Info (169073): Pin U5_DB4 in I/O bank 4 uses VCCIO 3.3V File: C:/repos/hvps/Code/Verilog/HVPSController2/hvps_controller.v Line: 8
        Info (169073): Pin U5_DB5 in I/O bank 4 uses VCCIO 3.3V File: C:/repos/hvps/Code/Verilog/HVPSController2/hvps_controller.v Line: 8
        Info (169073): Pin U5_DB6 in I/O bank 4 uses VCCIO 3.3V File: C:/repos/hvps/Code/Verilog/HVPSController2/hvps_controller.v Line: 8
        Info (169073): Pin U5_DB7 in I/O bank 4 uses VCCIO 3.3V File: C:/repos/hvps/Code/Verilog/HVPSController2/hvps_controller.v Line: 8
        Info (169073): Pin U20_INV_EOC in I/O bank 4 uses VCCIO 3.3V File: C:/repos/hvps/Code/Verilog/HVPSController2/hvps_controller.v Line: 10
    Error (169026): Pin ESP_OUT_VALUE with I/O standard assignment 2.5 V is incompatible with I/O bank 5. I/O standard 2.5 V, has a VCCIO requirement of 2.5V, which incompatible with the I/O bank's VCCIO setting or with other output or bidirectional pins in the I/O bank using a VCCIO requirement of 3.3V. Assign output and bidirectional pins with different VCCIO requirements to different I/O banks, or change the I/O standard assignment for the specified pin to a compatible I/O standard. The Intel FPGA Knowledge Database contains many articles with specific details on how to resolve this error. Visit the Knowledge Database at https://www.altera.com/support/support-resources/knowledge-base/search.html and search for this specific error message number. File: C:/repos/hvps/Code/Verilog/HVPSController2/hvps_controller.v Line: 17
        Info (169073): Pin U5_INV_EOC in I/O bank 5 uses VCCIO 3.3V File: C:/repos/hvps/Code/Verilog/HVPSController2/hvps_controller.v Line: 7
        Info (169073): Pin U5_INV_RD in I/O bank 5 uses VCCIO 3.3V File: C:/repos/hvps/Code/Verilog/HVPSController2/hvps_controller.v Line: 7
        Info (169073): Pin U5_INV_CONVST in I/O bank 5 uses VCCIO 3.3V File: C:/repos/hvps/Code/Verilog/HVPSController2/hvps_controller.v Line: 7
        Info (169073): Pin U5_DB0 in I/O bank 5 uses VCCIO 3.3V File: C:/repos/hvps/Code/Verilog/HVPSController2/hvps_controller.v Line: 8
        Info (169073): Pin U5_DB1 in I/O bank 5 uses VCCIO 3.3V File: C:/repos/hvps/Code/Verilog/HVPSController2/hvps_controller.v Line: 8
        Info (169073): Pin U5_DB2 in I/O bank 5 uses VCCIO 3.3V File: C:/repos/hvps/Code/Verilog/HVPSController2/hvps_controller.v Line: 8
    Error (169026): Pin ESP_OUT_VALUE with I/O standard assignment 2.5 V is incompatible with I/O bank 6. I/O standard 2.5 V, has a VCCIO requirement of 2.5V, which incompatible with the I/O bank's VCCIO setting or with other output or bidirectional pins in the I/O bank using a VCCIO requirement of 3.3V. Assign output and bidirectional pins with different VCCIO requirements to different I/O banks, or change the I/O standard assignment for the specified pin to a compatible I/O standard. The Intel FPGA Knowledge Database contains many articles with specific details on how to resolve this error. Visit the Knowledge Database at https://www.altera.com/support/support-resources/knowledge-base/search.html and search for this specific error message number. File: C:/repos/hvps/Code/Verilog/HVPSController2/hvps_controller.v Line: 17
        Info (169308): Design partition "Top" has 2 pin(s) in the I/O bank 6 and the pins(s) use VCCIO 3.3V
            Info (169073): Pin U12_INV_EOC in I/O bank 6 uses VCCIO 3.3V File: C:/repos/hvps/Code/Verilog/HVPSController2/hvps_controller.v Line: 4
            Info (169073): Pin clk in I/O bank 6 uses VCCIO 3.3V File: C:/repos/hvps/Code/Verilog/HVPSController2/hvps_controller.v Line: 2
        Info (169309): Pin ESP_OUT_VALUE is in design partition "Top" File: C:/repos/hvps/Code/Verilog/HVPSController2/hvps_controller.v Line: 17
        Info (169308): Design partition "hard_block:auto_generated_inst" has 1 pin(s) in the I/O bank 6 and the pins(s) use VCCIO 3.3V
            Info (169073): Pin ~ALTERA_nCEO~ in I/O bank 6 uses VCCIO 3.3V
        Info (169309): Pin ESP_OUT_VALUE is in design partition "Top" File: C:/repos/hvps/Code/Verilog/HVPSController2/hvps_controller.v Line: 17
    Error (169026): Pin ESP_OUT_VALUE with I/O standard assignment 2.5 V is incompatible with I/O bank 7. I/O standard 2.5 V, has a VCCIO requirement of 2.5V, which incompatible with the I/O bank's VCCIO setting or with other output or bidirectional pins in the I/O bank using a VCCIO requirement of 3.3V. Assign output and bidirectional pins with different VCCIO requirements to different I/O banks, or change the I/O standard assignment for the specified pin to a compatible I/O standard. The Intel FPGA Knowledge Database contains many articles with specific details on how to resolve this error. Visit the Knowledge Database at https://www.altera.com/support/support-resources/knowledge-base/search.html and search for this specific error message number. File: C:/repos/hvps/Code/Verilog/HVPSController2/hvps_controller.v Line: 17
        Info (169073): Pin U12_INV_RD in I/O bank 7 uses VCCIO 3.3V File: C:/repos/hvps/Code/Verilog/HVPSController2/hvps_controller.v Line: 4
        Info (169073): Pin U12_INV_CONVST in I/O bank 7 uses VCCIO 3.3V File: C:/repos/hvps/Code/Verilog/HVPSController2/hvps_controller.v Line: 4
        Info (169073): Pin U12_DB0 in I/O bank 7 uses VCCIO 3.3V File: C:/repos/hvps/Code/Verilog/HVPSController2/hvps_controller.v Line: 5
        Info (169073): Pin U12_DB1 in I/O bank 7 uses VCCIO 3.3V File: C:/repos/hvps/Code/Verilog/HVPSController2/hvps_controller.v Line: 5
        Info (169073): Pin U12_DB2 in I/O bank 7 uses VCCIO 3.3V File: C:/repos/hvps/Code/Verilog/HVPSController2/hvps_controller.v Line: 5
        Info (169073): Pin U20_DB5 in I/O bank 7 uses VCCIO 3.3V File: C:/repos/hvps/Code/Verilog/HVPSController2/hvps_controller.v Line: 12
        Info (169073): Pin U20_DB6 in I/O bank 7 uses VCCIO 3.3V File: C:/repos/hvps/Code/Verilog/HVPSController2/hvps_controller.v Line: 12
        Info (169073): Pin U20_DB7 in I/O bank 7 uses VCCIO 3.3V File: C:/repos/hvps/Code/Verilog/HVPSController2/hvps_controller.v Line: 12
    Error (169026): Pin ESP_OUT_VALUE with I/O standard assignment 2.5 V is incompatible with I/O bank 8. I/O standard 2.5 V, has a VCCIO requirement of 2.5V, which incompatible with the I/O bank's VCCIO setting or with other output or bidirectional pins in the I/O bank using a VCCIO requirement of 3.3V. Assign output and bidirectional pins with different VCCIO requirements to different I/O banks, or change the I/O standard assignment for the specified pin to a compatible I/O standard. The Intel FPGA Knowledge Database contains many articles with specific details on how to resolve this error. Visit the Knowledge Database at https://www.altera.com/support/support-resources/knowledge-base/search.html and search for this specific error message number. File: C:/repos/hvps/Code/Verilog/HVPSController2/hvps_controller.v Line: 17
        Info (169073): Pin U12_DB4 in I/O bank 8 uses VCCIO 3.3V File: C:/repos/hvps/Code/Verilog/HVPSController2/hvps_controller.v Line: 5
        Info (169073): Pin U12_DB5 in I/O bank 8 uses VCCIO 3.3V File: C:/repos/hvps/Code/Verilog/HVPSController2/hvps_controller.v Line: 5
        Info (169073): Pin U12_DB6 in I/O bank 8 uses VCCIO 3.3V File: C:/repos/hvps/Code/Verilog/HVPSController2/hvps_controller.v Line: 5
        Info (169073): Pin U12_DB7 in I/O bank 8 uses VCCIO 3.3V File: C:/repos/hvps/Code/Verilog/HVPSController2/hvps_controller.v Line: 5
        Info (169073): Pin U20_DB3 in I/O bank 8 uses VCCIO 3.3V File: C:/repos/hvps/Code/Verilog/HVPSController2/hvps_controller.v Line: 12
        Info (169073): Pin U20_DB4 in I/O bank 8 uses VCCIO 3.3V File: C:/repos/hvps/Code/Verilog/HVPSController2/hvps_controller.v Line: 12
Error (176210): Can't place pin ESP_GO_LIVE with I/O standard 2.5 V, Termination setting Off, and PCI I/O setting off due to device constraints File: C:/repos/hvps/Code/Verilog/HVPSController2/hvps_controller.v Line: 17
    Error (169026): Pin ESP_GO_LIVE with I/O standard assignment 2.5 V is incompatible with I/O bank 1. I/O standard 2.5 V, has a VCCIO requirement of 2.5V, which incompatible with the I/O bank's VCCIO setting or with other output or bidirectional pins in the I/O bank using a VCCIO requirement of 3.3V. Assign output and bidirectional pins with different VCCIO requirements to different I/O banks, or change the I/O standard assignment for the specified pin to a compatible I/O standard. The Intel FPGA Knowledge Database contains many articles with specific details on how to resolve this error. Visit the Knowledge Database at https://www.altera.com/support/support-resources/knowledge-base/search.html and search for this specific error message number. File: C:/repos/hvps/Code/Verilog/HVPSController2/hvps_controller.v Line: 17
        Info (169308): Design partition "Top" has 1 pin(s) in the I/O bank 1 and the pins(s) use VCCIO 3.3V
            Info (169073): Pin U12_DB3 in I/O bank 1 uses VCCIO 3.3V File: C:/repos/hvps/Code/Verilog/HVPSController2/hvps_controller.v Line: 5
        Info (169309): Pin ESP_GO_LIVE is in design partition "Top" File: C:/repos/hvps/Code/Verilog/HVPSController2/hvps_controller.v Line: 17
        Info (169308): Design partition "hard_block:auto_generated_inst" has 4 pin(s) in the I/O bank 1 and the pins(s) use VCCIO 3.3V
            Info (169073): Pin ~ALTERA_ASDO_DATA1~ in I/O bank 1 uses VCCIO 3.3V
            Info (169073): Pin ~ALTERA_FLASH_nCE_nCSO~ in I/O bank 1 uses VCCIO 3.3V
            Info (169073): Pin ~ALTERA_DCLK~ in I/O bank 1 uses VCCIO 3.3V
            Info (169073): Pin ~ALTERA_DATA0~ in I/O bank 1 uses VCCIO 3.3V
        Info (169309): Pin ESP_GO_LIVE is in design partition "Top" File: C:/repos/hvps/Code/Verilog/HVPSController2/hvps_controller.v Line: 17
    Error (169026): Pin ESP_GO_LIVE with I/O standard assignment 2.5 V is incompatible with I/O bank 2. I/O standard 2.5 V, has a VCCIO requirement of 2.5V, which incompatible with the I/O bank's VCCIO setting or with other output or bidirectional pins in the I/O bank using a VCCIO requirement of 3.3V. Assign output and bidirectional pins with different VCCIO requirements to different I/O banks, or change the I/O standard assignment for the specified pin to a compatible I/O standard. The Intel FPGA Knowledge Database contains many articles with specific details on how to resolve this error. Visit the Knowledge Database at https://www.altera.com/support/support-resources/knowledge-base/search.html and search for this specific error message number. File: C:/repos/hvps/Code/Verilog/HVPSController2/hvps_controller.v Line: 17
        Info (169073): Pin OR6 in I/O bank 2 uses VCCIO 3.3V File: C:/repos/hvps/Code/Verilog/HVPSController2/hvps_controller.v Line: 14
        Info (169073): Pin OT4 in I/O bank 2 uses VCCIO 3.3V File: C:/repos/hvps/Code/Verilog/HVPSController2/hvps_controller.v Line: 14
    Error (169026): Pin ESP_GO_LIVE with I/O standard assignment 2.5 V is incompatible with I/O bank 3. I/O standard 2.5 V, has a VCCIO requirement of 2.5V, which incompatible with the I/O bank's VCCIO setting or with other output or bidirectional pins in the I/O bank using a VCCIO requirement of 3.3V. Assign output and bidirectional pins with different VCCIO requirements to different I/O banks, or change the I/O standard assignment for the specified pin to a compatible I/O standard. The Intel FPGA Knowledge Database contains many articles with specific details on how to resolve this error. Visit the Knowledge Database at https://www.altera.com/support/support-resources/knowledge-base/search.html and search for this specific error message number. File: C:/repos/hvps/Code/Verilog/HVPSController2/hvps_controller.v Line: 17
        Info (169073): Pin U20_INV_RD in I/O bank 3 uses VCCIO 3.3V File: C:/repos/hvps/Code/Verilog/HVPSController2/hvps_controller.v Line: 10
        Info (169073): Pin U20_INV_CONVST in I/O bank 3 uses VCCIO 3.3V File: C:/repos/hvps/Code/Verilog/HVPSController2/hvps_controller.v Line: 10
        Info (169073): Pin U20_DB0 in I/O bank 3 uses VCCIO 3.3V File: C:/repos/hvps/Code/Verilog/HVPSController2/hvps_controller.v Line: 12
        Info (169073): Pin U20_DB1 in I/O bank 3 uses VCCIO 3.3V File: C:/repos/hvps/Code/Verilog/HVPSController2/hvps_controller.v Line: 12
        Info (169073): Pin U20_DB2 in I/O bank 3 uses VCCIO 3.3V File: C:/repos/hvps/Code/Verilog/HVPSController2/hvps_controller.v Line: 12
        Info (169073): Pin OR4 in I/O bank 3 uses VCCIO 3.3V File: C:/repos/hvps/Code/Verilog/HVPSController2/hvps_controller.v Line: 14
        Info (169073): Pin OR5 in I/O bank 3 uses VCCIO 3.3V File: C:/repos/hvps/Code/Verilog/HVPSController2/hvps_controller.v Line: 14
        Info (169073): Pin OT5 in I/O bank 3 uses VCCIO 3.3V File: C:/repos/hvps/Code/Verilog/HVPSController2/hvps_controller.v Line: 14
    Error (169026): Pin ESP_GO_LIVE with I/O standard assignment 2.5 V is incompatible with I/O bank 4. I/O standard 2.5 V, has a VCCIO requirement of 2.5V, which incompatible with the I/O bank's VCCIO setting or with other output or bidirectional pins in the I/O bank using a VCCIO requirement of 3.3V. Assign output and bidirectional pins with different VCCIO requirements to different I/O banks, or change the I/O standard assignment for the specified pin to a compatible I/O standard. The Intel FPGA Knowledge Database contains many articles with specific details on how to resolve this error. Visit the Knowledge Database at https://www.altera.com/support/support-resources/knowledge-base/search.html and search for this specific error message number. File: C:/repos/hvps/Code/Verilog/HVPSController2/hvps_controller.v Line: 17
        Info (169073): Pin U5_DB3 in I/O bank 4 uses VCCIO 3.3V File: C:/repos/hvps/Code/Verilog/HVPSController2/hvps_controller.v Line: 8
        Info (169073): Pin U5_DB4 in I/O bank 4 uses VCCIO 3.3V File: C:/repos/hvps/Code/Verilog/HVPSController2/hvps_controller.v Line: 8
        Info (169073): Pin U5_DB5 in I/O bank 4 uses VCCIO 3.3V File: C:/repos/hvps/Code/Verilog/HVPSController2/hvps_controller.v Line: 8
        Info (169073): Pin U5_DB6 in I/O bank 4 uses VCCIO 3.3V File: C:/repos/hvps/Code/Verilog/HVPSController2/hvps_controller.v Line: 8
        Info (169073): Pin U5_DB7 in I/O bank 4 uses VCCIO 3.3V File: C:/repos/hvps/Code/Verilog/HVPSController2/hvps_controller.v Line: 8
        Info (169073): Pin U20_INV_EOC in I/O bank 4 uses VCCIO 3.3V File: C:/repos/hvps/Code/Verilog/HVPSController2/hvps_controller.v Line: 10
    Error (169026): Pin ESP_GO_LIVE with I/O standard assignment 2.5 V is incompatible with I/O bank 5. I/O standard 2.5 V, has a VCCIO requirement of 2.5V, which incompatible with the I/O bank's VCCIO setting or with other output or bidirectional pins in the I/O bank using a VCCIO requirement of 3.3V. Assign output and bidirectional pins with different VCCIO requirements to different I/O banks, or change the I/O standard assignment for the specified pin to a compatible I/O standard. The Intel FPGA Knowledge Database contains many articles with specific details on how to resolve this error. Visit the Knowledge Database at https://www.altera.com/support/support-resources/knowledge-base/search.html and search for this specific error message number. File: C:/repos/hvps/Code/Verilog/HVPSController2/hvps_controller.v Line: 17
        Info (169073): Pin U5_INV_EOC in I/O bank 5 uses VCCIO 3.3V File: C:/repos/hvps/Code/Verilog/HVPSController2/hvps_controller.v Line: 7
        Info (169073): Pin U5_INV_RD in I/O bank 5 uses VCCIO 3.3V File: C:/repos/hvps/Code/Verilog/HVPSController2/hvps_controller.v Line: 7
        Info (169073): Pin U5_INV_CONVST in I/O bank 5 uses VCCIO 3.3V File: C:/repos/hvps/Code/Verilog/HVPSController2/hvps_controller.v Line: 7
        Info (169073): Pin U5_DB0 in I/O bank 5 uses VCCIO 3.3V File: C:/repos/hvps/Code/Verilog/HVPSController2/hvps_controller.v Line: 8
        Info (169073): Pin U5_DB1 in I/O bank 5 uses VCCIO 3.3V File: C:/repos/hvps/Code/Verilog/HVPSController2/hvps_controller.v Line: 8
        Info (169073): Pin U5_DB2 in I/O bank 5 uses VCCIO 3.3V File: C:/repos/hvps/Code/Verilog/HVPSController2/hvps_controller.v Line: 8
    Error (169026): Pin ESP_GO_LIVE with I/O standard assignment 2.5 V is incompatible with I/O bank 6. I/O standard 2.5 V, has a VCCIO requirement of 2.5V, which incompatible with the I/O bank's VCCIO setting or with other output or bidirectional pins in the I/O bank using a VCCIO requirement of 3.3V. Assign output and bidirectional pins with different VCCIO requirements to different I/O banks, or change the I/O standard assignment for the specified pin to a compatible I/O standard. The Intel FPGA Knowledge Database contains many articles with specific details on how to resolve this error. Visit the Knowledge Database at https://www.altera.com/support/support-resources/knowledge-base/search.html and search for this specific error message number. File: C:/repos/hvps/Code/Verilog/HVPSController2/hvps_controller.v Line: 17
        Info (169308): Design partition "Top" has 2 pin(s) in the I/O bank 6 and the pins(s) use VCCIO 3.3V
            Info (169073): Pin U12_INV_EOC in I/O bank 6 uses VCCIO 3.3V File: C:/repos/hvps/Code/Verilog/HVPSController2/hvps_controller.v Line: 4
            Info (169073): Pin clk in I/O bank 6 uses VCCIO 3.3V File: C:/repos/hvps/Code/Verilog/HVPSController2/hvps_controller.v Line: 2
        Info (169309): Pin ESP_GO_LIVE is in design partition "Top" File: C:/repos/hvps/Code/Verilog/HVPSController2/hvps_controller.v Line: 17
        Info (169308): Design partition "hard_block:auto_generated_inst" has 1 pin(s) in the I/O bank 6 and the pins(s) use VCCIO 3.3V
            Info (169073): Pin ~ALTERA_nCEO~ in I/O bank 6 uses VCCIO 3.3V
        Info (169309): Pin ESP_GO_LIVE is in design partition "Top" File: C:/repos/hvps/Code/Verilog/HVPSController2/hvps_controller.v Line: 17
    Error (169026): Pin ESP_GO_LIVE with I/O standard assignment 2.5 V is incompatible with I/O bank 7. I/O standard 2.5 V, has a VCCIO requirement of 2.5V, which incompatible with the I/O bank's VCCIO setting or with other output or bidirectional pins in the I/O bank using a VCCIO requirement of 3.3V. Assign output and bidirectional pins with different VCCIO requirements to different I/O banks, or change the I/O standard assignment for the specified pin to a compatible I/O standard. The Intel FPGA Knowledge Database contains many articles with specific details on how to resolve this error. Visit the Knowledge Database at https://www.altera.com/support/support-resources/knowledge-base/search.html and search for this specific error message number. File: C:/repos/hvps/Code/Verilog/HVPSController2/hvps_controller.v Line: 17
        Info (169073): Pin U12_INV_RD in I/O bank 7 uses VCCIO 3.3V File: C:/repos/hvps/Code/Verilog/HVPSController2/hvps_controller.v Line: 4
        Info (169073): Pin U12_INV_CONVST in I/O bank 7 uses VCCIO 3.3V File: C:/repos/hvps/Code/Verilog/HVPSController2/hvps_controller.v Line: 4
        Info (169073): Pin U12_DB0 in I/O bank 7 uses VCCIO 3.3V File: C:/repos/hvps/Code/Verilog/HVPSController2/hvps_controller.v Line: 5
        Info (169073): Pin U12_DB1 in I/O bank 7 uses VCCIO 3.3V File: C:/repos/hvps/Code/Verilog/HVPSController2/hvps_controller.v Line: 5
        Info (169073): Pin U12_DB2 in I/O bank 7 uses VCCIO 3.3V File: C:/repos/hvps/Code/Verilog/HVPSController2/hvps_controller.v Line: 5
        Info (169073): Pin U20_DB5 in I/O bank 7 uses VCCIO 3.3V File: C:/repos/hvps/Code/Verilog/HVPSController2/hvps_controller.v Line: 12
        Info (169073): Pin U20_DB6 in I/O bank 7 uses VCCIO 3.3V File: C:/repos/hvps/Code/Verilog/HVPSController2/hvps_controller.v Line: 12
        Info (169073): Pin U20_DB7 in I/O bank 7 uses VCCIO 3.3V File: C:/repos/hvps/Code/Verilog/HVPSController2/hvps_controller.v Line: 12
    Error (169026): Pin ESP_GO_LIVE with I/O standard assignment 2.5 V is incompatible with I/O bank 8. I/O standard 2.5 V, has a VCCIO requirement of 2.5V, which incompatible with the I/O bank's VCCIO setting or with other output or bidirectional pins in the I/O bank using a VCCIO requirement of 3.3V. Assign output and bidirectional pins with different VCCIO requirements to different I/O banks, or change the I/O standard assignment for the specified pin to a compatible I/O standard. The Intel FPGA Knowledge Database contains many articles with specific details on how to resolve this error. Visit the Knowledge Database at https://www.altera.com/support/support-resources/knowledge-base/search.html and search for this specific error message number. File: C:/repos/hvps/Code/Verilog/HVPSController2/hvps_controller.v Line: 17
        Info (169073): Pin U12_DB4 in I/O bank 8 uses VCCIO 3.3V File: C:/repos/hvps/Code/Verilog/HVPSController2/hvps_controller.v Line: 5
        Info (169073): Pin U12_DB5 in I/O bank 8 uses VCCIO 3.3V File: C:/repos/hvps/Code/Verilog/HVPSController2/hvps_controller.v Line: 5
        Info (169073): Pin U12_DB6 in I/O bank 8 uses VCCIO 3.3V File: C:/repos/hvps/Code/Verilog/HVPSController2/hvps_controller.v Line: 5
        Info (169073): Pin U12_DB7 in I/O bank 8 uses VCCIO 3.3V File: C:/repos/hvps/Code/Verilog/HVPSController2/hvps_controller.v Line: 5
        Info (169073): Pin U20_DB3 in I/O bank 8 uses VCCIO 3.3V File: C:/repos/hvps/Code/Verilog/HVPSController2/hvps_controller.v Line: 12
        Info (169073): Pin U20_DB4 in I/O bank 8 uses VCCIO 3.3V File: C:/repos/hvps/Code/Verilog/HVPSController2/hvps_controller.v Line: 12
Error (176210): Can't place pin ESP_EMERGENCY_SHUTDOWN with I/O standard 2.5 V, Termination setting Off, and PCI I/O setting off due to device constraints File: C:/repos/hvps/Code/Verilog/HVPSController2/hvps_controller.v Line: 18
    Error (169026): Pin ESP_EMERGENCY_SHUTDOWN with I/O standard assignment 2.5 V is incompatible with I/O bank 1. I/O standard 2.5 V, has a VCCIO requirement of 2.5V, which incompatible with the I/O bank's VCCIO setting or with other output or bidirectional pins in the I/O bank using a VCCIO requirement of 3.3V. Assign output and bidirectional pins with different VCCIO requirements to different I/O banks, or change the I/O standard assignment for the specified pin to a compatible I/O standard. The Intel FPGA Knowledge Database contains many articles with specific details on how to resolve this error. Visit the Knowledge Database at https://www.altera.com/support/support-resources/knowledge-base/search.html and search for this specific error message number. File: C:/repos/hvps/Code/Verilog/HVPSController2/hvps_controller.v Line: 18
        Info (169308): Design partition "Top" has 1 pin(s) in the I/O bank 1 and the pins(s) use VCCIO 3.3V
            Info (169073): Pin U12_DB3 in I/O bank 1 uses VCCIO 3.3V File: C:/repos/hvps/Code/Verilog/HVPSController2/hvps_controller.v Line: 5
        Info (169309): Pin ESP_EMERGENCY_SHUTDOWN is in design partition "Top" File: C:/repos/hvps/Code/Verilog/HVPSController2/hvps_controller.v Line: 18
        Info (169308): Design partition "hard_block:auto_generated_inst" has 4 pin(s) in the I/O bank 1 and the pins(s) use VCCIO 3.3V
            Info (169073): Pin ~ALTERA_ASDO_DATA1~ in I/O bank 1 uses VCCIO 3.3V
            Info (169073): Pin ~ALTERA_FLASH_nCE_nCSO~ in I/O bank 1 uses VCCIO 3.3V
            Info (169073): Pin ~ALTERA_DCLK~ in I/O bank 1 uses VCCIO 3.3V
            Info (169073): Pin ~ALTERA_DATA0~ in I/O bank 1 uses VCCIO 3.3V
        Info (169309): Pin ESP_EMERGENCY_SHUTDOWN is in design partition "Top" File: C:/repos/hvps/Code/Verilog/HVPSController2/hvps_controller.v Line: 18
    Error (169026): Pin ESP_EMERGENCY_SHUTDOWN with I/O standard assignment 2.5 V is incompatible with I/O bank 2. I/O standard 2.5 V, has a VCCIO requirement of 2.5V, which incompatible with the I/O bank's VCCIO setting or with other output or bidirectional pins in the I/O bank using a VCCIO requirement of 3.3V. Assign output and bidirectional pins with different VCCIO requirements to different I/O banks, or change the I/O standard assignment for the specified pin to a compatible I/O standard. The Intel FPGA Knowledge Database contains many articles with specific details on how to resolve this error. Visit the Knowledge Database at https://www.altera.com/support/support-resources/knowledge-base/search.html and search for this specific error message number. File: C:/repos/hvps/Code/Verilog/HVPSController2/hvps_controller.v Line: 18
        Info (169073): Pin OR6 in I/O bank 2 uses VCCIO 3.3V File: C:/repos/hvps/Code/Verilog/HVPSController2/hvps_controller.v Line: 14
        Info (169073): Pin OT4 in I/O bank 2 uses VCCIO 3.3V File: C:/repos/hvps/Code/Verilog/HVPSController2/hvps_controller.v Line: 14
    Error (169026): Pin ESP_EMERGENCY_SHUTDOWN with I/O standard assignment 2.5 V is incompatible with I/O bank 3. I/O standard 2.5 V, has a VCCIO requirement of 2.5V, which incompatible with the I/O bank's VCCIO setting or with other output or bidirectional pins in the I/O bank using a VCCIO requirement of 3.3V. Assign output and bidirectional pins with different VCCIO requirements to different I/O banks, or change the I/O standard assignment for the specified pin to a compatible I/O standard. The Intel FPGA Knowledge Database contains many articles with specific details on how to resolve this error. Visit the Knowledge Database at https://www.altera.com/support/support-resources/knowledge-base/search.html and search for this specific error message number. File: C:/repos/hvps/Code/Verilog/HVPSController2/hvps_controller.v Line: 18
        Info (169073): Pin U20_INV_RD in I/O bank 3 uses VCCIO 3.3V File: C:/repos/hvps/Code/Verilog/HVPSController2/hvps_controller.v Line: 10
        Info (169073): Pin U20_INV_CONVST in I/O bank 3 uses VCCIO 3.3V File: C:/repos/hvps/Code/Verilog/HVPSController2/hvps_controller.v Line: 10
        Info (169073): Pin U20_DB0 in I/O bank 3 uses VCCIO 3.3V File: C:/repos/hvps/Code/Verilog/HVPSController2/hvps_controller.v Line: 12
        Info (169073): Pin U20_DB1 in I/O bank 3 uses VCCIO 3.3V File: C:/repos/hvps/Code/Verilog/HVPSController2/hvps_controller.v Line: 12
        Info (169073): Pin U20_DB2 in I/O bank 3 uses VCCIO 3.3V File: C:/repos/hvps/Code/Verilog/HVPSController2/hvps_controller.v Line: 12
        Info (169073): Pin OR4 in I/O bank 3 uses VCCIO 3.3V File: C:/repos/hvps/Code/Verilog/HVPSController2/hvps_controller.v Line: 14
        Info (169073): Pin OR5 in I/O bank 3 uses VCCIO 3.3V File: C:/repos/hvps/Code/Verilog/HVPSController2/hvps_controller.v Line: 14
        Info (169073): Pin OT5 in I/O bank 3 uses VCCIO 3.3V File: C:/repos/hvps/Code/Verilog/HVPSController2/hvps_controller.v Line: 14
    Error (169026): Pin ESP_EMERGENCY_SHUTDOWN with I/O standard assignment 2.5 V is incompatible with I/O bank 4. I/O standard 2.5 V, has a VCCIO requirement of 2.5V, which incompatible with the I/O bank's VCCIO setting or with other output or bidirectional pins in the I/O bank using a VCCIO requirement of 3.3V. Assign output and bidirectional pins with different VCCIO requirements to different I/O banks, or change the I/O standard assignment for the specified pin to a compatible I/O standard. The Intel FPGA Knowledge Database contains many articles with specific details on how to resolve this error. Visit the Knowledge Database at https://www.altera.com/support/support-resources/knowledge-base/search.html and search for this specific error message number. File: C:/repos/hvps/Code/Verilog/HVPSController2/hvps_controller.v Line: 18
        Info (169073): Pin U5_DB3 in I/O bank 4 uses VCCIO 3.3V File: C:/repos/hvps/Code/Verilog/HVPSController2/hvps_controller.v Line: 8
        Info (169073): Pin U5_DB4 in I/O bank 4 uses VCCIO 3.3V File: C:/repos/hvps/Code/Verilog/HVPSController2/hvps_controller.v Line: 8
        Info (169073): Pin U5_DB5 in I/O bank 4 uses VCCIO 3.3V File: C:/repos/hvps/Code/Verilog/HVPSController2/hvps_controller.v Line: 8
        Info (169073): Pin U5_DB6 in I/O bank 4 uses VCCIO 3.3V File: C:/repos/hvps/Code/Verilog/HVPSController2/hvps_controller.v Line: 8
        Info (169073): Pin U5_DB7 in I/O bank 4 uses VCCIO 3.3V File: C:/repos/hvps/Code/Verilog/HVPSController2/hvps_controller.v Line: 8
        Info (169073): Pin U20_INV_EOC in I/O bank 4 uses VCCIO 3.3V File: C:/repos/hvps/Code/Verilog/HVPSController2/hvps_controller.v Line: 10
    Error (169026): Pin ESP_EMERGENCY_SHUTDOWN with I/O standard assignment 2.5 V is incompatible with I/O bank 5. I/O standard 2.5 V, has a VCCIO requirement of 2.5V, which incompatible with the I/O bank's VCCIO setting or with other output or bidirectional pins in the I/O bank using a VCCIO requirement of 3.3V. Assign output and bidirectional pins with different VCCIO requirements to different I/O banks, or change the I/O standard assignment for the specified pin to a compatible I/O standard. The Intel FPGA Knowledge Database contains many articles with specific details on how to resolve this error. Visit the Knowledge Database at https://www.altera.com/support/support-resources/knowledge-base/search.html and search for this specific error message number. File: C:/repos/hvps/Code/Verilog/HVPSController2/hvps_controller.v Line: 18
        Info (169073): Pin U5_INV_EOC in I/O bank 5 uses VCCIO 3.3V File: C:/repos/hvps/Code/Verilog/HVPSController2/hvps_controller.v Line: 7
        Info (169073): Pin U5_INV_RD in I/O bank 5 uses VCCIO 3.3V File: C:/repos/hvps/Code/Verilog/HVPSController2/hvps_controller.v Line: 7
        Info (169073): Pin U5_INV_CONVST in I/O bank 5 uses VCCIO 3.3V File: C:/repos/hvps/Code/Verilog/HVPSController2/hvps_controller.v Line: 7
        Info (169073): Pin U5_DB0 in I/O bank 5 uses VCCIO 3.3V File: C:/repos/hvps/Code/Verilog/HVPSController2/hvps_controller.v Line: 8
        Info (169073): Pin U5_DB1 in I/O bank 5 uses VCCIO 3.3V File: C:/repos/hvps/Code/Verilog/HVPSController2/hvps_controller.v Line: 8
        Info (169073): Pin U5_DB2 in I/O bank 5 uses VCCIO 3.3V File: C:/repos/hvps/Code/Verilog/HVPSController2/hvps_controller.v Line: 8
    Error (169026): Pin ESP_EMERGENCY_SHUTDOWN with I/O standard assignment 2.5 V is incompatible with I/O bank 6. I/O standard 2.5 V, has a VCCIO requirement of 2.5V, which incompatible with the I/O bank's VCCIO setting or with other output or bidirectional pins in the I/O bank using a VCCIO requirement of 3.3V. Assign output and bidirectional pins with different VCCIO requirements to different I/O banks, or change the I/O standard assignment for the specified pin to a compatible I/O standard. The Intel FPGA Knowledge Database contains many articles with specific details on how to resolve this error. Visit the Knowledge Database at https://www.altera.com/support/support-resources/knowledge-base/search.html and search for this specific error message number. File: C:/repos/hvps/Code/Verilog/HVPSController2/hvps_controller.v Line: 18
        Info (169308): Design partition "Top" has 2 pin(s) in the I/O bank 6 and the pins(s) use VCCIO 3.3V
            Info (169073): Pin U12_INV_EOC in I/O bank 6 uses VCCIO 3.3V File: C:/repos/hvps/Code/Verilog/HVPSController2/hvps_controller.v Line: 4
            Info (169073): Pin clk in I/O bank 6 uses VCCIO 3.3V File: C:/repos/hvps/Code/Verilog/HVPSController2/hvps_controller.v Line: 2
        Info (169309): Pin ESP_EMERGENCY_SHUTDOWN is in design partition "Top" File: C:/repos/hvps/Code/Verilog/HVPSController2/hvps_controller.v Line: 18
        Info (169308): Design partition "hard_block:auto_generated_inst" has 1 pin(s) in the I/O bank 6 and the pins(s) use VCCIO 3.3V
            Info (169073): Pin ~ALTERA_nCEO~ in I/O bank 6 uses VCCIO 3.3V
        Info (169309): Pin ESP_EMERGENCY_SHUTDOWN is in design partition "Top" File: C:/repos/hvps/Code/Verilog/HVPSController2/hvps_controller.v Line: 18
    Error (169026): Pin ESP_EMERGENCY_SHUTDOWN with I/O standard assignment 2.5 V is incompatible with I/O bank 7. I/O standard 2.5 V, has a VCCIO requirement of 2.5V, which incompatible with the I/O bank's VCCIO setting or with other output or bidirectional pins in the I/O bank using a VCCIO requirement of 3.3V. Assign output and bidirectional pins with different VCCIO requirements to different I/O banks, or change the I/O standard assignment for the specified pin to a compatible I/O standard. The Intel FPGA Knowledge Database contains many articles with specific details on how to resolve this error. Visit the Knowledge Database at https://www.altera.com/support/support-resources/knowledge-base/search.html and search for this specific error message number. File: C:/repos/hvps/Code/Verilog/HVPSController2/hvps_controller.v Line: 18
        Info (169073): Pin U12_INV_RD in I/O bank 7 uses VCCIO 3.3V File: C:/repos/hvps/Code/Verilog/HVPSController2/hvps_controller.v Line: 4
        Info (169073): Pin U12_INV_CONVST in I/O bank 7 uses VCCIO 3.3V File: C:/repos/hvps/Code/Verilog/HVPSController2/hvps_controller.v Line: 4
        Info (169073): Pin U12_DB0 in I/O bank 7 uses VCCIO 3.3V File: C:/repos/hvps/Code/Verilog/HVPSController2/hvps_controller.v Line: 5
        Info (169073): Pin U12_DB1 in I/O bank 7 uses VCCIO 3.3V File: C:/repos/hvps/Code/Verilog/HVPSController2/hvps_controller.v Line: 5
        Info (169073): Pin U12_DB2 in I/O bank 7 uses VCCIO 3.3V File: C:/repos/hvps/Code/Verilog/HVPSController2/hvps_controller.v Line: 5
        Info (169073): Pin U20_DB5 in I/O bank 7 uses VCCIO 3.3V File: C:/repos/hvps/Code/Verilog/HVPSController2/hvps_controller.v Line: 12
        Info (169073): Pin U20_DB6 in I/O bank 7 uses VCCIO 3.3V File: C:/repos/hvps/Code/Verilog/HVPSController2/hvps_controller.v Line: 12
        Info (169073): Pin U20_DB7 in I/O bank 7 uses VCCIO 3.3V File: C:/repos/hvps/Code/Verilog/HVPSController2/hvps_controller.v Line: 12
    Error (169026): Pin ESP_EMERGENCY_SHUTDOWN with I/O standard assignment 2.5 V is incompatible with I/O bank 8. I/O standard 2.5 V, has a VCCIO requirement of 2.5V, which incompatible with the I/O bank's VCCIO setting or with other output or bidirectional pins in the I/O bank using a VCCIO requirement of 3.3V. Assign output and bidirectional pins with different VCCIO requirements to different I/O banks, or change the I/O standard assignment for the specified pin to a compatible I/O standard. The Intel FPGA Knowledge Database contains many articles with specific details on how to resolve this error. Visit the Knowledge Database at https://www.altera.com/support/support-resources/knowledge-base/search.html and search for this specific error message number. File: C:/repos/hvps/Code/Verilog/HVPSController2/hvps_controller.v Line: 18
        Info (169073): Pin U12_DB4 in I/O bank 8 uses VCCIO 3.3V File: C:/repos/hvps/Code/Verilog/HVPSController2/hvps_controller.v Line: 5
        Info (169073): Pin U12_DB5 in I/O bank 8 uses VCCIO 3.3V File: C:/repos/hvps/Code/Verilog/HVPSController2/hvps_controller.v Line: 5
        Info (169073): Pin U12_DB6 in I/O bank 8 uses VCCIO 3.3V File: C:/repos/hvps/Code/Verilog/HVPSController2/hvps_controller.v Line: 5
        Info (169073): Pin U12_DB7 in I/O bank 8 uses VCCIO 3.3V File: C:/repos/hvps/Code/Verilog/HVPSController2/hvps_controller.v Line: 5
        Info (169073): Pin U20_DB3 in I/O bank 8 uses VCCIO 3.3V File: C:/repos/hvps/Code/Verilog/HVPSController2/hvps_controller.v Line: 12
        Info (169073): Pin U20_DB4 in I/O bank 8 uses VCCIO 3.3V File: C:/repos/hvps/Code/Verilog/HVPSController2/hvps_controller.v Line: 12
Error (176204): Can't place pins due to device constraints
Info (171121): Fitter preparation operations ending: elapsed time is 00:00:02
Warning (171167): Found invalid Fitter assignments. See the Ignored Assignments panel in the Fitter Compilation Report for more information.
Error (171000): Can't fit design in device
Warning (169177): 1 pins must meet Intel FPGA requirements for 3.3-, 3.0-, and 2.5-V interfaces. For more information, refer to AN 447: Interfacing Cyclone IV E Devices with 3.3/3.0/2.5-V LVTTL/LVCMOS I/O Systems.
    Info (169178): Pin clk uses I/O standard 3.3-V LVCMOS at 91 File: C:/repos/hvps/Code/Verilog/HVPSController2/hvps_controller.v Line: 2
Info (144001): Generated suppressed messages file C:/repos/hvps/Code/Verilog/HVPSController2/output_files/hvps_controller.fit.smsg
Error: Quartus Prime Fitter was unsuccessful. 102 errors, 6 warnings
    Error: Peak virtual memory: 5343 megabytes
    Error: Processing ended: Sat Feb 14 13:45:30 2026
    Error: Elapsed time: 00:00:05
    Error: Total CPU time (on all processors): 00:00:03


+----------------------------+
; Fitter Suppressed Messages ;
+----------------------------+
The suppressed messages can be found in C:/repos/hvps/Code/Verilog/HVPSController2/output_files/hvps_controller.fit.smsg.


