Timing Analyzer report for hvps_controller
Sat Apr  4 17:41:57 2026
Quartus Prime Version 25.1std.0 Build 1129 10/21/2025 SC Lite Edition


---------------------
; Table of Contents ;
---------------------
  1. Legal Notice
  2. Timing Analyzer Summary
  3. Parallel Compilation
  4. SDC File List
  5. Clocks
  6. Slow 1000mV 85C Model Fmax Summary
  7. Timing Closure Recommendations
  8. Slow 1000mV 85C Model Setup Summary
  9. Slow 1000mV 85C Model Hold Summary
 10. Slow 1000mV 85C Model Recovery Summary
 11. Slow 1000mV 85C Model Removal Summary
 12. Slow 1000mV 85C Model Minimum Pulse Width Summary
 13. Slow 1000mV 85C Model Setup: 'clk'
 14. Slow 1000mV 85C Model Hold: 'clk'
 15. Slow 1000mV 85C Model Metastability Summary
 16. Slow 1000mV 0C Model Fmax Summary
 17. Slow 1000mV 0C Model Setup Summary
 18. Slow 1000mV 0C Model Hold Summary
 19. Slow 1000mV 0C Model Recovery Summary
 20. Slow 1000mV 0C Model Removal Summary
 21. Slow 1000mV 0C Model Minimum Pulse Width Summary
 22. Slow 1000mV 0C Model Setup: 'clk'
 23. Slow 1000mV 0C Model Hold: 'clk'
 24. Slow 1000mV 0C Model Metastability Summary
 25. Fast 1000mV 0C Model Setup Summary
 26. Fast 1000mV 0C Model Hold Summary
 27. Fast 1000mV 0C Model Recovery Summary
 28. Fast 1000mV 0C Model Removal Summary
 29. Fast 1000mV 0C Model Minimum Pulse Width Summary
 30. Fast 1000mV 0C Model Setup: 'clk'
 31. Fast 1000mV 0C Model Hold: 'clk'
 32. Fast 1000mV 0C Model Metastability Summary
 33. Multicorner Timing Analysis Summary
 34. Board Trace Model Assignments
 35. Input Transition Times
 36. Signal Integrity Metrics (Slow 1000mv 0c Model)
 37. Signal Integrity Metrics (Slow 1000mv 85c Model)
 38. Signal Integrity Metrics (Fast 1000mv 0c Model)
 39. Setup Transfers
 40. Hold Transfers
 41. Report TCCS
 42. Report RSKM
 43. Unconstrained Paths Summary
 44. Clock Status Summary
 45. Timing Analyzer Messages



----------------
; Legal Notice ;
----------------
Copyright (C) 2025  Altera Corporation. All rights reserved.
Your use of Altera Corporation's design tools, logic functions 
and other software and tools, and any partner logic 
functions, and any output files from any of the foregoing 
(including device programming or simulation files), and any 
associated documentation or information are expressly subject 
to the terms and conditions of the Altera Program License 
Subscription Agreement, the Altera Quartus Prime License Agreement,
the Altera IP License Agreement, or other applicable license
agreement, including, without limitation, that your use is for
the sole purpose of programming logic devices manufactured by
Altera and sold by Altera or its authorized distributors.  Please
refer to the Altera Software License Subscription Agreements 
on the Quartus Prime software download page.



+---------------------------------------------------------------------------------+
; Timing Analyzer Summary                                                         ;
+-----------------------+---------------------------------------------------------+
; Quartus Prime Version ; Version 25.1std.0 Build 1129 10/21/2025 SC Lite Edition ;
; Timing Analyzer       ; Legacy Timing Analyzer                                  ;
; Revision Name         ; hvps_controller                                         ;
; Device Family         ; Cyclone IV E                                            ;
; Device Name           ; EP4CE6E22C8L                                            ;
; Timing Models         ; Final                                                   ;
; Delay Model           ; Combined                                                ;
; Rise/Fall Delays      ; Enabled                                                 ;
+-----------------------+---------------------------------------------------------+


+------------------------------------------+
; Parallel Compilation                     ;
+----------------------------+-------------+
; Processors                 ; Number      ;
+----------------------------+-------------+
; Number detected on machine ; 16          ;
; Maximum allowed            ; 8           ;
;                            ;             ;
; Average used               ; 1.19        ;
; Maximum used               ; 8           ;
;                            ;             ;
; Usage by Processor         ; % Time Used ;
;     Processor 1            ; 100.0%      ;
;     Processor 2            ;   4.4%      ;
;     Processor 3            ;   3.0%      ;
;     Processors 4-8         ;   2.4%      ;
+----------------------------+-------------+


+---------------------------------------------------------+
; SDC File List                                           ;
+---------------------+--------+--------------------------+
; SDC File Path       ; Status ; Read at                  ;
+---------------------+--------+--------------------------+
; hvps_controller.sdc ; OK     ; Sat Apr  4 17:41:56 2026 ;
+---------------------+--------+--------------------------+


+---------------------------------------------------------------------------------------------------------------------------------------------------------------------------------+
; Clocks                                                                                                                                                                          ;
+------------+------+--------+-----------+-------+--------+------------+-----------+-------------+-------+--------+-----------+------------+----------+--------+--------+---------+
; Clock Name ; Type ; Period ; Frequency ; Rise  ; Fall   ; Duty Cycle ; Divide by ; Multiply by ; Phase ; Offset ; Edge List ; Edge Shift ; Inverted ; Master ; Source ; Targets ;
+------------+------+--------+-----------+-------+--------+------------+-----------+-------------+-------+--------+-----------+------------+----------+--------+--------+---------+
; clk        ; Base ; 20.000 ; 50.0 MHz  ; 0.000 ; 10.000 ;            ;           ;             ;       ;        ;           ;            ;          ;        ;        ; { clk } ;
+------------+------+--------+-----------+-------+--------+------------+-----------+-------------+-------+--------+-----------+------------+----------+--------+--------+---------+


+-------------------------------------------------+
; Slow 1000mV 85C Model Fmax Summary              ;
+-----------+-----------------+------------+------+
; Fmax      ; Restricted Fmax ; Clock Name ; Note ;
+-----------+-----------------+------------+------+
; 131.3 MHz ; 131.3 MHz       ; clk        ;      ;
+-----------+-----------------+------------+------+
This panel reports FMAX for every clock in the design, regardless of the user-specified clock periods.  FMAX is only computed for paths where the source and destination registers or ports are driven by the same clock.  Paths of different clocks, including generated clocks, are ignored.  For paths between a clock and its inversion, FMAX is computed as if the rising and falling edges are scaled along with FMAX, such that the duty cycle (in terms of a percentage) is maintained. Altera recommends that you always use clock constraints and other slack reports for sign-off analysis.


----------------------------------
; Timing Closure Recommendations ;
----------------------------------
HTML report is unavailable in plain text report export.


+-------------------------------------+
; Slow 1000mV 85C Model Setup Summary ;
+-------+--------+--------------------+
; Clock ; Slack  ; End Point TNS      ;
+-------+--------+--------------------+
; clk   ; 12.384 ; 0.000              ;
+-------+--------+--------------------+


+------------------------------------+
; Slow 1000mV 85C Model Hold Summary ;
+-------+-------+--------------------+
; Clock ; Slack ; End Point TNS      ;
+-------+-------+--------------------+
; clk   ; 0.526 ; 0.000              ;
+-------+-------+--------------------+


------------------------------------------
; Slow 1000mV 85C Model Recovery Summary ;
------------------------------------------
No paths to report.


-----------------------------------------
; Slow 1000mV 85C Model Removal Summary ;
-----------------------------------------
No paths to report.


+---------------------------------------------------+
; Slow 1000mV 85C Model Minimum Pulse Width Summary ;
+-------+-------+-----------------------------------+
; Clock ; Slack ; End Point TNS                     ;
+-------+-------+-----------------------------------+
; clk   ; 9.739 ; 0.000                             ;
+-------+-------+-----------------------------------+


+--------------------------------------------------------------------------------------------------------------------------------------------------------------------------------------------------------------------------------------------+
; Slow 1000mV 85C Model Setup: 'clk'                                                                                                                                                                                                         ;
+--------+-------------------------------------------------------------------------------+-----------------------------------------------------------------------------+--------------+-------------+--------------+------------+------------+
; Slack  ; From Node                                                                     ; To Node                                                                     ; Launch Clock ; Latch Clock ; Relationship ; Clock Skew ; Data Delay ;
+--------+-------------------------------------------------------------------------------+-----------------------------------------------------------------------------+--------------+-------------+--------------+------------+------------+
; 12.384 ; AD7822:output_voltage_feedback_adc|INV_CONVST                                 ; U5_INV_CONVST                                                               ; clk          ; clk         ; 20.000       ; -2.827     ; 4.769      ;
; 12.388 ; AD7822:primary_current_feedback_adc|INV_RD                                    ; U12_INV_RD                                                                  ; clk          ; clk         ; 20.000       ; -2.863     ; 4.729      ;
; 12.388 ; AD7822:primary_current_feedback_adc|INV_CONVST                                ; U12_INV_CONVST                                                              ; clk          ; clk         ; 20.000       ; -2.863     ; 4.729      ;
; 12.395 ; AD7822:output_voltage_feedback_adc|INV_RD                                     ; U5_INV_RD                                                                   ; clk          ; clk         ; 20.000       ; -2.816     ; 4.769      ;
; 12.401 ; HVPS_FPGAInterface:fpga_interface|output_buffer[74]                           ; ESP_OUT_VALUE                                                               ; clk          ; clk         ; 20.000       ; -2.850     ; 4.729      ;
; 12.411 ; AD7822:first_stage_voltage_feedback_adc|INV_RD                                ; U20_INV_RD                                                                  ; clk          ; clk         ; 20.000       ; -2.840     ; 4.729      ;
; 12.411 ; AD7822:first_stage_voltage_feedback_adc|INV_CONVST                            ; U20_INV_CONVST                                                              ; clk          ; clk         ; 20.000       ; -2.840     ; 4.729      ;
; 13.939 ; U20_INV_EOC                                                                   ; AD7822:first_stage_voltage_feedback_adc|counter[0]                          ; clk          ; clk         ; 20.000       ; 2.744      ; 8.810      ;
; 13.939 ; U20_INV_EOC                                                                   ; AD7822:first_stage_voltage_feedback_adc|counter[2]                          ; clk          ; clk         ; 20.000       ; 2.744      ; 8.810      ;
; 13.939 ; U20_INV_EOC                                                                   ; AD7822:first_stage_voltage_feedback_adc|counter[1]                          ; clk          ; clk         ; 20.000       ; 2.744      ; 8.810      ;
; 13.939 ; U20_INV_EOC                                                                   ; AD7822:first_stage_voltage_feedback_adc|counter[3]                          ; clk          ; clk         ; 20.000       ; 2.744      ; 8.810      ;
; 13.939 ; U20_INV_EOC                                                                   ; AD7822:first_stage_voltage_feedback_adc|counter[4]                          ; clk          ; clk         ; 20.000       ; 2.744      ; 8.810      ;
; 14.003 ; AD7822:first_stage_voltage_feedback_adc|counter[1]                            ; AD7822:first_stage_voltage_feedback_adc|INV_RD                              ; clk          ; clk         ; 20.000       ; -0.068     ; 5.762      ;
; 14.022 ; U20_INV_EOC                                                                   ; AD7822:first_stage_voltage_feedback_adc|state.IDLE                          ; clk          ; clk         ; 20.000       ; 2.727      ; 8.710      ;
; 14.079 ; U20_INV_EOC                                                                   ; AD7822:first_stage_voltage_feedback_adc|state.CONVERTING                    ; clk          ; clk         ; 20.000       ; 2.727      ; 8.653      ;
; 14.176 ; AD7822:first_stage_voltage_feedback_adc|counter[4]                            ; AD7822:first_stage_voltage_feedback_adc|INV_RD                              ; clk          ; clk         ; 20.000       ; -0.068     ; 5.589      ;
; 14.193 ; U20_INV_EOC                                                                   ; AD7822:first_stage_voltage_feedback_adc|INV_RD                              ; clk          ; clk         ; 20.000       ; 2.763      ; 8.403      ;
; 14.368 ; HVPS_FPGAInterface:fpga_interface|debouncer:debouncer_in_shift|debounced_out  ; HVPS_FPGAInterface:fpga_interface|input_staged[21]                          ; clk          ; clk         ; 20.000       ; -0.087     ; 5.550      ;
; 14.368 ; HVPS_FPGAInterface:fpga_interface|debouncer:debouncer_in_shift|debounced_out  ; HVPS_FPGAInterface:fpga_interface|input_staged[20]                          ; clk          ; clk         ; 20.000       ; -0.087     ; 5.550      ;
; 14.368 ; HVPS_FPGAInterface:fpga_interface|debouncer:debouncer_in_shift|debounced_out  ; HVPS_FPGAInterface:fpga_interface|input_staged[19]                          ; clk          ; clk         ; 20.000       ; -0.087     ; 5.550      ;
; 14.368 ; HVPS_FPGAInterface:fpga_interface|debouncer:debouncer_in_shift|debounced_out  ; HVPS_FPGAInterface:fpga_interface|input_staged[18]                          ; clk          ; clk         ; 20.000       ; -0.087     ; 5.550      ;
; 14.368 ; HVPS_FPGAInterface:fpga_interface|debouncer:debouncer_in_shift|debounced_out  ; HVPS_FPGAInterface:fpga_interface|input_staged[17]                          ; clk          ; clk         ; 20.000       ; -0.087     ; 5.550      ;
; 14.368 ; HVPS_FPGAInterface:fpga_interface|debouncer:debouncer_in_shift|debounced_out  ; HVPS_FPGAInterface:fpga_interface|input_staged[16]                          ; clk          ; clk         ; 20.000       ; -0.087     ; 5.550      ;
; 14.368 ; HVPS_FPGAInterface:fpga_interface|debouncer:debouncer_in_shift|debounced_out  ; HVPS_FPGAInterface:fpga_interface|input_staged[15]                          ; clk          ; clk         ; 20.000       ; -0.087     ; 5.550      ;
; 14.368 ; HVPS_FPGAInterface:fpga_interface|debouncer:debouncer_in_shift|debounced_out  ; HVPS_FPGAInterface:fpga_interface|input_staged[14]                          ; clk          ; clk         ; 20.000       ; -0.087     ; 5.550      ;
; 14.374 ; AD7822:first_stage_voltage_feedback_adc|counter[3]                            ; AD7822:first_stage_voltage_feedback_adc|INV_RD                              ; clk          ; clk         ; 20.000       ; -0.068     ; 5.391      ;
; 14.458 ; U12_INV_EOC                                                                   ; AD7822:primary_current_feedback_adc|state.READING                           ; clk          ; clk         ; 20.000       ; 2.730      ; 8.277      ;
; 14.458 ; U12_INV_EOC                                                                   ; AD7822:primary_current_feedback_adc|state.IDLE                              ; clk          ; clk         ; 20.000       ; 2.730      ; 8.277      ;
; 14.509 ; HVPS_FPGAInterface:fpga_interface|debouncer:debouncer_in_shift|counter[13]    ; HVPS_FPGAInterface:fpga_interface|debouncer:debouncer_in_shift|counter[0]   ; clk          ; clk         ; 20.000       ; -0.073     ; 5.423      ;
; 14.509 ; HVPS_FPGAInterface:fpga_interface|debouncer:debouncer_in_shift|counter[13]    ; HVPS_FPGAInterface:fpga_interface|debouncer:debouncer_in_shift|counter[1]   ; clk          ; clk         ; 20.000       ; -0.073     ; 5.423      ;
; 14.509 ; HVPS_FPGAInterface:fpga_interface|debouncer:debouncer_in_shift|counter[13]    ; HVPS_FPGAInterface:fpga_interface|debouncer:debouncer_in_shift|counter[2]   ; clk          ; clk         ; 20.000       ; -0.073     ; 5.423      ;
; 14.509 ; HVPS_FPGAInterface:fpga_interface|debouncer:debouncer_in_shift|counter[13]    ; HVPS_FPGAInterface:fpga_interface|debouncer:debouncer_in_shift|counter[3]   ; clk          ; clk         ; 20.000       ; -0.073     ; 5.423      ;
; 14.509 ; HVPS_FPGAInterface:fpga_interface|debouncer:debouncer_in_shift|counter[13]    ; HVPS_FPGAInterface:fpga_interface|debouncer:debouncer_in_shift|counter[4]   ; clk          ; clk         ; 20.000       ; -0.073     ; 5.423      ;
; 14.509 ; HVPS_FPGAInterface:fpga_interface|debouncer:debouncer_in_shift|counter[13]    ; HVPS_FPGAInterface:fpga_interface|debouncer:debouncer_in_shift|counter[5]   ; clk          ; clk         ; 20.000       ; -0.073     ; 5.423      ;
; 14.509 ; HVPS_FPGAInterface:fpga_interface|debouncer:debouncer_in_shift|counter[13]    ; HVPS_FPGAInterface:fpga_interface|debouncer:debouncer_in_shift|counter[6]   ; clk          ; clk         ; 20.000       ; -0.073     ; 5.423      ;
; 14.509 ; HVPS_FPGAInterface:fpga_interface|debouncer:debouncer_in_shift|counter[13]    ; HVPS_FPGAInterface:fpga_interface|debouncer:debouncer_in_shift|counter[7]   ; clk          ; clk         ; 20.000       ; -0.073     ; 5.423      ;
; 14.509 ; HVPS_FPGAInterface:fpga_interface|debouncer:debouncer_in_shift|counter[13]    ; HVPS_FPGAInterface:fpga_interface|debouncer:debouncer_in_shift|counter[8]   ; clk          ; clk         ; 20.000       ; -0.073     ; 5.423      ;
; 14.516 ; U12_INV_EOC                                                                   ; AD7822:primary_current_feedback_adc|state.CONVERTING                        ; clk          ; clk         ; 20.000       ; 2.730      ; 8.219      ;
; 14.529 ; AD7822:first_stage_voltage_feedback_adc|counter[2]                            ; AD7822:first_stage_voltage_feedback_adc|INV_RD                              ; clk          ; clk         ; 20.000       ; -0.068     ; 5.236      ;
; 14.638 ; HVPS_FPGAInterface:fpga_interface|debouncer:debouncer_in_shift|debounced_out  ; HVPS_FPGAInterface:fpga_interface|input_staged[25]                          ; clk          ; clk         ; 20.000       ; -0.080     ; 5.287      ;
; 14.638 ; HVPS_FPGAInterface:fpga_interface|debouncer:debouncer_in_shift|debounced_out  ; HVPS_FPGAInterface:fpga_interface|input_staged[1]                           ; clk          ; clk         ; 20.000       ; -0.080     ; 5.287      ;
; 14.638 ; HVPS_FPGAInterface:fpga_interface|debouncer:debouncer_in_shift|debounced_out  ; HVPS_FPGAInterface:fpga_interface|input_staged[0]                           ; clk          ; clk         ; 20.000       ; -0.080     ; 5.287      ;
; 14.646 ; HVPS_FPGAInterface:fpga_interface|debouncer:debouncer_in_shift|debounced_out  ; HVPS_FPGAInterface:fpga_interface|input_staged[9]                           ; clk          ; clk         ; 20.000       ; -0.079     ; 5.280      ;
; 14.646 ; HVPS_FPGAInterface:fpga_interface|debouncer:debouncer_in_shift|debounced_out  ; HVPS_FPGAInterface:fpga_interface|input_staged[8]                           ; clk          ; clk         ; 20.000       ; -0.079     ; 5.280      ;
; 14.646 ; HVPS_FPGAInterface:fpga_interface|debouncer:debouncer_in_shift|debounced_out  ; HVPS_FPGAInterface:fpga_interface|input_staged[6]                           ; clk          ; clk         ; 20.000       ; -0.079     ; 5.280      ;
; 14.646 ; HVPS_FPGAInterface:fpga_interface|debouncer:debouncer_in_shift|debounced_out  ; HVPS_FPGAInterface:fpga_interface|input_staged[5]                           ; clk          ; clk         ; 20.000       ; -0.079     ; 5.280      ;
; 14.646 ; HVPS_FPGAInterface:fpga_interface|debouncer:debouncer_in_shift|debounced_out  ; HVPS_FPGAInterface:fpga_interface|input_staged[4]                           ; clk          ; clk         ; 20.000       ; -0.079     ; 5.280      ;
; 14.646 ; HVPS_FPGAInterface:fpga_interface|debouncer:debouncer_in_shift|debounced_out  ; HVPS_FPGAInterface:fpga_interface|input_staged[3]                           ; clk          ; clk         ; 20.000       ; -0.079     ; 5.280      ;
; 14.646 ; HVPS_FPGAInterface:fpga_interface|debouncer:debouncer_in_shift|debounced_out  ; HVPS_FPGAInterface:fpga_interface|input_staged[2]                           ; clk          ; clk         ; 20.000       ; -0.079     ; 5.280      ;
; 14.659 ; HVPS_FPGAInterface:fpga_interface|debouncer:debouncer_in_shift|counter[12]    ; HVPS_FPGAInterface:fpga_interface|debouncer:debouncer_in_shift|counter[0]   ; clk          ; clk         ; 20.000       ; -0.073     ; 5.273      ;
; 14.659 ; HVPS_FPGAInterface:fpga_interface|debouncer:debouncer_in_shift|counter[12]    ; HVPS_FPGAInterface:fpga_interface|debouncer:debouncer_in_shift|counter[1]   ; clk          ; clk         ; 20.000       ; -0.073     ; 5.273      ;
; 14.659 ; HVPS_FPGAInterface:fpga_interface|debouncer:debouncer_in_shift|counter[12]    ; HVPS_FPGAInterface:fpga_interface|debouncer:debouncer_in_shift|counter[2]   ; clk          ; clk         ; 20.000       ; -0.073     ; 5.273      ;
; 14.659 ; HVPS_FPGAInterface:fpga_interface|debouncer:debouncer_in_shift|counter[12]    ; HVPS_FPGAInterface:fpga_interface|debouncer:debouncer_in_shift|counter[3]   ; clk          ; clk         ; 20.000       ; -0.073     ; 5.273      ;
; 14.659 ; HVPS_FPGAInterface:fpga_interface|debouncer:debouncer_in_shift|counter[12]    ; HVPS_FPGAInterface:fpga_interface|debouncer:debouncer_in_shift|counter[4]   ; clk          ; clk         ; 20.000       ; -0.073     ; 5.273      ;
; 14.659 ; HVPS_FPGAInterface:fpga_interface|debouncer:debouncer_in_shift|counter[12]    ; HVPS_FPGAInterface:fpga_interface|debouncer:debouncer_in_shift|counter[5]   ; clk          ; clk         ; 20.000       ; -0.073     ; 5.273      ;
; 14.659 ; HVPS_FPGAInterface:fpga_interface|debouncer:debouncer_in_shift|counter[12]    ; HVPS_FPGAInterface:fpga_interface|debouncer:debouncer_in_shift|counter[6]   ; clk          ; clk         ; 20.000       ; -0.073     ; 5.273      ;
; 14.659 ; HVPS_FPGAInterface:fpga_interface|debouncer:debouncer_in_shift|counter[12]    ; HVPS_FPGAInterface:fpga_interface|debouncer:debouncer_in_shift|counter[7]   ; clk          ; clk         ; 20.000       ; -0.073     ; 5.273      ;
; 14.659 ; HVPS_FPGAInterface:fpga_interface|debouncer:debouncer_in_shift|counter[12]    ; HVPS_FPGAInterface:fpga_interface|debouncer:debouncer_in_shift|counter[8]   ; clk          ; clk         ; 20.000       ; -0.073     ; 5.273      ;
; 14.683 ; HVPS_FPGAInterface:fpga_interface|debouncer:debouncer_in_shift|debounced_out  ; HVPS_FPGAInterface:fpga_interface|input_staged[7]                           ; clk          ; clk         ; 20.000       ; -0.081     ; 5.241      ;
; 14.757 ; AD7822:first_stage_voltage_feedback_adc|state.IDLE                            ; AD7822:first_stage_voltage_feedback_adc|state.IDLE                          ; clk          ; clk         ; 20.000       ; -0.086     ; 5.162      ;
; 14.779 ; U5_INV_EOC                                                                    ; AD7822:output_voltage_feedback_adc|INV_RD                                   ; clk          ; clk         ; 20.000       ; 2.738      ; 7.795      ;
; 14.783 ; U20_INV_EOC                                                                   ; AD7822:first_stage_voltage_feedback_adc|state.READING                       ; clk          ; clk         ; 20.000       ; 2.744      ; 7.966      ;
; 14.783 ; U12_INV_EOC                                                                   ; AD7822:primary_current_feedback_adc|counter[0]                              ; clk          ; clk         ; 20.000       ; 2.741      ; 7.963      ;
; 14.783 ; U12_INV_EOC                                                                   ; AD7822:primary_current_feedback_adc|counter[2]                              ; clk          ; clk         ; 20.000       ; 2.741      ; 7.963      ;
; 14.783 ; U12_INV_EOC                                                                   ; AD7822:primary_current_feedback_adc|counter[1]                              ; clk          ; clk         ; 20.000       ; 2.741      ; 7.963      ;
; 14.783 ; U12_INV_EOC                                                                   ; AD7822:primary_current_feedback_adc|counter[4]                              ; clk          ; clk         ; 20.000       ; 2.741      ; 7.963      ;
; 14.783 ; U12_INV_EOC                                                                   ; AD7822:primary_current_feedback_adc|counter[3]                              ; clk          ; clk         ; 20.000       ; 2.741      ; 7.963      ;
; 14.794 ; HVPS_FPGAInterface:fpga_interface|debouncer:debouncer_out_shift|debounced_out ; HVPS_FPGAInterface:fpga_interface|output_buffer[74]                         ; clk          ; clk         ; 20.000       ; -0.045     ; 4.994      ;
; 14.814 ; AD7822:first_stage_voltage_feedback_adc|state.IDLE                            ; AD7822:first_stage_voltage_feedback_adc|state.CONVERTING                    ; clk          ; clk         ; 20.000       ; -0.086     ; 5.105      ;
; 14.860 ; U5_INV_EOC                                                                    ; AD7822:output_voltage_feedback_adc|state.CONVERTING                         ; clk          ; clk         ; 20.000       ; 2.728      ; 7.873      ;
; 14.903 ; HVPS_FPGAInterface:fpga_interface|debouncer:debouncer_to_output|debounced_out ; HVPS_FPGAInterface:fpga_interface|output_buffer[74]                         ; clk          ; clk         ; 20.000       ; -0.052     ; 4.878      ;
; 14.907 ; U5_INV_EOC                                                                    ; AD7822:output_voltage_feedback_adc|state.IDLE                               ; clk          ; clk         ; 20.000       ; 2.728      ; 7.826      ;
; 14.958 ; HVPS_FPGAInterface:fpga_interface|debouncer:debouncer_to_output|counter[8]    ; HVPS_FPGAInterface:fpga_interface|debouncer:debouncer_to_output|counter[15] ; clk          ; clk         ; 20.000       ; -0.085     ; 4.962      ;
; 14.958 ; HVPS_FPGAInterface:fpga_interface|debouncer:debouncer_to_output|counter[8]    ; HVPS_FPGAInterface:fpga_interface|debouncer:debouncer_to_output|counter[14] ; clk          ; clk         ; 20.000       ; -0.085     ; 4.962      ;
; 14.958 ; HVPS_FPGAInterface:fpga_interface|debouncer:debouncer_to_output|counter[8]    ; HVPS_FPGAInterface:fpga_interface|debouncer:debouncer_to_output|counter[9]  ; clk          ; clk         ; 20.000       ; -0.085     ; 4.962      ;
; 14.958 ; HVPS_FPGAInterface:fpga_interface|debouncer:debouncer_to_output|counter[8]    ; HVPS_FPGAInterface:fpga_interface|debouncer:debouncer_to_output|counter[10] ; clk          ; clk         ; 20.000       ; -0.085     ; 4.962      ;
; 14.958 ; HVPS_FPGAInterface:fpga_interface|debouncer:debouncer_to_output|counter[8]    ; HVPS_FPGAInterface:fpga_interface|debouncer:debouncer_to_output|counter[11] ; clk          ; clk         ; 20.000       ; -0.085     ; 4.962      ;
; 14.958 ; HVPS_FPGAInterface:fpga_interface|debouncer:debouncer_to_output|counter[8]    ; HVPS_FPGAInterface:fpga_interface|debouncer:debouncer_to_output|counter[12] ; clk          ; clk         ; 20.000       ; -0.085     ; 4.962      ;
; 14.958 ; HVPS_FPGAInterface:fpga_interface|debouncer:debouncer_to_output|counter[8]    ; HVPS_FPGAInterface:fpga_interface|debouncer:debouncer_to_output|counter[13] ; clk          ; clk         ; 20.000       ; -0.085     ; 4.962      ;
; 14.958 ; HVPS_FPGAInterface:fpga_interface|debouncer:debouncer_to_output|counter[8]    ; HVPS_FPGAInterface:fpga_interface|debouncer:debouncer_to_output|counter[17] ; clk          ; clk         ; 20.000       ; -0.085     ; 4.962      ;
; 14.958 ; HVPS_FPGAInterface:fpga_interface|debouncer:debouncer_to_output|counter[8]    ; HVPS_FPGAInterface:fpga_interface|debouncer:debouncer_to_output|counter[16] ; clk          ; clk         ; 20.000       ; -0.085     ; 4.962      ;
; 14.958 ; HVPS_FPGAInterface:fpga_interface|debouncer:debouncer_to_output|counter[8]    ; HVPS_FPGAInterface:fpga_interface|debouncer:debouncer_to_output|counter[18] ; clk          ; clk         ; 20.000       ; -0.085     ; 4.962      ;
; 14.965 ; HVPS_FPGAInterface:fpga_interface|debouncer:debouncer_to_output|counter[7]    ; HVPS_FPGAInterface:fpga_interface|debouncer:debouncer_to_output|counter[15] ; clk          ; clk         ; 20.000       ; -0.085     ; 4.955      ;
; 14.965 ; HVPS_FPGAInterface:fpga_interface|debouncer:debouncer_to_output|counter[7]    ; HVPS_FPGAInterface:fpga_interface|debouncer:debouncer_to_output|counter[14] ; clk          ; clk         ; 20.000       ; -0.085     ; 4.955      ;
; 14.965 ; HVPS_FPGAInterface:fpga_interface|debouncer:debouncer_to_output|counter[7]    ; HVPS_FPGAInterface:fpga_interface|debouncer:debouncer_to_output|counter[9]  ; clk          ; clk         ; 20.000       ; -0.085     ; 4.955      ;
; 14.965 ; HVPS_FPGAInterface:fpga_interface|debouncer:debouncer_to_output|counter[7]    ; HVPS_FPGAInterface:fpga_interface|debouncer:debouncer_to_output|counter[10] ; clk          ; clk         ; 20.000       ; -0.085     ; 4.955      ;
; 14.965 ; HVPS_FPGAInterface:fpga_interface|debouncer:debouncer_to_output|counter[7]    ; HVPS_FPGAInterface:fpga_interface|debouncer:debouncer_to_output|counter[11] ; clk          ; clk         ; 20.000       ; -0.085     ; 4.955      ;
; 14.965 ; HVPS_FPGAInterface:fpga_interface|debouncer:debouncer_to_output|counter[7]    ; HVPS_FPGAInterface:fpga_interface|debouncer:debouncer_to_output|counter[12] ; clk          ; clk         ; 20.000       ; -0.085     ; 4.955      ;
; 14.965 ; HVPS_FPGAInterface:fpga_interface|debouncer:debouncer_to_output|counter[7]    ; HVPS_FPGAInterface:fpga_interface|debouncer:debouncer_to_output|counter[13] ; clk          ; clk         ; 20.000       ; -0.085     ; 4.955      ;
; 14.965 ; HVPS_FPGAInterface:fpga_interface|debouncer:debouncer_to_output|counter[7]    ; HVPS_FPGAInterface:fpga_interface|debouncer:debouncer_to_output|counter[17] ; clk          ; clk         ; 20.000       ; -0.085     ; 4.955      ;
; 14.965 ; HVPS_FPGAInterface:fpga_interface|debouncer:debouncer_to_output|counter[7]    ; HVPS_FPGAInterface:fpga_interface|debouncer:debouncer_to_output|counter[16] ; clk          ; clk         ; 20.000       ; -0.085     ; 4.955      ;
; 14.965 ; HVPS_FPGAInterface:fpga_interface|debouncer:debouncer_to_output|counter[7]    ; HVPS_FPGAInterface:fpga_interface|debouncer:debouncer_to_output|counter[18] ; clk          ; clk         ; 20.000       ; -0.085     ; 4.955      ;
; 14.988 ; AD7822:primary_current_feedback_adc|state.IDLE                                ; AD7822:primary_current_feedback_adc|state.IDLE                              ; clk          ; clk         ; 20.000       ; -0.086     ; 4.931      ;
; 14.989 ; AD7822:primary_current_feedback_adc|state.IDLE                                ; AD7822:primary_current_feedback_adc|state.READING                           ; clk          ; clk         ; 20.000       ; -0.086     ; 4.930      ;
; 14.995 ; HVPS_FPGAInterface:fpga_interface|debouncer:debouncer_to_output|counter[13]   ; HVPS_FPGAInterface:fpga_interface|debouncer:debouncer_to_output|counter[15] ; clk          ; clk         ; 20.000       ; -0.086     ; 4.924      ;
; 14.995 ; HVPS_FPGAInterface:fpga_interface|debouncer:debouncer_to_output|counter[13]   ; HVPS_FPGAInterface:fpga_interface|debouncer:debouncer_to_output|counter[14] ; clk          ; clk         ; 20.000       ; -0.086     ; 4.924      ;
; 14.995 ; HVPS_FPGAInterface:fpga_interface|debouncer:debouncer_to_output|counter[13]   ; HVPS_FPGAInterface:fpga_interface|debouncer:debouncer_to_output|counter[9]  ; clk          ; clk         ; 20.000       ; -0.086     ; 4.924      ;
; 14.995 ; HVPS_FPGAInterface:fpga_interface|debouncer:debouncer_to_output|counter[13]   ; HVPS_FPGAInterface:fpga_interface|debouncer:debouncer_to_output|counter[10] ; clk          ; clk         ; 20.000       ; -0.086     ; 4.924      ;
; 14.995 ; HVPS_FPGAInterface:fpga_interface|debouncer:debouncer_to_output|counter[13]   ; HVPS_FPGAInterface:fpga_interface|debouncer:debouncer_to_output|counter[11] ; clk          ; clk         ; 20.000       ; -0.086     ; 4.924      ;
; 14.995 ; HVPS_FPGAInterface:fpga_interface|debouncer:debouncer_to_output|counter[13]   ; HVPS_FPGAInterface:fpga_interface|debouncer:debouncer_to_output|counter[12] ; clk          ; clk         ; 20.000       ; -0.086     ; 4.924      ;
+--------+-------------------------------------------------------------------------------+-----------------------------------------------------------------------------+--------------+-------------+--------------+------------+------------+


+---------------------------------------------------------------------------------------------------------------------------------------------------------------------------------------------------------------------------------------------+
; Slow 1000mV 85C Model Hold: 'clk'                                                                                                                                                                                                           ;
+-------+-------------------------------------------------------------------------------+-------------------------------------------------------------------------------+--------------+-------------+--------------+------------+------------+
; Slack ; From Node                                                                     ; To Node                                                                       ; Launch Clock ; Latch Clock ; Relationship ; Clock Skew ; Data Delay ;
+-------+-------------------------------------------------------------------------------+-------------------------------------------------------------------------------+--------------+-------------+--------------+------------+------------+
; 0.526 ; HVPS_FPGAInterface:fpga_interface|output_buffer[60]                           ; HVPS_FPGAInterface:fpga_interface|output_buffer[61]                           ; clk          ; clk         ; 0.000        ; 0.086      ; 0.856      ;
; 0.526 ; HVPS_FPGAInterface:fpga_interface|output_buffer[59]                           ; HVPS_FPGAInterface:fpga_interface|output_buffer[60]                           ; clk          ; clk         ; 0.000        ; 0.086      ; 0.856      ;
; 0.526 ; HVPS_FPGAInterface:fpga_interface|output_buffer[16]                           ; HVPS_FPGAInterface:fpga_interface|output_buffer[17]                           ; clk          ; clk         ; 0.000        ; 0.086      ; 0.856      ;
; 0.527 ; HVPS_FPGAInterface:fpga_interface|output_buffer[36]                           ; HVPS_FPGAInterface:fpga_interface|output_buffer[37]                           ; clk          ; clk         ; 0.000        ; 0.086      ; 0.857      ;
; 0.527 ; HVPS_FPGAInterface:fpga_interface|output_buffer[35]                           ; HVPS_FPGAInterface:fpga_interface|output_buffer[36]                           ; clk          ; clk         ; 0.000        ; 0.086      ; 0.857      ;
; 0.527 ; HVPS_FPGAInterface:fpga_interface|debouncer:debouncer_in_shift|sync_1         ; HVPS_FPGAInterface:fpga_interface|debouncer:debouncer_in_shift|debounced_out  ; clk          ; clk         ; 0.000        ; 0.086      ; 0.857      ;
; 0.528 ; HVPS_FPGAInterface:fpga_interface|debouncer:debouncer_out_shift|counter[18]   ; HVPS_FPGAInterface:fpga_interface|debouncer:debouncer_out_shift|counter[18]   ; clk          ; clk         ; 0.000        ; 0.086      ; 0.858      ;
; 0.528 ; HVPS_FPGAInterface:fpga_interface|output_buffer[68]                           ; HVPS_FPGAInterface:fpga_interface|output_buffer[69]                           ; clk          ; clk         ; 0.000        ; 0.086      ; 0.858      ;
; 0.529 ; HVPS_FPGAInterface:fpga_interface|debouncer:debouncer_in_shift|counter[18]    ; HVPS_FPGAInterface:fpga_interface|debouncer:debouncer_in_shift|counter[18]    ; clk          ; clk         ; 0.000        ; 0.086      ; 0.859      ;
; 0.529 ; HVPS_FPGAInterface:fpga_interface|output_buffer[15]                           ; HVPS_FPGAInterface:fpga_interface|output_buffer[16]                           ; clk          ; clk         ; 0.000        ; 0.086      ; 0.859      ;
; 0.529 ; HVPS_FPGAInterface:fpga_interface|debouncer:debouncer_to_output|counter[18]   ; HVPS_FPGAInterface:fpga_interface|debouncer:debouncer_to_output|counter[18]   ; clk          ; clk         ; 0.000        ; 0.086      ; 0.859      ;
; 0.532 ; AD7822:first_stage_voltage_feedback_adc|INV_CONVST~_Duplicate_1               ; AD7822:first_stage_voltage_feedback_adc|INV_CONVST~_Duplicate_1               ; clk          ; clk         ; 0.000        ; 0.087      ; 0.863      ;
; 0.532 ; HVPS_FPGAInterface:fpga_interface|debouncer:debouncer_out_shift|debounced_out ; HVPS_FPGAInterface:fpga_interface|debouncer:debouncer_out_shift|debounced_out ; clk          ; clk         ; 0.000        ; 0.087      ; 0.863      ;
; 0.532 ; AD7822:first_stage_voltage_feedback_adc|state.READING                         ; AD7822:first_stage_voltage_feedback_adc|state.READING                         ; clk          ; clk         ; 0.000        ; 0.087      ; 0.863      ;
; 0.532 ; AD7822:first_stage_voltage_feedback_adc|state.RD_HOLD                         ; AD7822:first_stage_voltage_feedback_adc|state.RD_HOLD                         ; clk          ; clk         ; 0.000        ; 0.087      ; 0.863      ;
; 0.532 ; AD7822:primary_current_feedback_adc|INV_RD~_Duplicate_1                       ; AD7822:primary_current_feedback_adc|INV_RD~_Duplicate_1                       ; clk          ; clk         ; 0.000        ; 0.087      ; 0.863      ;
; 0.532 ; AD7822:primary_current_feedback_adc|INV_CONVST~_Duplicate_1                   ; AD7822:primary_current_feedback_adc|INV_CONVST~_Duplicate_1                   ; clk          ; clk         ; 0.000        ; 0.087      ; 0.863      ;
; 0.532 ; HVPS_FPGAInterface:fpga_interface|debouncer:debouncer_to_output|debounced_out ; HVPS_FPGAInterface:fpga_interface|debouncer:debouncer_to_output|debounced_out ; clk          ; clk         ; 0.000        ; 0.087      ; 0.863      ;
; 0.532 ; AD7822:primary_current_feedback_adc|state.RD_HOLD                             ; AD7822:primary_current_feedback_adc|state.RD_HOLD                             ; clk          ; clk         ; 0.000        ; 0.087      ; 0.863      ;
; 0.533 ; AD7822:first_stage_voltage_feedback_adc|INV_RD~_Duplicate_1                   ; AD7822:first_stage_voltage_feedback_adc|INV_RD~_Duplicate_1                   ; clk          ; clk         ; 0.000        ; 0.086      ; 0.863      ;
; 0.533 ; AD7822:output_voltage_feedback_adc|INV_RD~_Duplicate_1                        ; AD7822:output_voltage_feedback_adc|INV_RD~_Duplicate_1                        ; clk          ; clk         ; 0.000        ; 0.086      ; 0.863      ;
; 0.533 ; AD7822:output_voltage_feedback_adc|INV_CONVST~_Duplicate_1                    ; AD7822:output_voltage_feedback_adc|INV_CONVST~_Duplicate_1                    ; clk          ; clk         ; 0.000        ; 0.086      ; 0.863      ;
; 0.533 ; HVPS_FPGAInterface:fpga_interface|debouncer:debouncer_in_shift|debounced_out  ; HVPS_FPGAInterface:fpga_interface|debouncer:debouncer_in_shift|debounced_out  ; clk          ; clk         ; 0.000        ; 0.086      ; 0.863      ;
; 0.533 ; AD7822:output_voltage_feedback_adc|state.RD_HOLD                              ; AD7822:output_voltage_feedback_adc|state.RD_HOLD                              ; clk          ; clk         ; 0.000        ; 0.086      ; 0.863      ;
; 0.533 ; AD7822:output_voltage_feedback_adc|state.CONVERTING                           ; AD7822:output_voltage_feedback_adc|state.CONVERTING                           ; clk          ; clk         ; 0.000        ; 0.086      ; 0.863      ;
; 0.533 ; AD7822:output_voltage_feedback_adc|state.READING                              ; AD7822:output_voltage_feedback_adc|state.READING                              ; clk          ; clk         ; 0.000        ; 0.086      ; 0.863      ;
; 0.533 ; AD7822:first_stage_voltage_feedback_adc|state.CONVERTING                      ; AD7822:first_stage_voltage_feedback_adc|state.CONVERTING                      ; clk          ; clk         ; 0.000        ; 0.086      ; 0.863      ;
; 0.533 ; AD7822:primary_current_feedback_adc|state.READING                             ; AD7822:primary_current_feedback_adc|state.READING                             ; clk          ; clk         ; 0.000        ; 0.086      ; 0.863      ;
; 0.533 ; AD7822:primary_current_feedback_adc|state.CONVERTING                          ; AD7822:primary_current_feedback_adc|state.CONVERTING                          ; clk          ; clk         ; 0.000        ; 0.086      ; 0.863      ;
; 0.537 ; HVPS_FPGAInterface:fpga_interface|input_staged[19]                            ; HVPS_FPGAInterface:fpga_interface|output_buffer[19]                           ; clk          ; clk         ; 0.000        ; 0.086      ; 0.867      ;
; 0.537 ; HVPS_FPGAInterface:fpga_interface|input_staged[15]                            ; HVPS_FPGAInterface:fpga_interface|input_staged[16]                            ; clk          ; clk         ; 0.000        ; 0.086      ; 0.867      ;
; 0.537 ; HVPS_FPGAInterface:fpga_interface|input_staged[5]                             ; HVPS_FPGAInterface:fpga_interface|input_staged[6]                             ; clk          ; clk         ; 0.000        ; 0.087      ; 0.868      ;
; 0.538 ; AD7822:output_voltage_feedback_adc|state.IDLE                                 ; AD7822:output_voltage_feedback_adc|state.IDLE                                 ; clk          ; clk         ; 0.000        ; 0.086      ; 0.868      ;
; 0.538 ; HVPS_FPGAInterface:fpga_interface|input_staged[19]                            ; HVPS_FPGAInterface:fpga_interface|input_staged[20]                            ; clk          ; clk         ; 0.000        ; 0.086      ; 0.868      ;
; 0.538 ; HVPS_FPGAInterface:fpga_interface|input_staged[4]                             ; HVPS_FPGAInterface:fpga_interface|input_staged[5]                             ; clk          ; clk         ; 0.000        ; 0.087      ; 0.869      ;
; 0.538 ; AD7822:first_stage_voltage_feedback_adc|state.IDLE                            ; AD7822:first_stage_voltage_feedback_adc|state.IDLE                            ; clk          ; clk         ; 0.000        ; 0.086      ; 0.868      ;
; 0.538 ; AD7822:primary_current_feedback_adc|state.IDLE                                ; AD7822:primary_current_feedback_adc|state.IDLE                                ; clk          ; clk         ; 0.000        ; 0.086      ; 0.868      ;
; 0.539 ; AD7822:first_stage_voltage_feedback_adc|counter[4]                            ; AD7822:first_stage_voltage_feedback_adc|counter[4]                            ; clk          ; clk         ; 0.000        ; 0.087      ; 0.870      ;
; 0.539 ; HVPS_FPGAInterface:fpga_interface|input_staged[20]                            ; HVPS_FPGAInterface:fpga_interface|output_buffer[20]                           ; clk          ; clk         ; 0.000        ; 0.086      ; 0.869      ;
; 0.539 ; HVPS_FPGAInterface:fpga_interface|input_staged[15]                            ; HVPS_FPGAInterface:fpga_interface|output_buffer[15]                           ; clk          ; clk         ; 0.000        ; 0.086      ; 0.869      ;
; 0.539 ; HVPS_FPGAInterface:fpga_interface|input_staged[20]                            ; HVPS_FPGAInterface:fpga_interface|input_staged[21]                            ; clk          ; clk         ; 0.000        ; 0.086      ; 0.869      ;
; 0.540 ; HVPS_FPGAInterface:fpga_interface|input_staged[17]                            ; HVPS_FPGAInterface:fpga_interface|input_staged[18]                            ; clk          ; clk         ; 0.000        ; 0.086      ; 0.870      ;
; 0.540 ; HVPS_FPGAInterface:fpga_interface|input_staged[8]                             ; HVPS_FPGAInterface:fpga_interface|input_staged[9]                             ; clk          ; clk         ; 0.000        ; 0.087      ; 0.871      ;
; 0.547 ; AD7822:first_stage_voltage_feedback_adc|state.IDLE                            ; AD7822:first_stage_voltage_feedback_adc|state.CONVERTING                      ; clk          ; clk         ; 0.000        ; 0.086      ; 0.877      ;
; 0.549 ; AD7822:primary_current_feedback_adc|state.IDLE                                ; AD7822:primary_current_feedback_adc|state.CONVERTING                          ; clk          ; clk         ; 0.000        ; 0.086      ; 0.879      ;
; 0.553 ; HVPS_FPGAInterface:fpga_interface|input_staged[22]                            ; HVPS_FPGAInterface:fpga_interface|input_staged[23]                            ; clk          ; clk         ; 0.000        ; 0.087      ; 0.884      ;
; 0.554 ; HVPS_FPGAInterface:fpga_interface|input_staged[11]                            ; HVPS_FPGAInterface:fpga_interface|input_staged[12]                            ; clk          ; clk         ; 0.000        ; 0.087      ; 0.885      ;
; 0.554 ; HVPS_FPGAInterface:fpga_interface|input_staged[0]                             ; HVPS_FPGAInterface:fpga_interface|input_staged[1]                             ; clk          ; clk         ; 0.000        ; 0.087      ; 0.885      ;
; 0.569 ; AD7822:first_stage_voltage_feedback_adc|counter[0]                            ; AD7822:first_stage_voltage_feedback_adc|state.RD_HOLD                         ; clk          ; clk         ; 0.000        ; 0.087      ; 0.900      ;
; 0.591 ; AD7822:primary_current_feedback_adc|counter[0]                                ; AD7822:primary_current_feedback_adc|state.RD_HOLD                             ; clk          ; clk         ; 0.000        ; 0.087      ; 0.922      ;
; 0.676 ; HVPS_FPGAInterface:fpga_interface|output_buffer[62]                           ; HVPS_FPGAInterface:fpga_interface|output_buffer[63]                           ; clk          ; clk         ; 0.000        ; 0.086      ; 1.006      ;
; 0.677 ; HVPS_FPGAInterface:fpga_interface|output_buffer[26]                           ; HVPS_FPGAInterface:fpga_interface|output_buffer[27]                           ; clk          ; clk         ; 0.000        ; 0.087      ; 1.008      ;
; 0.678 ; HVPS_FPGAInterface:fpga_interface|output_buffer[37]                           ; HVPS_FPGAInterface:fpga_interface|output_buffer[38]                           ; clk          ; clk         ; 0.000        ; 0.086      ; 1.008      ;
; 0.678 ; HVPS_FPGAInterface:fpga_interface|output_buffer[31]                           ; HVPS_FPGAInterface:fpga_interface|output_buffer[32]                           ; clk          ; clk         ; 0.000        ; 0.087      ; 1.009      ;
; 0.678 ; HVPS_FPGAInterface:fpga_interface|output_buffer[25]                           ; HVPS_FPGAInterface:fpga_interface|output_buffer[26]                           ; clk          ; clk         ; 0.000        ; 0.087      ; 1.009      ;
; 0.678 ; HVPS_FPGAInterface:fpga_interface|output_buffer[0]                            ; HVPS_FPGAInterface:fpga_interface|output_buffer[1]                            ; clk          ; clk         ; 0.000        ; 0.087      ; 1.009      ;
; 0.679 ; HVPS_FPGAInterface:fpga_interface|output_buffer[45]                           ; HVPS_FPGAInterface:fpga_interface|output_buffer[46]                           ; clk          ; clk         ; 0.000        ; 0.086      ; 1.009      ;
; 0.679 ; HVPS_FPGAInterface:fpga_interface|output_buffer[44]                           ; HVPS_FPGAInterface:fpga_interface|output_buffer[45]                           ; clk          ; clk         ; 0.000        ; 0.086      ; 1.009      ;
; 0.684 ; HVPS_FPGAInterface:fpga_interface|to_output_prev                              ; HVPS_FPGAInterface:fpga_interface|output_buffer[73]                           ; clk          ; clk         ; 0.000        ; 0.086      ; 1.014      ;
; 0.684 ; HVPS_FPGAInterface:fpga_interface|to_output_prev                              ; HVPS_FPGAInterface:fpga_interface|output_buffer[71]                           ; clk          ; clk         ; 0.000        ; 0.086      ; 1.014      ;
; 0.684 ; HVPS_FPGAInterface:fpga_interface|to_output_prev                              ; HVPS_FPGAInterface:fpga_interface|output_buffer[21]                           ; clk          ; clk         ; 0.000        ; 0.086      ; 1.014      ;
; 0.685 ; HVPS_FPGAInterface:fpga_interface|to_output_prev                              ; HVPS_FPGAInterface:fpga_interface|output_buffer[23]                           ; clk          ; clk         ; 0.000        ; 0.086      ; 1.015      ;
; 0.685 ; HVPS_FPGAInterface:fpga_interface|to_output_prev                              ; HVPS_FPGAInterface:fpga_interface|output_buffer[9]                            ; clk          ; clk         ; 0.000        ; 0.086      ; 1.015      ;
; 0.687 ; HVPS_FPGAInterface:fpga_interface|to_output_prev                              ; HVPS_FPGAInterface:fpga_interface|output_buffer[47]                           ; clk          ; clk         ; 0.000        ; 0.086      ; 1.017      ;
; 0.687 ; HVPS_FPGAInterface:fpga_interface|input_staged[2]                             ; HVPS_FPGAInterface:fpga_interface|input_staged[3]                             ; clk          ; clk         ; 0.000        ; 0.087      ; 1.018      ;
; 0.688 ; HVPS_FPGAInterface:fpga_interface|to_output_prev                              ; HVPS_FPGAInterface:fpga_interface|output_buffer[48]                           ; clk          ; clk         ; 0.000        ; 0.086      ; 1.018      ;
; 0.689 ; HVPS_FPGAInterface:fpga_interface|to_output_prev                              ; HVPS_FPGAInterface:fpga_interface|output_buffer[11]                           ; clk          ; clk         ; 0.000        ; 0.086      ; 1.019      ;
; 0.689 ; HVPS_FPGAInterface:fpga_interface|input_staged[16]                            ; HVPS_FPGAInterface:fpga_interface|input_staged[17]                            ; clk          ; clk         ; 0.000        ; 0.086      ; 1.019      ;
; 0.690 ; HVPS_FPGAInterface:fpga_interface|to_output_prev                              ; HVPS_FPGAInterface:fpga_interface|output_buffer[72]                           ; clk          ; clk         ; 0.000        ; 0.086      ; 1.020      ;
; 0.691 ; HVPS_FPGAInterface:fpga_interface|to_output_prev                              ; HVPS_FPGAInterface:fpga_interface|output_buffer[49]                           ; clk          ; clk         ; 0.000        ; 0.086      ; 1.021      ;
; 0.704 ; HVPS_FPGAInterface:fpga_interface|input_staged[12]                            ; HVPS_FPGAInterface:fpga_interface|input_staged[13]                            ; clk          ; clk         ; 0.000        ; 0.087      ; 1.035      ;
; 0.704 ; HVPS_FPGAInterface:fpga_interface|input_staged[10]                            ; HVPS_FPGAInterface:fpga_interface|input_staged[11]                            ; clk          ; clk         ; 0.000        ; 0.087      ; 1.035      ;
; 0.704 ; HVPS_FPGAInterface:fpga_interface|input_staged[3]                             ; HVPS_FPGAInterface:fpga_interface|input_staged[4]                             ; clk          ; clk         ; 0.000        ; 0.087      ; 1.035      ;
; 0.705 ; HVPS_FPGAInterface:fpga_interface|input_staged[18]                            ; HVPS_FPGAInterface:fpga_interface|input_staged[19]                            ; clk          ; clk         ; 0.000        ; 0.086      ; 1.035      ;
; 0.706 ; HVPS_FPGAInterface:fpga_interface|input_staged[23]                            ; HVPS_FPGAInterface:fpga_interface|input_staged[24]                            ; clk          ; clk         ; 0.000        ; 0.087      ; 1.037      ;
; 0.707 ; HVPS_FPGAInterface:fpga_interface|input_staged[14]                            ; HVPS_FPGAInterface:fpga_interface|input_staged[15]                            ; clk          ; clk         ; 0.000        ; 0.086      ; 1.037      ;
; 0.713 ; HVPS_FPGAInterface:fpga_interface|input_staged[18]                            ; HVPS_FPGAInterface:fpga_interface|output_buffer[18]                           ; clk          ; clk         ; 0.000        ; 0.086      ; 1.043      ;
; 0.715 ; HVPS_FPGAInterface:fpga_interface|input_staged[14]                            ; HVPS_FPGAInterface:fpga_interface|output_buffer[14]                           ; clk          ; clk         ; 0.000        ; 0.086      ; 1.045      ;
; 0.716 ; AD7822:output_voltage_feedback_adc|state.RD_HOLD                              ; AD7822:output_voltage_feedback_adc|INV_CONVST~_Duplicate_1                    ; clk          ; clk         ; 0.000        ; 0.086      ; 1.046      ;
; 0.758 ; HVPS_FPGAInterface:fpga_interface|debouncer:debouncer_in_shift|counter[4]     ; HVPS_FPGAInterface:fpga_interface|debouncer:debouncer_in_shift|counter[4]     ; clk          ; clk         ; 0.000        ; 0.087      ; 1.089      ;
; 0.759 ; HVPS_FPGAInterface:fpga_interface|debouncer:debouncer_in_shift|counter[1]     ; HVPS_FPGAInterface:fpga_interface|debouncer:debouncer_in_shift|counter[1]     ; clk          ; clk         ; 0.000        ; 0.087      ; 1.090      ;
; 0.759 ; HVPS_FPGAInterface:fpga_interface|debouncer:debouncer_in_shift|counter[3]     ; HVPS_FPGAInterface:fpga_interface|debouncer:debouncer_in_shift|counter[3]     ; clk          ; clk         ; 0.000        ; 0.087      ; 1.090      ;
; 0.759 ; HVPS_FPGAInterface:fpga_interface|debouncer:debouncer_out_shift|counter[4]    ; HVPS_FPGAInterface:fpga_interface|debouncer:debouncer_out_shift|counter[4]    ; clk          ; clk         ; 0.000        ; 0.086      ; 1.089      ;
; 0.759 ; HVPS_FPGAInterface:fpga_interface|debouncer:debouncer_to_output|counter[4]    ; HVPS_FPGAInterface:fpga_interface|debouncer:debouncer_to_output|counter[4]    ; clk          ; clk         ; 0.000        ; 0.086      ; 1.089      ;
; 0.760 ; HVPS_FPGAInterface:fpga_interface|debouncer:debouncer_out_shift|counter[1]    ; HVPS_FPGAInterface:fpga_interface|debouncer:debouncer_out_shift|counter[1]    ; clk          ; clk         ; 0.000        ; 0.086      ; 1.090      ;
; 0.760 ; HVPS_FPGAInterface:fpga_interface|debouncer:debouncer_out_shift|counter[3]    ; HVPS_FPGAInterface:fpga_interface|debouncer:debouncer_out_shift|counter[3]    ; clk          ; clk         ; 0.000        ; 0.086      ; 1.090      ;
; 0.760 ; HVPS_FPGAInterface:fpga_interface|output_buffer[9]                            ; HVPS_FPGAInterface:fpga_interface|output_buffer[10]                           ; clk          ; clk         ; 0.000        ; 0.086      ; 1.090      ;
; 0.760 ; HVPS_FPGAInterface:fpga_interface|debouncer:debouncer_to_output|counter[1]    ; HVPS_FPGAInterface:fpga_interface|debouncer:debouncer_to_output|counter[1]    ; clk          ; clk         ; 0.000        ; 0.086      ; 1.090      ;
; 0.760 ; HVPS_FPGAInterface:fpga_interface|debouncer:debouncer_to_output|counter[3]    ; HVPS_FPGAInterface:fpga_interface|debouncer:debouncer_to_output|counter[3]    ; clk          ; clk         ; 0.000        ; 0.086      ; 1.090      ;
; 0.761 ; HVPS_FPGAInterface:fpga_interface|output_buffer[21]                           ; HVPS_FPGAInterface:fpga_interface|output_buffer[22]                           ; clk          ; clk         ; 0.000        ; 0.086      ; 1.091      ;
; 0.761 ; HVPS_FPGAInterface:fpga_interface|output_buffer[11]                           ; HVPS_FPGAInterface:fpga_interface|output_buffer[12]                           ; clk          ; clk         ; 0.000        ; 0.086      ; 1.091      ;
; 0.761 ; HVPS_FPGAInterface:fpga_interface|output_buffer[48]                           ; HVPS_FPGAInterface:fpga_interface|output_buffer[49]                           ; clk          ; clk         ; 0.000        ; 0.086      ; 1.091      ;
; 0.762 ; HVPS_FPGAInterface:fpga_interface|debouncer:debouncer_in_shift|counter[2]     ; HVPS_FPGAInterface:fpga_interface|debouncer:debouncer_in_shift|counter[2]     ; clk          ; clk         ; 0.000        ; 0.087      ; 1.093      ;
; 0.762 ; HVPS_FPGAInterface:fpga_interface|output_buffer[55]                           ; HVPS_FPGAInterface:fpga_interface|output_buffer[56]                           ; clk          ; clk         ; 0.000        ; 0.087      ; 1.093      ;
; 0.762 ; HVPS_FPGAInterface:fpga_interface|output_buffer[28]                           ; HVPS_FPGAInterface:fpga_interface|output_buffer[29]                           ; clk          ; clk         ; 0.000        ; 0.087      ; 1.093      ;
; 0.762 ; HVPS_FPGAInterface:fpga_interface|output_buffer[5]                            ; HVPS_FPGAInterface:fpga_interface|output_buffer[6]                            ; clk          ; clk         ; 0.000        ; 0.087      ; 1.093      ;
; 0.762 ; HVPS_FPGAInterface:fpga_interface|output_buffer[4]                            ; HVPS_FPGAInterface:fpga_interface|output_buffer[5]                            ; clk          ; clk         ; 0.000        ; 0.087      ; 1.093      ;
; 0.763 ; HVPS_FPGAInterface:fpga_interface|output_buffer[34]                           ; HVPS_FPGAInterface:fpga_interface|output_buffer[35]                           ; clk          ; clk         ; 0.000        ; 0.086      ; 1.093      ;
; 0.763 ; HVPS_FPGAInterface:fpga_interface|debouncer:debouncer_out_shift|counter[2]    ; HVPS_FPGAInterface:fpga_interface|debouncer:debouncer_out_shift|counter[2]    ; clk          ; clk         ; 0.000        ; 0.086      ; 1.093      ;
; 0.763 ; HVPS_FPGAInterface:fpga_interface|output_buffer[66]                           ; HVPS_FPGAInterface:fpga_interface|output_buffer[67]                           ; clk          ; clk         ; 0.000        ; 0.086      ; 1.093      ;
+-------+-------------------------------------------------------------------------------+-------------------------------------------------------------------------------+--------------+-------------+--------------+------------+------------+


-----------------------------------------------
; Slow 1000mV 85C Model Metastability Summary ;
-----------------------------------------------
No synchronizer chains to report.


+--------------------------------------------------+
; Slow 1000mV 0C Model Fmax Summary                ;
+------------+-----------------+------------+------+
; Fmax       ; Restricted Fmax ; Clock Name ; Note ;
+------------+-----------------+------------+------+
; 138.66 MHz ; 138.66 MHz      ; clk        ;      ;
+------------+-----------------+------------+------+
This panel reports FMAX for every clock in the design, regardless of the user-specified clock periods.  FMAX is only computed for paths where the source and destination registers or ports are driven by the same clock.  Paths of different clocks, including generated clocks, are ignored.  For paths between a clock and its inversion, FMAX is computed as if the rising and falling edges are scaled along with FMAX, such that the duty cycle (in terms of a percentage) is maintained. Altera recommends that you always use clock constraints and other slack reports for sign-off analysis.


+------------------------------------+
; Slow 1000mV 0C Model Setup Summary ;
+-------+--------+-------------------+
; Clock ; Slack  ; End Point TNS     ;
+-------+--------+-------------------+
; clk   ; 12.788 ; 0.000             ;
+-------+--------+-------------------+


+-----------------------------------+
; Slow 1000mV 0C Model Hold Summary ;
+-------+-------+-------------------+
; Clock ; Slack ; End Point TNS     ;
+-------+-------+-------------------+
; clk   ; 0.505 ; 0.000             ;
+-------+-------+-------------------+


-----------------------------------------
; Slow 1000mV 0C Model Recovery Summary ;
-----------------------------------------
No paths to report.


----------------------------------------
; Slow 1000mV 0C Model Removal Summary ;
----------------------------------------
No paths to report.


+--------------------------------------------------+
; Slow 1000mV 0C Model Minimum Pulse Width Summary ;
+-------+-------+----------------------------------+
; Clock ; Slack ; End Point TNS                    ;
+-------+-------+----------------------------------+
; clk   ; 9.700 ; 0.000                            ;
+-------+-------+----------------------------------+


+--------------------------------------------------------------------------------------------------------------------------------------------------------------------------------------------------------------------------------------------+
; Slow 1000mV 0C Model Setup: 'clk'                                                                                                                                                                                                          ;
+--------+-------------------------------------------------------------------------------+-----------------------------------------------------------------------------+--------------+-------------+--------------+------------+------------+
; Slack  ; From Node                                                                     ; To Node                                                                     ; Launch Clock ; Latch Clock ; Relationship ; Clock Skew ; Data Delay ;
+--------+-------------------------------------------------------------------------------+-----------------------------------------------------------------------------+--------------+-------------+--------------+------------+------------+
; 12.788 ; AD7822:output_voltage_feedback_adc|INV_CONVST                                 ; U5_INV_CONVST                                                               ; clk          ; clk         ; 20.000       ; -2.741     ; 4.451      ;
; 12.795 ; AD7822:output_voltage_feedback_adc|INV_RD                                     ; U5_INV_RD                                                                   ; clk          ; clk         ; 20.000       ; -2.734     ; 4.451      ;
; 12.803 ; AD7822:primary_current_feedback_adc|INV_RD                                    ; U12_INV_RD                                                                  ; clk          ; clk         ; 20.000       ; -2.772     ; 4.405      ;
; 12.804 ; AD7822:primary_current_feedback_adc|INV_CONVST                                ; U12_INV_CONVST                                                              ; clk          ; clk         ; 20.000       ; -2.771     ; 4.405      ;
; 12.814 ; HVPS_FPGAInterface:fpga_interface|output_buffer[74]                           ; ESP_OUT_VALUE                                                               ; clk          ; clk         ; 20.000       ; -2.761     ; 4.405      ;
; 12.824 ; AD7822:first_stage_voltage_feedback_adc|INV_RD                                ; U20_INV_RD                                                                  ; clk          ; clk         ; 20.000       ; -2.751     ; 4.405      ;
; 12.824 ; AD7822:first_stage_voltage_feedback_adc|INV_CONVST                            ; U20_INV_CONVST                                                              ; clk          ; clk         ; 20.000       ; -2.751     ; 4.405      ;
; 14.196 ; AD7822:first_stage_voltage_feedback_adc|counter[1]                            ; AD7822:first_stage_voltage_feedback_adc|INV_RD                              ; clk          ; clk         ; 20.000       ; -0.069     ; 5.557      ;
; 14.322 ; U20_INV_EOC                                                                   ; AD7822:first_stage_voltage_feedback_adc|counter[0]                          ; clk          ; clk         ; 20.000       ; 2.665      ; 8.355      ;
; 14.322 ; U20_INV_EOC                                                                   ; AD7822:first_stage_voltage_feedback_adc|counter[2]                          ; clk          ; clk         ; 20.000       ; 2.665      ; 8.355      ;
; 14.322 ; U20_INV_EOC                                                                   ; AD7822:first_stage_voltage_feedback_adc|counter[1]                          ; clk          ; clk         ; 20.000       ; 2.665      ; 8.355      ;
; 14.322 ; U20_INV_EOC                                                                   ; AD7822:first_stage_voltage_feedback_adc|counter[3]                          ; clk          ; clk         ; 20.000       ; 2.665      ; 8.355      ;
; 14.322 ; U20_INV_EOC                                                                   ; AD7822:first_stage_voltage_feedback_adc|counter[4]                          ; clk          ; clk         ; 20.000       ; 2.665      ; 8.355      ;
; 14.360 ; AD7822:first_stage_voltage_feedback_adc|counter[4]                            ; AD7822:first_stage_voltage_feedback_adc|INV_RD                              ; clk          ; clk         ; 20.000       ; -0.069     ; 5.393      ;
; 14.432 ; U20_INV_EOC                                                                   ; AD7822:first_stage_voltage_feedback_adc|state.IDLE                          ; clk          ; clk         ; 20.000       ; 2.644      ; 8.224      ;
; 14.491 ; U20_INV_EOC                                                                   ; AD7822:first_stage_voltage_feedback_adc|state.CONVERTING                    ; clk          ; clk         ; 20.000       ; 2.644      ; 8.165      ;
; 14.527 ; AD7822:first_stage_voltage_feedback_adc|counter[3]                            ; AD7822:first_stage_voltage_feedback_adc|INV_RD                              ; clk          ; clk         ; 20.000       ; -0.069     ; 5.226      ;
; 14.564 ; U20_INV_EOC                                                                   ; AD7822:first_stage_voltage_feedback_adc|INV_RD                              ; clk          ; clk         ; 20.000       ; 2.678      ; 7.936      ;
; 14.619 ; HVPS_FPGAInterface:fpga_interface|debouncer:debouncer_in_shift|debounced_out  ; HVPS_FPGAInterface:fpga_interface|input_staged[21]                          ; clk          ; clk         ; 20.000       ; -0.083     ; 5.310      ;
; 14.619 ; HVPS_FPGAInterface:fpga_interface|debouncer:debouncer_in_shift|debounced_out  ; HVPS_FPGAInterface:fpga_interface|input_staged[20]                          ; clk          ; clk         ; 20.000       ; -0.083     ; 5.310      ;
; 14.619 ; HVPS_FPGAInterface:fpga_interface|debouncer:debouncer_in_shift|debounced_out  ; HVPS_FPGAInterface:fpga_interface|input_staged[19]                          ; clk          ; clk         ; 20.000       ; -0.083     ; 5.310      ;
; 14.619 ; HVPS_FPGAInterface:fpga_interface|debouncer:debouncer_in_shift|debounced_out  ; HVPS_FPGAInterface:fpga_interface|input_staged[18]                          ; clk          ; clk         ; 20.000       ; -0.083     ; 5.310      ;
; 14.619 ; HVPS_FPGAInterface:fpga_interface|debouncer:debouncer_in_shift|debounced_out  ; HVPS_FPGAInterface:fpga_interface|input_staged[17]                          ; clk          ; clk         ; 20.000       ; -0.083     ; 5.310      ;
; 14.619 ; HVPS_FPGAInterface:fpga_interface|debouncer:debouncer_in_shift|debounced_out  ; HVPS_FPGAInterface:fpga_interface|input_staged[16]                          ; clk          ; clk         ; 20.000       ; -0.083     ; 5.310      ;
; 14.619 ; HVPS_FPGAInterface:fpga_interface|debouncer:debouncer_in_shift|debounced_out  ; HVPS_FPGAInterface:fpga_interface|input_staged[15]                          ; clk          ; clk         ; 20.000       ; -0.083     ; 5.310      ;
; 14.619 ; HVPS_FPGAInterface:fpga_interface|debouncer:debouncer_in_shift|debounced_out  ; HVPS_FPGAInterface:fpga_interface|input_staged[14]                          ; clk          ; clk         ; 20.000       ; -0.083     ; 5.310      ;
; 14.654 ; HVPS_FPGAInterface:fpga_interface|debouncer:debouncer_in_shift|counter[13]    ; HVPS_FPGAInterface:fpga_interface|debouncer:debouncer_in_shift|counter[0]   ; clk          ; clk         ; 20.000       ; -0.075     ; 5.283      ;
; 14.654 ; HVPS_FPGAInterface:fpga_interface|debouncer:debouncer_in_shift|counter[13]    ; HVPS_FPGAInterface:fpga_interface|debouncer:debouncer_in_shift|counter[1]   ; clk          ; clk         ; 20.000       ; -0.075     ; 5.283      ;
; 14.654 ; HVPS_FPGAInterface:fpga_interface|debouncer:debouncer_in_shift|counter[13]    ; HVPS_FPGAInterface:fpga_interface|debouncer:debouncer_in_shift|counter[2]   ; clk          ; clk         ; 20.000       ; -0.075     ; 5.283      ;
; 14.654 ; HVPS_FPGAInterface:fpga_interface|debouncer:debouncer_in_shift|counter[13]    ; HVPS_FPGAInterface:fpga_interface|debouncer:debouncer_in_shift|counter[3]   ; clk          ; clk         ; 20.000       ; -0.075     ; 5.283      ;
; 14.654 ; HVPS_FPGAInterface:fpga_interface|debouncer:debouncer_in_shift|counter[13]    ; HVPS_FPGAInterface:fpga_interface|debouncer:debouncer_in_shift|counter[4]   ; clk          ; clk         ; 20.000       ; -0.075     ; 5.283      ;
; 14.654 ; HVPS_FPGAInterface:fpga_interface|debouncer:debouncer_in_shift|counter[13]    ; HVPS_FPGAInterface:fpga_interface|debouncer:debouncer_in_shift|counter[5]   ; clk          ; clk         ; 20.000       ; -0.075     ; 5.283      ;
; 14.654 ; HVPS_FPGAInterface:fpga_interface|debouncer:debouncer_in_shift|counter[13]    ; HVPS_FPGAInterface:fpga_interface|debouncer:debouncer_in_shift|counter[6]   ; clk          ; clk         ; 20.000       ; -0.075     ; 5.283      ;
; 14.654 ; HVPS_FPGAInterface:fpga_interface|debouncer:debouncer_in_shift|counter[13]    ; HVPS_FPGAInterface:fpga_interface|debouncer:debouncer_in_shift|counter[7]   ; clk          ; clk         ; 20.000       ; -0.075     ; 5.283      ;
; 14.654 ; HVPS_FPGAInterface:fpga_interface|debouncer:debouncer_in_shift|counter[13]    ; HVPS_FPGAInterface:fpga_interface|debouncer:debouncer_in_shift|counter[8]   ; clk          ; clk         ; 20.000       ; -0.075     ; 5.283      ;
; 14.689 ; AD7822:first_stage_voltage_feedback_adc|counter[2]                            ; AD7822:first_stage_voltage_feedback_adc|INV_RD                              ; clk          ; clk         ; 20.000       ; -0.069     ; 5.064      ;
; 14.813 ; HVPS_FPGAInterface:fpga_interface|debouncer:debouncer_in_shift|counter[12]    ; HVPS_FPGAInterface:fpga_interface|debouncer:debouncer_in_shift|counter[0]   ; clk          ; clk         ; 20.000       ; -0.075     ; 5.124      ;
; 14.813 ; HVPS_FPGAInterface:fpga_interface|debouncer:debouncer_in_shift|counter[12]    ; HVPS_FPGAInterface:fpga_interface|debouncer:debouncer_in_shift|counter[1]   ; clk          ; clk         ; 20.000       ; -0.075     ; 5.124      ;
; 14.813 ; HVPS_FPGAInterface:fpga_interface|debouncer:debouncer_in_shift|counter[12]    ; HVPS_FPGAInterface:fpga_interface|debouncer:debouncer_in_shift|counter[2]   ; clk          ; clk         ; 20.000       ; -0.075     ; 5.124      ;
; 14.813 ; HVPS_FPGAInterface:fpga_interface|debouncer:debouncer_in_shift|counter[12]    ; HVPS_FPGAInterface:fpga_interface|debouncer:debouncer_in_shift|counter[3]   ; clk          ; clk         ; 20.000       ; -0.075     ; 5.124      ;
; 14.813 ; HVPS_FPGAInterface:fpga_interface|debouncer:debouncer_in_shift|counter[12]    ; HVPS_FPGAInterface:fpga_interface|debouncer:debouncer_in_shift|counter[4]   ; clk          ; clk         ; 20.000       ; -0.075     ; 5.124      ;
; 14.813 ; HVPS_FPGAInterface:fpga_interface|debouncer:debouncer_in_shift|counter[12]    ; HVPS_FPGAInterface:fpga_interface|debouncer:debouncer_in_shift|counter[5]   ; clk          ; clk         ; 20.000       ; -0.075     ; 5.124      ;
; 14.813 ; HVPS_FPGAInterface:fpga_interface|debouncer:debouncer_in_shift|counter[12]    ; HVPS_FPGAInterface:fpga_interface|debouncer:debouncer_in_shift|counter[6]   ; clk          ; clk         ; 20.000       ; -0.075     ; 5.124      ;
; 14.813 ; HVPS_FPGAInterface:fpga_interface|debouncer:debouncer_in_shift|counter[12]    ; HVPS_FPGAInterface:fpga_interface|debouncer:debouncer_in_shift|counter[7]   ; clk          ; clk         ; 20.000       ; -0.075     ; 5.124      ;
; 14.813 ; HVPS_FPGAInterface:fpga_interface|debouncer:debouncer_in_shift|counter[12]    ; HVPS_FPGAInterface:fpga_interface|debouncer:debouncer_in_shift|counter[8]   ; clk          ; clk         ; 20.000       ; -0.075     ; 5.124      ;
; 14.834 ; U12_INV_EOC                                                                   ; AD7822:primary_current_feedback_adc|state.IDLE                              ; clk          ; clk         ; 20.000       ; 2.646      ; 7.824      ;
; 14.835 ; U12_INV_EOC                                                                   ; AD7822:primary_current_feedback_adc|state.READING                           ; clk          ; clk         ; 20.000       ; 2.646      ; 7.823      ;
; 14.865 ; HVPS_FPGAInterface:fpga_interface|debouncer:debouncer_in_shift|debounced_out  ; HVPS_FPGAInterface:fpga_interface|input_staged[25]                          ; clk          ; clk         ; 20.000       ; -0.076     ; 5.071      ;
; 14.865 ; HVPS_FPGAInterface:fpga_interface|debouncer:debouncer_in_shift|debounced_out  ; HVPS_FPGAInterface:fpga_interface|input_staged[1]                           ; clk          ; clk         ; 20.000       ; -0.076     ; 5.071      ;
; 14.865 ; HVPS_FPGAInterface:fpga_interface|debouncer:debouncer_in_shift|debounced_out  ; HVPS_FPGAInterface:fpga_interface|input_staged[0]                           ; clk          ; clk         ; 20.000       ; -0.076     ; 5.071      ;
; 14.871 ; HVPS_FPGAInterface:fpga_interface|debouncer:debouncer_in_shift|debounced_out  ; HVPS_FPGAInterface:fpga_interface|input_staged[9]                           ; clk          ; clk         ; 20.000       ; -0.076     ; 5.065      ;
; 14.871 ; HVPS_FPGAInterface:fpga_interface|debouncer:debouncer_in_shift|debounced_out  ; HVPS_FPGAInterface:fpga_interface|input_staged[8]                           ; clk          ; clk         ; 20.000       ; -0.076     ; 5.065      ;
; 14.871 ; HVPS_FPGAInterface:fpga_interface|debouncer:debouncer_in_shift|debounced_out  ; HVPS_FPGAInterface:fpga_interface|input_staged[6]                           ; clk          ; clk         ; 20.000       ; -0.076     ; 5.065      ;
; 14.871 ; HVPS_FPGAInterface:fpga_interface|debouncer:debouncer_in_shift|debounced_out  ; HVPS_FPGAInterface:fpga_interface|input_staged[5]                           ; clk          ; clk         ; 20.000       ; -0.076     ; 5.065      ;
; 14.871 ; HVPS_FPGAInterface:fpga_interface|debouncer:debouncer_in_shift|debounced_out  ; HVPS_FPGAInterface:fpga_interface|input_staged[4]                           ; clk          ; clk         ; 20.000       ; -0.076     ; 5.065      ;
; 14.871 ; HVPS_FPGAInterface:fpga_interface|debouncer:debouncer_in_shift|debounced_out  ; HVPS_FPGAInterface:fpga_interface|input_staged[3]                           ; clk          ; clk         ; 20.000       ; -0.076     ; 5.065      ;
; 14.871 ; HVPS_FPGAInterface:fpga_interface|debouncer:debouncer_in_shift|debounced_out  ; HVPS_FPGAInterface:fpga_interface|input_staged[2]                           ; clk          ; clk         ; 20.000       ; -0.076     ; 5.065      ;
; 14.894 ; HVPS_FPGAInterface:fpga_interface|debouncer:debouncer_in_shift|debounced_out  ; HVPS_FPGAInterface:fpga_interface|input_staged[7]                           ; clk          ; clk         ; 20.000       ; -0.078     ; 5.040      ;
; 14.896 ; U12_INV_EOC                                                                   ; AD7822:primary_current_feedback_adc|state.CONVERTING                        ; clk          ; clk         ; 20.000       ; 2.646      ; 7.762      ;
; 14.955 ; HVPS_FPGAInterface:fpga_interface|debouncer:debouncer_out_shift|debounced_out ; HVPS_FPGAInterface:fpga_interface|output_buffer[74]                         ; clk          ; clk         ; 20.000       ; -0.042     ; 4.825      ;
; 14.979 ; AD7822:first_stage_voltage_feedback_adc|state.IDLE                            ; AD7822:first_stage_voltage_feedback_adc|state.IDLE                          ; clk          ; clk         ; 20.000       ; -0.081     ; 4.952      ;
; 15.038 ; AD7822:first_stage_voltage_feedback_adc|state.IDLE                            ; AD7822:first_stage_voltage_feedback_adc|state.CONVERTING                    ; clk          ; clk         ; 20.000       ; -0.081     ; 4.893      ;
; 15.055 ; HVPS_FPGAInterface:fpga_interface|debouncer:debouncer_to_output|debounced_out ; HVPS_FPGAInterface:fpga_interface|output_buffer[74]                         ; clk          ; clk         ; 20.000       ; -0.046     ; 4.721      ;
; 15.111 ; HVPS_FPGAInterface:fpga_interface|debouncer:debouncer_to_output|counter[8]    ; HVPS_FPGAInterface:fpga_interface|debouncer:debouncer_to_output|counter[15] ; clk          ; clk         ; 20.000       ; -0.081     ; 4.820      ;
; 15.111 ; HVPS_FPGAInterface:fpga_interface|debouncer:debouncer_to_output|counter[8]    ; HVPS_FPGAInterface:fpga_interface|debouncer:debouncer_to_output|counter[14] ; clk          ; clk         ; 20.000       ; -0.081     ; 4.820      ;
; 15.111 ; HVPS_FPGAInterface:fpga_interface|debouncer:debouncer_to_output|counter[8]    ; HVPS_FPGAInterface:fpga_interface|debouncer:debouncer_to_output|counter[9]  ; clk          ; clk         ; 20.000       ; -0.081     ; 4.820      ;
; 15.111 ; HVPS_FPGAInterface:fpga_interface|debouncer:debouncer_to_output|counter[8]    ; HVPS_FPGAInterface:fpga_interface|debouncer:debouncer_to_output|counter[10] ; clk          ; clk         ; 20.000       ; -0.081     ; 4.820      ;
; 15.111 ; HVPS_FPGAInterface:fpga_interface|debouncer:debouncer_to_output|counter[8]    ; HVPS_FPGAInterface:fpga_interface|debouncer:debouncer_to_output|counter[11] ; clk          ; clk         ; 20.000       ; -0.081     ; 4.820      ;
; 15.111 ; HVPS_FPGAInterface:fpga_interface|debouncer:debouncer_to_output|counter[8]    ; HVPS_FPGAInterface:fpga_interface|debouncer:debouncer_to_output|counter[12] ; clk          ; clk         ; 20.000       ; -0.081     ; 4.820      ;
; 15.111 ; HVPS_FPGAInterface:fpga_interface|debouncer:debouncer_to_output|counter[8]    ; HVPS_FPGAInterface:fpga_interface|debouncer:debouncer_to_output|counter[13] ; clk          ; clk         ; 20.000       ; -0.081     ; 4.820      ;
; 15.111 ; HVPS_FPGAInterface:fpga_interface|debouncer:debouncer_to_output|counter[8]    ; HVPS_FPGAInterface:fpga_interface|debouncer:debouncer_to_output|counter[17] ; clk          ; clk         ; 20.000       ; -0.081     ; 4.820      ;
; 15.111 ; HVPS_FPGAInterface:fpga_interface|debouncer:debouncer_to_output|counter[8]    ; HVPS_FPGAInterface:fpga_interface|debouncer:debouncer_to_output|counter[16] ; clk          ; clk         ; 20.000       ; -0.081     ; 4.820      ;
; 15.111 ; HVPS_FPGAInterface:fpga_interface|debouncer:debouncer_to_output|counter[8]    ; HVPS_FPGAInterface:fpga_interface|debouncer:debouncer_to_output|counter[18] ; clk          ; clk         ; 20.000       ; -0.081     ; 4.820      ;
; 15.115 ; HVPS_FPGAInterface:fpga_interface|debouncer:debouncer_to_output|counter[7]    ; HVPS_FPGAInterface:fpga_interface|debouncer:debouncer_to_output|counter[15] ; clk          ; clk         ; 20.000       ; -0.081     ; 4.816      ;
; 15.115 ; HVPS_FPGAInterface:fpga_interface|debouncer:debouncer_to_output|counter[7]    ; HVPS_FPGAInterface:fpga_interface|debouncer:debouncer_to_output|counter[14] ; clk          ; clk         ; 20.000       ; -0.081     ; 4.816      ;
; 15.115 ; HVPS_FPGAInterface:fpga_interface|debouncer:debouncer_to_output|counter[7]    ; HVPS_FPGAInterface:fpga_interface|debouncer:debouncer_to_output|counter[9]  ; clk          ; clk         ; 20.000       ; -0.081     ; 4.816      ;
; 15.115 ; HVPS_FPGAInterface:fpga_interface|debouncer:debouncer_to_output|counter[7]    ; HVPS_FPGAInterface:fpga_interface|debouncer:debouncer_to_output|counter[10] ; clk          ; clk         ; 20.000       ; -0.081     ; 4.816      ;
; 15.115 ; HVPS_FPGAInterface:fpga_interface|debouncer:debouncer_to_output|counter[7]    ; HVPS_FPGAInterface:fpga_interface|debouncer:debouncer_to_output|counter[11] ; clk          ; clk         ; 20.000       ; -0.081     ; 4.816      ;
; 15.115 ; HVPS_FPGAInterface:fpga_interface|debouncer:debouncer_to_output|counter[7]    ; HVPS_FPGAInterface:fpga_interface|debouncer:debouncer_to_output|counter[12] ; clk          ; clk         ; 20.000       ; -0.081     ; 4.816      ;
; 15.115 ; HVPS_FPGAInterface:fpga_interface|debouncer:debouncer_to_output|counter[7]    ; HVPS_FPGAInterface:fpga_interface|debouncer:debouncer_to_output|counter[13] ; clk          ; clk         ; 20.000       ; -0.081     ; 4.816      ;
; 15.115 ; HVPS_FPGAInterface:fpga_interface|debouncer:debouncer_to_output|counter[7]    ; HVPS_FPGAInterface:fpga_interface|debouncer:debouncer_to_output|counter[17] ; clk          ; clk         ; 20.000       ; -0.081     ; 4.816      ;
; 15.115 ; HVPS_FPGAInterface:fpga_interface|debouncer:debouncer_to_output|counter[7]    ; HVPS_FPGAInterface:fpga_interface|debouncer:debouncer_to_output|counter[16] ; clk          ; clk         ; 20.000       ; -0.081     ; 4.816      ;
; 15.115 ; HVPS_FPGAInterface:fpga_interface|debouncer:debouncer_to_output|counter[7]    ; HVPS_FPGAInterface:fpga_interface|debouncer:debouncer_to_output|counter[18] ; clk          ; clk         ; 20.000       ; -0.081     ; 4.816      ;
; 15.122 ; HVPS_FPGAInterface:fpga_interface|debouncer:debouncer_to_output|counter[13]   ; HVPS_FPGAInterface:fpga_interface|debouncer:debouncer_to_output|counter[15] ; clk          ; clk         ; 20.000       ; -0.082     ; 4.808      ;
; 15.122 ; HVPS_FPGAInterface:fpga_interface|debouncer:debouncer_to_output|counter[13]   ; HVPS_FPGAInterface:fpga_interface|debouncer:debouncer_to_output|counter[14] ; clk          ; clk         ; 20.000       ; -0.082     ; 4.808      ;
; 15.122 ; HVPS_FPGAInterface:fpga_interface|debouncer:debouncer_to_output|counter[13]   ; HVPS_FPGAInterface:fpga_interface|debouncer:debouncer_to_output|counter[9]  ; clk          ; clk         ; 20.000       ; -0.082     ; 4.808      ;
; 15.122 ; HVPS_FPGAInterface:fpga_interface|debouncer:debouncer_to_output|counter[13]   ; HVPS_FPGAInterface:fpga_interface|debouncer:debouncer_to_output|counter[10] ; clk          ; clk         ; 20.000       ; -0.082     ; 4.808      ;
; 15.122 ; HVPS_FPGAInterface:fpga_interface|debouncer:debouncer_to_output|counter[13]   ; HVPS_FPGAInterface:fpga_interface|debouncer:debouncer_to_output|counter[11] ; clk          ; clk         ; 20.000       ; -0.082     ; 4.808      ;
; 15.122 ; HVPS_FPGAInterface:fpga_interface|debouncer:debouncer_to_output|counter[13]   ; HVPS_FPGAInterface:fpga_interface|debouncer:debouncer_to_output|counter[12] ; clk          ; clk         ; 20.000       ; -0.082     ; 4.808      ;
; 15.122 ; HVPS_FPGAInterface:fpga_interface|debouncer:debouncer_to_output|counter[13]   ; HVPS_FPGAInterface:fpga_interface|debouncer:debouncer_to_output|counter[13] ; clk          ; clk         ; 20.000       ; -0.082     ; 4.808      ;
; 15.122 ; HVPS_FPGAInterface:fpga_interface|debouncer:debouncer_to_output|counter[13]   ; HVPS_FPGAInterface:fpga_interface|debouncer:debouncer_to_output|counter[17] ; clk          ; clk         ; 20.000       ; -0.082     ; 4.808      ;
; 15.122 ; HVPS_FPGAInterface:fpga_interface|debouncer:debouncer_to_output|counter[13]   ; HVPS_FPGAInterface:fpga_interface|debouncer:debouncer_to_output|counter[16] ; clk          ; clk         ; 20.000       ; -0.082     ; 4.808      ;
; 15.122 ; HVPS_FPGAInterface:fpga_interface|debouncer:debouncer_to_output|counter[13]   ; HVPS_FPGAInterface:fpga_interface|debouncer:debouncer_to_output|counter[18] ; clk          ; clk         ; 20.000       ; -0.082     ; 4.808      ;
; 15.129 ; HVPS_FPGAInterface:fpga_interface|debouncer:debouncer_in_shift|counter[13]    ; HVPS_FPGAInterface:fpga_interface|debouncer:debouncer_in_shift|counter[15]  ; clk          ; clk         ; 20.000       ; -0.083     ; 4.800      ;
; 15.129 ; HVPS_FPGAInterface:fpga_interface|debouncer:debouncer_in_shift|counter[13]    ; HVPS_FPGAInterface:fpga_interface|debouncer:debouncer_in_shift|counter[12]  ; clk          ; clk         ; 20.000       ; -0.083     ; 4.800      ;
; 15.129 ; HVPS_FPGAInterface:fpga_interface|debouncer:debouncer_in_shift|counter[13]    ; HVPS_FPGAInterface:fpga_interface|debouncer:debouncer_in_shift|counter[9]   ; clk          ; clk         ; 20.000       ; -0.083     ; 4.800      ;
; 15.129 ; HVPS_FPGAInterface:fpga_interface|debouncer:debouncer_in_shift|counter[13]    ; HVPS_FPGAInterface:fpga_interface|debouncer:debouncer_in_shift|counter[10]  ; clk          ; clk         ; 20.000       ; -0.083     ; 4.800      ;
; 15.129 ; HVPS_FPGAInterface:fpga_interface|debouncer:debouncer_in_shift|counter[13]    ; HVPS_FPGAInterface:fpga_interface|debouncer:debouncer_in_shift|counter[11]  ; clk          ; clk         ; 20.000       ; -0.083     ; 4.800      ;
; 15.129 ; HVPS_FPGAInterface:fpga_interface|debouncer:debouncer_in_shift|counter[13]    ; HVPS_FPGAInterface:fpga_interface|debouncer:debouncer_in_shift|counter[13]  ; clk          ; clk         ; 20.000       ; -0.083     ; 4.800      ;
; 15.129 ; HVPS_FPGAInterface:fpga_interface|debouncer:debouncer_in_shift|counter[13]    ; HVPS_FPGAInterface:fpga_interface|debouncer:debouncer_in_shift|counter[17]  ; clk          ; clk         ; 20.000       ; -0.083     ; 4.800      ;
+--------+-------------------------------------------------------------------------------+-----------------------------------------------------------------------------+--------------+-------------+--------------+------------+------------+


+---------------------------------------------------------------------------------------------------------------------------------------------------------------------------------------------------------------------------------------------+
; Slow 1000mV 0C Model Hold: 'clk'                                                                                                                                                                                                            ;
+-------+-------------------------------------------------------------------------------+-------------------------------------------------------------------------------+--------------+-------------+--------------+------------+------------+
; Slack ; From Node                                                                     ; To Node                                                                       ; Launch Clock ; Latch Clock ; Relationship ; Clock Skew ; Data Delay ;
+-------+-------------------------------------------------------------------------------+-------------------------------------------------------------------------------+--------------+-------------+--------------+------------+------------+
; 0.505 ; HVPS_FPGAInterface:fpga_interface|debouncer:debouncer_out_shift|counter[18]   ; HVPS_FPGAInterface:fpga_interface|debouncer:debouncer_out_shift|counter[18]   ; clk          ; clk         ; 0.000        ; 0.082      ; 0.842      ;
; 0.506 ; HVPS_FPGAInterface:fpga_interface|debouncer:debouncer_in_shift|counter[18]    ; HVPS_FPGAInterface:fpga_interface|debouncer:debouncer_in_shift|counter[18]    ; clk          ; clk         ; 0.000        ; 0.083      ; 0.844      ;
; 0.507 ; HVPS_FPGAInterface:fpga_interface|debouncer:debouncer_to_output|counter[18]   ; HVPS_FPGAInterface:fpga_interface|debouncer:debouncer_to_output|counter[18]   ; clk          ; clk         ; 0.000        ; 0.082      ; 0.844      ;
; 0.513 ; HVPS_FPGAInterface:fpga_interface|output_buffer[59]                           ; HVPS_FPGAInterface:fpga_interface|output_buffer[60]                           ; clk          ; clk         ; 0.000        ; 0.082      ; 0.850      ;
; 0.514 ; HVPS_FPGAInterface:fpga_interface|output_buffer[60]                           ; HVPS_FPGAInterface:fpga_interface|output_buffer[61]                           ; clk          ; clk         ; 0.000        ; 0.082      ; 0.851      ;
; 0.514 ; HVPS_FPGAInterface:fpga_interface|output_buffer[16]                           ; HVPS_FPGAInterface:fpga_interface|output_buffer[17]                           ; clk          ; clk         ; 0.000        ; 0.082      ; 0.851      ;
; 0.515 ; AD7822:first_stage_voltage_feedback_adc|INV_RD~_Duplicate_1                   ; AD7822:first_stage_voltage_feedback_adc|INV_RD~_Duplicate_1                   ; clk          ; clk         ; 0.000        ; 0.082      ; 0.852      ;
; 0.515 ; AD7822:first_stage_voltage_feedback_adc|INV_CONVST~_Duplicate_1               ; AD7822:first_stage_voltage_feedback_adc|INV_CONVST~_Duplicate_1               ; clk          ; clk         ; 0.000        ; 0.082      ; 0.852      ;
; 0.515 ; AD7822:output_voltage_feedback_adc|INV_RD~_Duplicate_1                        ; AD7822:output_voltage_feedback_adc|INV_RD~_Duplicate_1                        ; clk          ; clk         ; 0.000        ; 0.082      ; 0.852      ;
; 0.515 ; AD7822:output_voltage_feedback_adc|INV_CONVST~_Duplicate_1                    ; AD7822:output_voltage_feedback_adc|INV_CONVST~_Duplicate_1                    ; clk          ; clk         ; 0.000        ; 0.082      ; 0.852      ;
; 0.515 ; HVPS_FPGAInterface:fpga_interface|output_buffer[36]                           ; HVPS_FPGAInterface:fpga_interface|output_buffer[37]                           ; clk          ; clk         ; 0.000        ; 0.082      ; 0.852      ;
; 0.515 ; HVPS_FPGAInterface:fpga_interface|debouncer:debouncer_out_shift|debounced_out ; HVPS_FPGAInterface:fpga_interface|debouncer:debouncer_out_shift|debounced_out ; clk          ; clk         ; 0.000        ; 0.082      ; 0.852      ;
; 0.515 ; AD7822:first_stage_voltage_feedback_adc|state.READING                         ; AD7822:first_stage_voltage_feedback_adc|state.READING                         ; clk          ; clk         ; 0.000        ; 0.082      ; 0.852      ;
; 0.515 ; AD7822:first_stage_voltage_feedback_adc|state.RD_HOLD                         ; AD7822:first_stage_voltage_feedback_adc|state.RD_HOLD                         ; clk          ; clk         ; 0.000        ; 0.082      ; 0.852      ;
; 0.515 ; AD7822:output_voltage_feedback_adc|state.RD_HOLD                              ; AD7822:output_voltage_feedback_adc|state.RD_HOLD                              ; clk          ; clk         ; 0.000        ; 0.082      ; 0.852      ;
; 0.515 ; AD7822:output_voltage_feedback_adc|state.CONVERTING                           ; AD7822:output_voltage_feedback_adc|state.CONVERTING                           ; clk          ; clk         ; 0.000        ; 0.082      ; 0.852      ;
; 0.515 ; AD7822:output_voltage_feedback_adc|state.READING                              ; AD7822:output_voltage_feedback_adc|state.READING                              ; clk          ; clk         ; 0.000        ; 0.082      ; 0.852      ;
; 0.515 ; AD7822:primary_current_feedback_adc|INV_RD~_Duplicate_1                       ; AD7822:primary_current_feedback_adc|INV_RD~_Duplicate_1                       ; clk          ; clk         ; 0.000        ; 0.082      ; 0.852      ;
; 0.515 ; AD7822:primary_current_feedback_adc|INV_CONVST~_Duplicate_1                   ; AD7822:primary_current_feedback_adc|INV_CONVST~_Duplicate_1                   ; clk          ; clk         ; 0.000        ; 0.082      ; 0.852      ;
; 0.515 ; AD7822:primary_current_feedback_adc|state.RD_HOLD                             ; AD7822:primary_current_feedback_adc|state.RD_HOLD                             ; clk          ; clk         ; 0.000        ; 0.082      ; 0.852      ;
; 0.515 ; AD7822:primary_current_feedback_adc|state.READING                             ; AD7822:primary_current_feedback_adc|state.READING                             ; clk          ; clk         ; 0.000        ; 0.082      ; 0.852      ;
; 0.515 ; AD7822:primary_current_feedback_adc|state.CONVERTING                          ; AD7822:primary_current_feedback_adc|state.CONVERTING                          ; clk          ; clk         ; 0.000        ; 0.082      ; 0.852      ;
; 0.516 ; HVPS_FPGAInterface:fpga_interface|output_buffer[35]                           ; HVPS_FPGAInterface:fpga_interface|output_buffer[36]                           ; clk          ; clk         ; 0.000        ; 0.082      ; 0.853      ;
; 0.516 ; HVPS_FPGAInterface:fpga_interface|debouncer:debouncer_in_shift|debounced_out  ; HVPS_FPGAInterface:fpga_interface|debouncer:debouncer_in_shift|debounced_out  ; clk          ; clk         ; 0.000        ; 0.081      ; 0.852      ;
; 0.516 ; HVPS_FPGAInterface:fpga_interface|debouncer:debouncer_to_output|debounced_out ; HVPS_FPGAInterface:fpga_interface|debouncer:debouncer_to_output|debounced_out ; clk          ; clk         ; 0.000        ; 0.081      ; 0.852      ;
; 0.516 ; AD7822:first_stage_voltage_feedback_adc|state.CONVERTING                      ; AD7822:first_stage_voltage_feedback_adc|state.CONVERTING                      ; clk          ; clk         ; 0.000        ; 0.081      ; 0.852      ;
; 0.517 ; HVPS_FPGAInterface:fpga_interface|debouncer:debouncer_in_shift|sync_1         ; HVPS_FPGAInterface:fpga_interface|debouncer:debouncer_in_shift|debounced_out  ; clk          ; clk         ; 0.000        ; 0.081      ; 0.853      ;
; 0.517 ; HVPS_FPGAInterface:fpga_interface|output_buffer[68]                           ; HVPS_FPGAInterface:fpga_interface|output_buffer[69]                           ; clk          ; clk         ; 0.000        ; 0.081      ; 0.853      ;
; 0.517 ; HVPS_FPGAInterface:fpga_interface|output_buffer[15]                           ; HVPS_FPGAInterface:fpga_interface|output_buffer[16]                           ; clk          ; clk         ; 0.000        ; 0.082      ; 0.854      ;
; 0.518 ; AD7822:first_stage_voltage_feedback_adc|counter[4]                            ; AD7822:first_stage_voltage_feedback_adc|counter[4]                            ; clk          ; clk         ; 0.000        ; 0.082      ; 0.855      ;
; 0.523 ; HVPS_FPGAInterface:fpga_interface|input_staged[15]                            ; HVPS_FPGAInterface:fpga_interface|input_staged[16]                            ; clk          ; clk         ; 0.000        ; 0.082      ; 0.860      ;
; 0.524 ; HVPS_FPGAInterface:fpga_interface|input_staged[19]                            ; HVPS_FPGAInterface:fpga_interface|output_buffer[19]                           ; clk          ; clk         ; 0.000        ; 0.082      ; 0.861      ;
; 0.524 ; HVPS_FPGAInterface:fpga_interface|input_staged[5]                             ; HVPS_FPGAInterface:fpga_interface|input_staged[6]                             ; clk          ; clk         ; 0.000        ; 0.082      ; 0.861      ;
; 0.525 ; HVPS_FPGAInterface:fpga_interface|input_staged[15]                            ; HVPS_FPGAInterface:fpga_interface|output_buffer[15]                           ; clk          ; clk         ; 0.000        ; 0.082      ; 0.862      ;
; 0.525 ; HVPS_FPGAInterface:fpga_interface|input_staged[19]                            ; HVPS_FPGAInterface:fpga_interface|input_staged[20]                            ; clk          ; clk         ; 0.000        ; 0.082      ; 0.862      ;
; 0.526 ; HVPS_FPGAInterface:fpga_interface|input_staged[20]                            ; HVPS_FPGAInterface:fpga_interface|output_buffer[20]                           ; clk          ; clk         ; 0.000        ; 0.082      ; 0.863      ;
; 0.526 ; HVPS_FPGAInterface:fpga_interface|input_staged[20]                            ; HVPS_FPGAInterface:fpga_interface|input_staged[21]                            ; clk          ; clk         ; 0.000        ; 0.082      ; 0.863      ;
; 0.526 ; HVPS_FPGAInterface:fpga_interface|input_staged[4]                             ; HVPS_FPGAInterface:fpga_interface|input_staged[5]                             ; clk          ; clk         ; 0.000        ; 0.082      ; 0.863      ;
; 0.526 ; AD7822:first_stage_voltage_feedback_adc|state.IDLE                            ; AD7822:first_stage_voltage_feedback_adc|state.CONVERTING                      ; clk          ; clk         ; 0.000        ; 0.081      ; 0.862      ;
; 0.527 ; HVPS_FPGAInterface:fpga_interface|input_staged[17]                            ; HVPS_FPGAInterface:fpga_interface|input_staged[18]                            ; clk          ; clk         ; 0.000        ; 0.082      ; 0.864      ;
; 0.527 ; HVPS_FPGAInterface:fpga_interface|input_staged[8]                             ; HVPS_FPGAInterface:fpga_interface|input_staged[9]                             ; clk          ; clk         ; 0.000        ; 0.082      ; 0.864      ;
; 0.527 ; AD7822:primary_current_feedback_adc|state.IDLE                                ; AD7822:primary_current_feedback_adc|state.CONVERTING                          ; clk          ; clk         ; 0.000        ; 0.082      ; 0.864      ;
; 0.528 ; AD7822:output_voltage_feedback_adc|state.IDLE                                 ; AD7822:output_voltage_feedback_adc|state.IDLE                                 ; clk          ; clk         ; 0.000        ; 0.082      ; 0.865      ;
; 0.528 ; AD7822:primary_current_feedback_adc|state.IDLE                                ; AD7822:primary_current_feedback_adc|state.IDLE                                ; clk          ; clk         ; 0.000        ; 0.082      ; 0.865      ;
; 0.529 ; AD7822:first_stage_voltage_feedback_adc|state.IDLE                            ; AD7822:first_stage_voltage_feedback_adc|state.IDLE                            ; clk          ; clk         ; 0.000        ; 0.081      ; 0.865      ;
; 0.541 ; HVPS_FPGAInterface:fpga_interface|input_staged[22]                            ; HVPS_FPGAInterface:fpga_interface|input_staged[23]                            ; clk          ; clk         ; 0.000        ; 0.082      ; 0.878      ;
; 0.541 ; HVPS_FPGAInterface:fpga_interface|input_staged[11]                            ; HVPS_FPGAInterface:fpga_interface|input_staged[12]                            ; clk          ; clk         ; 0.000        ; 0.082      ; 0.878      ;
; 0.543 ; HVPS_FPGAInterface:fpga_interface|input_staged[0]                             ; HVPS_FPGAInterface:fpga_interface|input_staged[1]                             ; clk          ; clk         ; 0.000        ; 0.081      ; 0.879      ;
; 0.558 ; AD7822:first_stage_voltage_feedback_adc|counter[0]                            ; AD7822:first_stage_voltage_feedback_adc|state.RD_HOLD                         ; clk          ; clk         ; 0.000        ; 0.082      ; 0.895      ;
; 0.582 ; AD7822:primary_current_feedback_adc|counter[0]                                ; AD7822:primary_current_feedback_adc|state.RD_HOLD                             ; clk          ; clk         ; 0.000        ; 0.082      ; 0.919      ;
; 0.661 ; HVPS_FPGAInterface:fpga_interface|output_buffer[62]                           ; HVPS_FPGAInterface:fpga_interface|output_buffer[63]                           ; clk          ; clk         ; 0.000        ; 0.082      ; 0.998      ;
; 0.662 ; HVPS_FPGAInterface:fpga_interface|output_buffer[26]                           ; HVPS_FPGAInterface:fpga_interface|output_buffer[27]                           ; clk          ; clk         ; 0.000        ; 0.082      ; 0.999      ;
; 0.663 ; HVPS_FPGAInterface:fpga_interface|output_buffer[37]                           ; HVPS_FPGAInterface:fpga_interface|output_buffer[38]                           ; clk          ; clk         ; 0.000        ; 0.082      ; 1.000      ;
; 0.663 ; HVPS_FPGAInterface:fpga_interface|output_buffer[0]                            ; HVPS_FPGAInterface:fpga_interface|output_buffer[1]                            ; clk          ; clk         ; 0.000        ; 0.082      ; 1.000      ;
; 0.664 ; HVPS_FPGAInterface:fpga_interface|to_output_prev                              ; HVPS_FPGAInterface:fpga_interface|output_buffer[71]                           ; clk          ; clk         ; 0.000        ; 0.082      ; 1.001      ;
; 0.664 ; HVPS_FPGAInterface:fpga_interface|output_buffer[45]                           ; HVPS_FPGAInterface:fpga_interface|output_buffer[46]                           ; clk          ; clk         ; 0.000        ; 0.081      ; 1.000      ;
; 0.664 ; HVPS_FPGAInterface:fpga_interface|output_buffer[44]                           ; HVPS_FPGAInterface:fpga_interface|output_buffer[45]                           ; clk          ; clk         ; 0.000        ; 0.081      ; 1.000      ;
; 0.664 ; HVPS_FPGAInterface:fpga_interface|output_buffer[31]                           ; HVPS_FPGAInterface:fpga_interface|output_buffer[32]                           ; clk          ; clk         ; 0.000        ; 0.082      ; 1.001      ;
; 0.664 ; HVPS_FPGAInterface:fpga_interface|output_buffer[25]                           ; HVPS_FPGAInterface:fpga_interface|output_buffer[26]                           ; clk          ; clk         ; 0.000        ; 0.082      ; 1.001      ;
; 0.664 ; HVPS_FPGAInterface:fpga_interface|to_output_prev                              ; HVPS_FPGAInterface:fpga_interface|output_buffer[21]                           ; clk          ; clk         ; 0.000        ; 0.082      ; 1.001      ;
; 0.665 ; HVPS_FPGAInterface:fpga_interface|to_output_prev                              ; HVPS_FPGAInterface:fpga_interface|output_buffer[73]                           ; clk          ; clk         ; 0.000        ; 0.082      ; 1.002      ;
; 0.665 ; HVPS_FPGAInterface:fpga_interface|to_output_prev                              ; HVPS_FPGAInterface:fpga_interface|output_buffer[23]                           ; clk          ; clk         ; 0.000        ; 0.082      ; 1.002      ;
; 0.666 ; HVPS_FPGAInterface:fpga_interface|to_output_prev                              ; HVPS_FPGAInterface:fpga_interface|output_buffer[9]                            ; clk          ; clk         ; 0.000        ; 0.082      ; 1.003      ;
; 0.667 ; HVPS_FPGAInterface:fpga_interface|to_output_prev                              ; HVPS_FPGAInterface:fpga_interface|output_buffer[47]                           ; clk          ; clk         ; 0.000        ; 0.082      ; 1.004      ;
; 0.668 ; HVPS_FPGAInterface:fpga_interface|to_output_prev                              ; HVPS_FPGAInterface:fpga_interface|output_buffer[48]                           ; clk          ; clk         ; 0.000        ; 0.082      ; 1.005      ;
; 0.669 ; HVPS_FPGAInterface:fpga_interface|to_output_prev                              ; HVPS_FPGAInterface:fpga_interface|output_buffer[11]                           ; clk          ; clk         ; 0.000        ; 0.082      ; 1.006      ;
; 0.670 ; HVPS_FPGAInterface:fpga_interface|to_output_prev                              ; HVPS_FPGAInterface:fpga_interface|output_buffer[72]                           ; clk          ; clk         ; 0.000        ; 0.082      ; 1.007      ;
; 0.671 ; HVPS_FPGAInterface:fpga_interface|to_output_prev                              ; HVPS_FPGAInterface:fpga_interface|output_buffer[49]                           ; clk          ; clk         ; 0.000        ; 0.082      ; 1.008      ;
; 0.671 ; HVPS_FPGAInterface:fpga_interface|input_staged[2]                             ; HVPS_FPGAInterface:fpga_interface|input_staged[3]                             ; clk          ; clk         ; 0.000        ; 0.082      ; 1.008      ;
; 0.673 ; HVPS_FPGAInterface:fpga_interface|input_staged[16]                            ; HVPS_FPGAInterface:fpga_interface|input_staged[17]                            ; clk          ; clk         ; 0.000        ; 0.082      ; 1.010      ;
; 0.690 ; HVPS_FPGAInterface:fpga_interface|input_staged[18]                            ; HVPS_FPGAInterface:fpga_interface|input_staged[19]                            ; clk          ; clk         ; 0.000        ; 0.082      ; 1.027      ;
; 0.690 ; HVPS_FPGAInterface:fpga_interface|input_staged[10]                            ; HVPS_FPGAInterface:fpga_interface|input_staged[11]                            ; clk          ; clk         ; 0.000        ; 0.082      ; 1.027      ;
; 0.690 ; HVPS_FPGAInterface:fpga_interface|input_staged[3]                             ; HVPS_FPGAInterface:fpga_interface|input_staged[4]                             ; clk          ; clk         ; 0.000        ; 0.082      ; 1.027      ;
; 0.691 ; HVPS_FPGAInterface:fpga_interface|input_staged[12]                            ; HVPS_FPGAInterface:fpga_interface|input_staged[13]                            ; clk          ; clk         ; 0.000        ; 0.082      ; 1.028      ;
; 0.692 ; HVPS_FPGAInterface:fpga_interface|input_staged[23]                            ; HVPS_FPGAInterface:fpga_interface|input_staged[24]                            ; clk          ; clk         ; 0.000        ; 0.082      ; 1.029      ;
; 0.693 ; HVPS_FPGAInterface:fpga_interface|input_staged[18]                            ; HVPS_FPGAInterface:fpga_interface|output_buffer[18]                           ; clk          ; clk         ; 0.000        ; 0.082      ; 1.030      ;
; 0.693 ; HVPS_FPGAInterface:fpga_interface|input_staged[14]                            ; HVPS_FPGAInterface:fpga_interface|input_staged[15]                            ; clk          ; clk         ; 0.000        ; 0.082      ; 1.030      ;
; 0.694 ; HVPS_FPGAInterface:fpga_interface|input_staged[14]                            ; HVPS_FPGAInterface:fpga_interface|output_buffer[14]                           ; clk          ; clk         ; 0.000        ; 0.082      ; 1.031      ;
; 0.695 ; AD7822:output_voltage_feedback_adc|state.RD_HOLD                              ; AD7822:output_voltage_feedback_adc|INV_CONVST~_Duplicate_1                    ; clk          ; clk         ; 0.000        ; 0.082      ; 1.032      ;
; 0.733 ; HVPS_FPGAInterface:fpga_interface|debouncer:debouncer_in_shift|counter[4]     ; HVPS_FPGAInterface:fpga_interface|debouncer:debouncer_in_shift|counter[4]     ; clk          ; clk         ; 0.000        ; 0.083      ; 1.071      ;
; 0.734 ; HVPS_FPGAInterface:fpga_interface|debouncer:debouncer_to_output|counter[4]    ; HVPS_FPGAInterface:fpga_interface|debouncer:debouncer_to_output|counter[4]    ; clk          ; clk         ; 0.000        ; 0.082      ; 1.071      ;
; 0.735 ; HVPS_FPGAInterface:fpga_interface|debouncer:debouncer_in_shift|counter[1]     ; HVPS_FPGAInterface:fpga_interface|debouncer:debouncer_in_shift|counter[1]     ; clk          ; clk         ; 0.000        ; 0.083      ; 1.073      ;
; 0.735 ; HVPS_FPGAInterface:fpga_interface|debouncer:debouncer_in_shift|counter[3]     ; HVPS_FPGAInterface:fpga_interface|debouncer:debouncer_in_shift|counter[3]     ; clk          ; clk         ; 0.000        ; 0.083      ; 1.073      ;
; 0.735 ; HVPS_FPGAInterface:fpga_interface|debouncer:debouncer_out_shift|counter[4]    ; HVPS_FPGAInterface:fpga_interface|debouncer:debouncer_out_shift|counter[4]    ; clk          ; clk         ; 0.000        ; 0.081      ; 1.071      ;
; 0.736 ; HVPS_FPGAInterface:fpga_interface|debouncer:debouncer_to_output|counter[1]    ; HVPS_FPGAInterface:fpga_interface|debouncer:debouncer_to_output|counter[1]    ; clk          ; clk         ; 0.000        ; 0.082      ; 1.073      ;
; 0.736 ; HVPS_FPGAInterface:fpga_interface|debouncer:debouncer_to_output|counter[3]    ; HVPS_FPGAInterface:fpga_interface|debouncer:debouncer_to_output|counter[3]    ; clk          ; clk         ; 0.000        ; 0.082      ; 1.073      ;
; 0.737 ; HVPS_FPGAInterface:fpga_interface|debouncer:debouncer_out_shift|counter[1]    ; HVPS_FPGAInterface:fpga_interface|debouncer:debouncer_out_shift|counter[1]    ; clk          ; clk         ; 0.000        ; 0.081      ; 1.073      ;
; 0.737 ; HVPS_FPGAInterface:fpga_interface|debouncer:debouncer_out_shift|counter[3]    ; HVPS_FPGAInterface:fpga_interface|debouncer:debouncer_out_shift|counter[3]    ; clk          ; clk         ; 0.000        ; 0.081      ; 1.073      ;
; 0.737 ; HVPS_FPGAInterface:fpga_interface|output_buffer[21]                           ; HVPS_FPGAInterface:fpga_interface|output_buffer[22]                           ; clk          ; clk         ; 0.000        ; 0.082      ; 1.074      ;
; 0.737 ; HVPS_FPGAInterface:fpga_interface|output_buffer[9]                            ; HVPS_FPGAInterface:fpga_interface|output_buffer[10]                           ; clk          ; clk         ; 0.000        ; 0.082      ; 1.074      ;
; 0.737 ; HVPS_FPGAInterface:fpga_interface|output_buffer[48]                           ; HVPS_FPGAInterface:fpga_interface|output_buffer[49]                           ; clk          ; clk         ; 0.000        ; 0.082      ; 1.074      ;
; 0.738 ; HVPS_FPGAInterface:fpga_interface|output_buffer[34]                           ; HVPS_FPGAInterface:fpga_interface|output_buffer[35]                           ; clk          ; clk         ; 0.000        ; 0.082      ; 1.075      ;
; 0.738 ; HVPS_FPGAInterface:fpga_interface|output_buffer[11]                           ; HVPS_FPGAInterface:fpga_interface|output_buffer[12]                           ; clk          ; clk         ; 0.000        ; 0.082      ; 1.075      ;
; 0.739 ; HVPS_FPGAInterface:fpga_interface|debouncer:debouncer_in_shift|counter[2]     ; HVPS_FPGAInterface:fpga_interface|debouncer:debouncer_in_shift|counter[2]     ; clk          ; clk         ; 0.000        ; 0.083      ; 1.077      ;
; 0.739 ; HVPS_FPGAInterface:fpga_interface|output_buffer[55]                           ; HVPS_FPGAInterface:fpga_interface|output_buffer[56]                           ; clk          ; clk         ; 0.000        ; 0.082      ; 1.076      ;
; 0.739 ; HVPS_FPGAInterface:fpga_interface|output_buffer[5]                            ; HVPS_FPGAInterface:fpga_interface|output_buffer[6]                            ; clk          ; clk         ; 0.000        ; 0.082      ; 1.076      ;
; 0.740 ; HVPS_FPGAInterface:fpga_interface|output_buffer[66]                           ; HVPS_FPGAInterface:fpga_interface|output_buffer[67]                           ; clk          ; clk         ; 0.000        ; 0.081      ; 1.076      ;
; 0.740 ; HVPS_FPGAInterface:fpga_interface|output_buffer[53]                           ; HVPS_FPGAInterface:fpga_interface|output_buffer[54]                           ; clk          ; clk         ; 0.000        ; 0.082      ; 1.077      ;
; 0.740 ; HVPS_FPGAInterface:fpga_interface|output_buffer[50]                           ; HVPS_FPGAInterface:fpga_interface|output_buffer[51]                           ; clk          ; clk         ; 0.000        ; 0.082      ; 1.077      ;
; 0.740 ; HVPS_FPGAInterface:fpga_interface|output_buffer[28]                           ; HVPS_FPGAInterface:fpga_interface|output_buffer[29]                           ; clk          ; clk         ; 0.000        ; 0.082      ; 1.077      ;
+-------+-------------------------------------------------------------------------------+-------------------------------------------------------------------------------+--------------+-------------+--------------+------------+------------+


----------------------------------------------
; Slow 1000mV 0C Model Metastability Summary ;
----------------------------------------------
No synchronizer chains to report.


+------------------------------------+
; Fast 1000mV 0C Model Setup Summary ;
+-------+--------+-------------------+
; Clock ; Slack  ; End Point TNS     ;
+-------+--------+-------------------+
; clk   ; 15.445 ; 0.000             ;
+-------+--------+-------------------+


+-----------------------------------+
; Fast 1000mV 0C Model Hold Summary ;
+-------+-------+-------------------+
; Clock ; Slack ; End Point TNS     ;
+-------+-------+-------------------+
; clk   ; 0.280 ; 0.000             ;
+-------+-------+-------------------+


-----------------------------------------
; Fast 1000mV 0C Model Recovery Summary ;
-----------------------------------------
No paths to report.


----------------------------------------
; Fast 1000mV 0C Model Removal Summary ;
----------------------------------------
No paths to report.


+--------------------------------------------------+
; Fast 1000mV 0C Model Minimum Pulse Width Summary ;
+-------+-------+----------------------------------+
; Clock ; Slack ; End Point TNS                    ;
+-------+-------+----------------------------------+
; clk   ; 9.467 ; 0.000                            ;
+-------+-------+----------------------------------+


+---------------------------------------------------------------------------------------------------------------------------------------------------------------------------------------------------------------------------------------------+
; Fast 1000mV 0C Model Setup: 'clk'                                                                                                                                                                                                           ;
+--------+-------------------------------------------------------------------------------+------------------------------------------------------------------------------+--------------+-------------+--------------+------------+------------+
; Slack  ; From Node                                                                     ; To Node                                                                      ; Launch Clock ; Latch Clock ; Relationship ; Clock Skew ; Data Delay ;
+--------+-------------------------------------------------------------------------------+------------------------------------------------------------------------------+--------------+-------------+--------------+------------+------------+
; 15.445 ; AD7822:output_voltage_feedback_adc|INV_CONVST                                 ; U5_INV_CONVST                                                                ; clk          ; clk         ; 20.000       ; -1.618     ; 2.917      ;
; 15.452 ; AD7822:primary_current_feedback_adc|INV_RD                                    ; U12_INV_RD                                                                   ; clk          ; clk         ; 20.000       ; -1.639     ; 2.889      ;
; 15.452 ; AD7822:primary_current_feedback_adc|INV_CONVST                                ; U12_INV_CONVST                                                               ; clk          ; clk         ; 20.000       ; -1.639     ; 2.889      ;
; 15.453 ; AD7822:output_voltage_feedback_adc|INV_RD                                     ; U5_INV_RD                                                                    ; clk          ; clk         ; 20.000       ; -1.610     ; 2.917      ;
; 15.460 ; HVPS_FPGAInterface:fpga_interface|output_buffer[74]                           ; ESP_OUT_VALUE                                                                ; clk          ; clk         ; 20.000       ; -1.631     ; 2.889      ;
; 15.470 ; AD7822:first_stage_voltage_feedback_adc|INV_RD                                ; U20_INV_RD                                                                   ; clk          ; clk         ; 20.000       ; -1.621     ; 2.889      ;
; 15.470 ; AD7822:first_stage_voltage_feedback_adc|INV_CONVST                            ; U20_INV_CONVST                                                               ; clk          ; clk         ; 20.000       ; -1.621     ; 2.889      ;
; 16.147 ; U20_INV_EOC                                                                   ; AD7822:first_stage_voltage_feedback_adc|counter[0]                           ; clk          ; clk         ; 20.000       ; 1.572      ; 5.418      ;
; 16.147 ; U20_INV_EOC                                                                   ; AD7822:first_stage_voltage_feedback_adc|counter[2]                           ; clk          ; clk         ; 20.000       ; 1.572      ; 5.418      ;
; 16.147 ; U20_INV_EOC                                                                   ; AD7822:first_stage_voltage_feedback_adc|counter[1]                           ; clk          ; clk         ; 20.000       ; 1.572      ; 5.418      ;
; 16.147 ; U20_INV_EOC                                                                   ; AD7822:first_stage_voltage_feedback_adc|counter[3]                           ; clk          ; clk         ; 20.000       ; 1.572      ; 5.418      ;
; 16.147 ; U20_INV_EOC                                                                   ; AD7822:first_stage_voltage_feedback_adc|counter[4]                           ; clk          ; clk         ; 20.000       ; 1.572      ; 5.418      ;
; 16.173 ; U20_INV_EOC                                                                   ; AD7822:first_stage_voltage_feedback_adc|state.IDLE                           ; clk          ; clk         ; 20.000       ; 1.559      ; 5.379      ;
; 16.202 ; U20_INV_EOC                                                                   ; AD7822:first_stage_voltage_feedback_adc|state.CONVERTING                     ; clk          ; clk         ; 20.000       ; 1.559      ; 5.350      ;
; 16.274 ; U20_INV_EOC                                                                   ; AD7822:first_stage_voltage_feedback_adc|INV_RD                               ; clk          ; clk         ; 20.000       ; 1.576      ; 5.207      ;
; 16.460 ; U12_INV_EOC                                                                   ; AD7822:primary_current_feedback_adc|state.IDLE                               ; clk          ; clk         ; 20.000       ; 1.562      ; 5.095      ;
; 16.461 ; U12_INV_EOC                                                                   ; AD7822:primary_current_feedback_adc|state.READING                            ; clk          ; clk         ; 20.000       ; 1.562      ; 5.094      ;
; 16.493 ; U12_INV_EOC                                                                   ; AD7822:primary_current_feedback_adc|state.CONVERTING                         ; clk          ; clk         ; 20.000       ; 1.562      ; 5.062      ;
; 16.565 ; AD7822:first_stage_voltage_feedback_adc|counter[1]                            ; AD7822:first_stage_voltage_feedback_adc|INV_RD                               ; clk          ; clk         ; 20.000       ; -0.046     ; 3.294      ;
; 16.602 ; U20_INV_EOC                                                                   ; AD7822:first_stage_voltage_feedback_adc|state.READING                        ; clk          ; clk         ; 20.000       ; 1.572      ; 4.963      ;
; 16.625 ; U12_INV_EOC                                                                   ; AD7822:primary_current_feedback_adc|counter[0]                               ; clk          ; clk         ; 20.000       ; 1.574      ; 4.942      ;
; 16.625 ; U12_INV_EOC                                                                   ; AD7822:primary_current_feedback_adc|counter[2]                               ; clk          ; clk         ; 20.000       ; 1.574      ; 4.942      ;
; 16.625 ; U12_INV_EOC                                                                   ; AD7822:primary_current_feedback_adc|counter[1]                               ; clk          ; clk         ; 20.000       ; 1.574      ; 4.942      ;
; 16.625 ; U12_INV_EOC                                                                   ; AD7822:primary_current_feedback_adc|counter[4]                               ; clk          ; clk         ; 20.000       ; 1.574      ; 4.942      ;
; 16.625 ; U12_INV_EOC                                                                   ; AD7822:primary_current_feedback_adc|counter[3]                               ; clk          ; clk         ; 20.000       ; 1.574      ; 4.942      ;
; 16.641 ; U5_INV_EOC                                                                    ; AD7822:output_voltage_feedback_adc|INV_RD                                    ; clk          ; clk         ; 20.000       ; 1.564      ; 4.830      ;
; 16.658 ; HVPS_FPGAInterface:fpga_interface|debouncer:debouncer_in_shift|debounced_out  ; HVPS_FPGAInterface:fpga_interface|input_staged[21]                           ; clk          ; clk         ; 20.000       ; -0.053     ; 3.282      ;
; 16.658 ; HVPS_FPGAInterface:fpga_interface|debouncer:debouncer_in_shift|debounced_out  ; HVPS_FPGAInterface:fpga_interface|input_staged[20]                           ; clk          ; clk         ; 20.000       ; -0.053     ; 3.282      ;
; 16.658 ; HVPS_FPGAInterface:fpga_interface|debouncer:debouncer_in_shift|debounced_out  ; HVPS_FPGAInterface:fpga_interface|input_staged[19]                           ; clk          ; clk         ; 20.000       ; -0.053     ; 3.282      ;
; 16.658 ; HVPS_FPGAInterface:fpga_interface|debouncer:debouncer_in_shift|debounced_out  ; HVPS_FPGAInterface:fpga_interface|input_staged[18]                           ; clk          ; clk         ; 20.000       ; -0.053     ; 3.282      ;
; 16.658 ; HVPS_FPGAInterface:fpga_interface|debouncer:debouncer_in_shift|debounced_out  ; HVPS_FPGAInterface:fpga_interface|input_staged[17]                           ; clk          ; clk         ; 20.000       ; -0.053     ; 3.282      ;
; 16.658 ; HVPS_FPGAInterface:fpga_interface|debouncer:debouncer_in_shift|debounced_out  ; HVPS_FPGAInterface:fpga_interface|input_staged[16]                           ; clk          ; clk         ; 20.000       ; -0.053     ; 3.282      ;
; 16.658 ; HVPS_FPGAInterface:fpga_interface|debouncer:debouncer_in_shift|debounced_out  ; HVPS_FPGAInterface:fpga_interface|input_staged[15]                           ; clk          ; clk         ; 20.000       ; -0.053     ; 3.282      ;
; 16.658 ; HVPS_FPGAInterface:fpga_interface|debouncer:debouncer_in_shift|debounced_out  ; HVPS_FPGAInterface:fpga_interface|input_staged[14]                           ; clk          ; clk         ; 20.000       ; -0.053     ; 3.282      ;
; 16.661 ; AD7822:first_stage_voltage_feedback_adc|counter[4]                            ; AD7822:first_stage_voltage_feedback_adc|INV_RD                               ; clk          ; clk         ; 20.000       ; -0.046     ; 3.198      ;
; 16.698 ; U5_INV_EOC                                                                    ; AD7822:output_voltage_feedback_adc|state.CONVERTING                          ; clk          ; clk         ; 20.000       ; 1.565      ; 4.860      ;
; 16.724 ; U5_INV_EOC                                                                    ; AD7822:output_voltage_feedback_adc|state.IDLE                                ; clk          ; clk         ; 20.000       ; 1.565      ; 4.834      ;
; 16.780 ; AD7822:first_stage_voltage_feedback_adc|counter[3]                            ; AD7822:first_stage_voltage_feedback_adc|INV_RD                               ; clk          ; clk         ; 20.000       ; -0.046     ; 3.079      ;
; 16.823 ; HVPS_FPGAInterface:fpga_interface|debouncer:debouncer_in_shift|debounced_out  ; HVPS_FPGAInterface:fpga_interface|input_staged[25]                           ; clk          ; clk         ; 20.000       ; -0.045     ; 3.125      ;
; 16.823 ; HVPS_FPGAInterface:fpga_interface|debouncer:debouncer_in_shift|debounced_out  ; HVPS_FPGAInterface:fpga_interface|input_staged[1]                            ; clk          ; clk         ; 20.000       ; -0.045     ; 3.125      ;
; 16.823 ; HVPS_FPGAInterface:fpga_interface|debouncer:debouncer_in_shift|debounced_out  ; HVPS_FPGAInterface:fpga_interface|input_staged[0]                            ; clk          ; clk         ; 20.000       ; -0.045     ; 3.125      ;
; 16.826 ; HVPS_FPGAInterface:fpga_interface|debouncer:debouncer_in_shift|debounced_out  ; HVPS_FPGAInterface:fpga_interface|input_staged[9]                            ; clk          ; clk         ; 20.000       ; -0.044     ; 3.123      ;
; 16.826 ; HVPS_FPGAInterface:fpga_interface|debouncer:debouncer_in_shift|debounced_out  ; HVPS_FPGAInterface:fpga_interface|input_staged[8]                            ; clk          ; clk         ; 20.000       ; -0.044     ; 3.123      ;
; 16.826 ; HVPS_FPGAInterface:fpga_interface|debouncer:debouncer_in_shift|debounced_out  ; HVPS_FPGAInterface:fpga_interface|input_staged[6]                            ; clk          ; clk         ; 20.000       ; -0.044     ; 3.123      ;
; 16.826 ; HVPS_FPGAInterface:fpga_interface|debouncer:debouncer_in_shift|debounced_out  ; HVPS_FPGAInterface:fpga_interface|input_staged[5]                            ; clk          ; clk         ; 20.000       ; -0.044     ; 3.123      ;
; 16.826 ; HVPS_FPGAInterface:fpga_interface|debouncer:debouncer_in_shift|debounced_out  ; HVPS_FPGAInterface:fpga_interface|input_staged[4]                            ; clk          ; clk         ; 20.000       ; -0.044     ; 3.123      ;
; 16.826 ; HVPS_FPGAInterface:fpga_interface|debouncer:debouncer_in_shift|debounced_out  ; HVPS_FPGAInterface:fpga_interface|input_staged[3]                            ; clk          ; clk         ; 20.000       ; -0.044     ; 3.123      ;
; 16.826 ; HVPS_FPGAInterface:fpga_interface|debouncer:debouncer_in_shift|debounced_out  ; HVPS_FPGAInterface:fpga_interface|input_staged[2]                            ; clk          ; clk         ; 20.000       ; -0.044     ; 3.123      ;
; 16.848 ; HVPS_FPGAInterface:fpga_interface|debouncer:debouncer_in_shift|debounced_out  ; HVPS_FPGAInterface:fpga_interface|input_staged[7]                            ; clk          ; clk         ; 20.000       ; -0.047     ; 3.098      ;
; 16.864 ; U12_INV_EOC                                                                   ; AD7822:primary_current_feedback_adc|INV_RD                                   ; clk          ; clk         ; 20.000       ; 1.593      ; 4.634      ;
; 16.866 ; AD7822:first_stage_voltage_feedback_adc|counter[2]                            ; AD7822:first_stage_voltage_feedback_adc|INV_RD                               ; clk          ; clk         ; 20.000       ; -0.046     ; 2.993      ;
; 16.886 ; HVPS_FPGAInterface:fpga_interface|debouncer:debouncer_in_shift|counter[13]    ; HVPS_FPGAInterface:fpga_interface|debouncer:debouncer_in_shift|counter[0]    ; clk          ; clk         ; 20.000       ; -0.043     ; 3.064      ;
; 16.886 ; HVPS_FPGAInterface:fpga_interface|debouncer:debouncer_in_shift|counter[13]    ; HVPS_FPGAInterface:fpga_interface|debouncer:debouncer_in_shift|counter[1]    ; clk          ; clk         ; 20.000       ; -0.043     ; 3.064      ;
; 16.886 ; HVPS_FPGAInterface:fpga_interface|debouncer:debouncer_in_shift|counter[13]    ; HVPS_FPGAInterface:fpga_interface|debouncer:debouncer_in_shift|counter[2]    ; clk          ; clk         ; 20.000       ; -0.043     ; 3.064      ;
; 16.886 ; HVPS_FPGAInterface:fpga_interface|debouncer:debouncer_in_shift|counter[13]    ; HVPS_FPGAInterface:fpga_interface|debouncer:debouncer_in_shift|counter[3]    ; clk          ; clk         ; 20.000       ; -0.043     ; 3.064      ;
; 16.886 ; HVPS_FPGAInterface:fpga_interface|debouncer:debouncer_in_shift|counter[13]    ; HVPS_FPGAInterface:fpga_interface|debouncer:debouncer_in_shift|counter[4]    ; clk          ; clk         ; 20.000       ; -0.043     ; 3.064      ;
; 16.886 ; HVPS_FPGAInterface:fpga_interface|debouncer:debouncer_in_shift|counter[13]    ; HVPS_FPGAInterface:fpga_interface|debouncer:debouncer_in_shift|counter[5]    ; clk          ; clk         ; 20.000       ; -0.043     ; 3.064      ;
; 16.886 ; HVPS_FPGAInterface:fpga_interface|debouncer:debouncer_in_shift|counter[13]    ; HVPS_FPGAInterface:fpga_interface|debouncer:debouncer_in_shift|counter[6]    ; clk          ; clk         ; 20.000       ; -0.043     ; 3.064      ;
; 16.886 ; HVPS_FPGAInterface:fpga_interface|debouncer:debouncer_in_shift|counter[13]    ; HVPS_FPGAInterface:fpga_interface|debouncer:debouncer_in_shift|counter[7]    ; clk          ; clk         ; 20.000       ; -0.043     ; 3.064      ;
; 16.886 ; HVPS_FPGAInterface:fpga_interface|debouncer:debouncer_in_shift|counter[13]    ; HVPS_FPGAInterface:fpga_interface|debouncer:debouncer_in_shift|counter[8]    ; clk          ; clk         ; 20.000       ; -0.043     ; 3.064      ;
; 16.951 ; HVPS_FPGAInterface:fpga_interface|debouncer:debouncer_out_shift|debounced_out ; HVPS_FPGAInterface:fpga_interface|output_buffer[74]                          ; clk          ; clk         ; 20.000       ; -0.027     ; 2.927      ;
; 16.964 ; AD7822:first_stage_voltage_feedback_adc|state.IDLE                            ; AD7822:first_stage_voltage_feedback_adc|state.IDLE                           ; clk          ; clk         ; 20.000       ; -0.049     ; 2.980      ;
; 16.967 ; HVPS_FPGAInterface:fpga_interface|debouncer:debouncer_in_shift|counter[12]    ; HVPS_FPGAInterface:fpga_interface|debouncer:debouncer_in_shift|counter[0]    ; clk          ; clk         ; 20.000       ; -0.043     ; 2.983      ;
; 16.967 ; HVPS_FPGAInterface:fpga_interface|debouncer:debouncer_in_shift|counter[12]    ; HVPS_FPGAInterface:fpga_interface|debouncer:debouncer_in_shift|counter[1]    ; clk          ; clk         ; 20.000       ; -0.043     ; 2.983      ;
; 16.967 ; HVPS_FPGAInterface:fpga_interface|debouncer:debouncer_in_shift|counter[12]    ; HVPS_FPGAInterface:fpga_interface|debouncer:debouncer_in_shift|counter[2]    ; clk          ; clk         ; 20.000       ; -0.043     ; 2.983      ;
; 16.967 ; HVPS_FPGAInterface:fpga_interface|debouncer:debouncer_in_shift|counter[12]    ; HVPS_FPGAInterface:fpga_interface|debouncer:debouncer_in_shift|counter[3]    ; clk          ; clk         ; 20.000       ; -0.043     ; 2.983      ;
; 16.967 ; HVPS_FPGAInterface:fpga_interface|debouncer:debouncer_in_shift|counter[12]    ; HVPS_FPGAInterface:fpga_interface|debouncer:debouncer_in_shift|counter[4]    ; clk          ; clk         ; 20.000       ; -0.043     ; 2.983      ;
; 16.967 ; HVPS_FPGAInterface:fpga_interface|debouncer:debouncer_in_shift|counter[12]    ; HVPS_FPGAInterface:fpga_interface|debouncer:debouncer_in_shift|counter[5]    ; clk          ; clk         ; 20.000       ; -0.043     ; 2.983      ;
; 16.967 ; HVPS_FPGAInterface:fpga_interface|debouncer:debouncer_in_shift|counter[12]    ; HVPS_FPGAInterface:fpga_interface|debouncer:debouncer_in_shift|counter[6]    ; clk          ; clk         ; 20.000       ; -0.043     ; 2.983      ;
; 16.967 ; HVPS_FPGAInterface:fpga_interface|debouncer:debouncer_in_shift|counter[12]    ; HVPS_FPGAInterface:fpga_interface|debouncer:debouncer_in_shift|counter[7]    ; clk          ; clk         ; 20.000       ; -0.043     ; 2.983      ;
; 16.967 ; HVPS_FPGAInterface:fpga_interface|debouncer:debouncer_in_shift|counter[12]    ; HVPS_FPGAInterface:fpga_interface|debouncer:debouncer_in_shift|counter[8]    ; clk          ; clk         ; 20.000       ; -0.043     ; 2.983      ;
; 16.976 ; HVPS_FPGAInterface:fpga_interface|debouncer:debouncer_to_output|debounced_out ; HVPS_FPGAInterface:fpga_interface|output_buffer[74]                          ; clk          ; clk         ; 20.000       ; -0.033     ; 2.896      ;
; 16.993 ; AD7822:first_stage_voltage_feedback_adc|state.IDLE                            ; AD7822:first_stage_voltage_feedback_adc|state.CONVERTING                     ; clk          ; clk         ; 20.000       ; -0.049     ; 2.951      ;
; 17.005 ; U5_INV_EOC                                                                    ; AD7822:output_voltage_feedback_adc|counter[0]                                ; clk          ; clk         ; 20.000       ; 1.566      ; 4.554      ;
; 17.005 ; U5_INV_EOC                                                                    ; AD7822:output_voltage_feedback_adc|counter[3]                                ; clk          ; clk         ; 20.000       ; 1.566      ; 4.554      ;
; 17.005 ; U5_INV_EOC                                                                    ; AD7822:output_voltage_feedback_adc|counter[1]                                ; clk          ; clk         ; 20.000       ; 1.566      ; 4.554      ;
; 17.005 ; U5_INV_EOC                                                                    ; AD7822:output_voltage_feedback_adc|counter[2]                                ; clk          ; clk         ; 20.000       ; 1.566      ; 4.554      ;
; 17.005 ; U5_INV_EOC                                                                    ; AD7822:output_voltage_feedback_adc|counter[4]                                ; clk          ; clk         ; 20.000       ; 1.566      ; 4.554      ;
; 17.038 ; U20_DB3                                                                       ; AD7822:first_stage_voltage_feedback_adc|data2[3]                             ; clk          ; clk         ; 20.000       ; 1.559      ; 4.514      ;
; 17.052 ; U5_INV_EOC                                                                    ; AD7822:output_voltage_feedback_adc|state.READING                             ; clk          ; clk         ; 20.000       ; 1.565      ; 4.506      ;
; 17.059 ; U20_DB2                                                                       ; AD7822:first_stage_voltage_feedback_adc|data2[2]                             ; clk          ; clk         ; 20.000       ; 1.559      ; 4.493      ;
; 17.066 ; AD7822:first_stage_voltage_feedback_adc|state.READING                         ; AD7822:first_stage_voltage_feedback_adc|INV_RD                               ; clk          ; clk         ; 20.000       ; -0.046     ; 2.793      ;
; 17.132 ; AD7822:primary_current_feedback_adc|state.IDLE                                ; AD7822:primary_current_feedback_adc|state.IDLE                               ; clk          ; clk         ; 20.000       ; -0.050     ; 2.811      ;
; 17.133 ; AD7822:primary_current_feedback_adc|state.IDLE                                ; AD7822:primary_current_feedback_adc|state.READING                            ; clk          ; clk         ; 20.000       ; -0.050     ; 2.810      ;
; 17.149 ; AD7822:first_stage_voltage_feedback_adc|state.CONVERTING                      ; AD7822:first_stage_voltage_feedback_adc|state.IDLE                           ; clk          ; clk         ; 20.000       ; -0.049     ; 2.795      ;
; 17.157 ; AD7822:primary_current_feedback_adc|state.CONVERTING                          ; AD7822:primary_current_feedback_adc|state.IDLE                               ; clk          ; clk         ; 20.000       ; -0.050     ; 2.786      ;
; 17.158 ; AD7822:primary_current_feedback_adc|state.CONVERTING                          ; AD7822:primary_current_feedback_adc|state.READING                            ; clk          ; clk         ; 20.000       ; -0.050     ; 2.785      ;
; 17.162 ; AD7822:primary_current_feedback_adc|state.IDLE                                ; AD7822:primary_current_feedback_adc|state.CONVERTING                         ; clk          ; clk         ; 20.000       ; -0.050     ; 2.781      ;
; 17.165 ; HVPS_FPGAInterface:fpga_interface|debouncer:debouncer_in_shift|counter[8]     ; HVPS_FPGAInterface:fpga_interface|debouncer:debouncer_in_shift|debounced_out ; clk          ; clk         ; 20.000       ; -0.074     ; 2.754      ;
; 17.168 ; HVPS_FPGAInterface:fpga_interface|debouncer:debouncer_in_shift|counter[5]     ; HVPS_FPGAInterface:fpga_interface|debouncer:debouncer_in_shift|debounced_out ; clk          ; clk         ; 20.000       ; -0.074     ; 2.751      ;
; 17.169 ; AD7822:primary_current_feedback_adc|state.READING                             ; AD7822:primary_current_feedback_adc|INV_RD                                   ; clk          ; clk         ; 20.000       ; -0.019     ; 2.717      ;
; 17.171 ; HVPS_FPGAInterface:fpga_interface|debouncer:debouncer_in_shift|counter[13]    ; HVPS_FPGAInterface:fpga_interface|debouncer:debouncer_in_shift|counter[15]   ; clk          ; clk         ; 20.000       ; -0.050     ; 2.772      ;
; 17.171 ; HVPS_FPGAInterface:fpga_interface|debouncer:debouncer_in_shift|counter[13]    ; HVPS_FPGAInterface:fpga_interface|debouncer:debouncer_in_shift|counter[12]   ; clk          ; clk         ; 20.000       ; -0.050     ; 2.772      ;
; 17.171 ; HVPS_FPGAInterface:fpga_interface|debouncer:debouncer_in_shift|counter[13]    ; HVPS_FPGAInterface:fpga_interface|debouncer:debouncer_in_shift|counter[9]    ; clk          ; clk         ; 20.000       ; -0.050     ; 2.772      ;
; 17.171 ; HVPS_FPGAInterface:fpga_interface|debouncer:debouncer_in_shift|counter[13]    ; HVPS_FPGAInterface:fpga_interface|debouncer:debouncer_in_shift|counter[10]   ; clk          ; clk         ; 20.000       ; -0.050     ; 2.772      ;
; 17.171 ; HVPS_FPGAInterface:fpga_interface|debouncer:debouncer_in_shift|counter[13]    ; HVPS_FPGAInterface:fpga_interface|debouncer:debouncer_in_shift|counter[11]   ; clk          ; clk         ; 20.000       ; -0.050     ; 2.772      ;
; 17.171 ; HVPS_FPGAInterface:fpga_interface|debouncer:debouncer_in_shift|counter[13]    ; HVPS_FPGAInterface:fpga_interface|debouncer:debouncer_in_shift|counter[13]   ; clk          ; clk         ; 20.000       ; -0.050     ; 2.772      ;
; 17.171 ; HVPS_FPGAInterface:fpga_interface|debouncer:debouncer_in_shift|counter[13]    ; HVPS_FPGAInterface:fpga_interface|debouncer:debouncer_in_shift|counter[17]   ; clk          ; clk         ; 20.000       ; -0.050     ; 2.772      ;
; 17.171 ; HVPS_FPGAInterface:fpga_interface|debouncer:debouncer_in_shift|counter[13]    ; HVPS_FPGAInterface:fpga_interface|debouncer:debouncer_in_shift|counter[14]   ; clk          ; clk         ; 20.000       ; -0.050     ; 2.772      ;
; 17.171 ; HVPS_FPGAInterface:fpga_interface|debouncer:debouncer_in_shift|counter[13]    ; HVPS_FPGAInterface:fpga_interface|debouncer:debouncer_in_shift|counter[16]   ; clk          ; clk         ; 20.000       ; -0.050     ; 2.772      ;
+--------+-------------------------------------------------------------------------------+------------------------------------------------------------------------------+--------------+-------------+--------------+------------+------------+


+---------------------------------------------------------------------------------------------------------------------------------------------------------------------------------------------------------------------------------------------+
; Fast 1000mV 0C Model Hold: 'clk'                                                                                                                                                                                                            ;
+-------+-------------------------------------------------------------------------------+-------------------------------------------------------------------------------+--------------+-------------+--------------+------------+------------+
; Slack ; From Node                                                                     ; To Node                                                                       ; Launch Clock ; Latch Clock ; Relationship ; Clock Skew ; Data Delay ;
+-------+-------------------------------------------------------------------------------+-------------------------------------------------------------------------------+--------------+-------------+--------------+------------+------------+
; 0.280 ; HVPS_FPGAInterface:fpga_interface|output_buffer[16]                           ; HVPS_FPGAInterface:fpga_interface|output_buffer[17]                           ; clk          ; clk         ; 0.000        ; 0.050      ; 0.457      ;
; 0.281 ; HVPS_FPGAInterface:fpga_interface|output_buffer[60]                           ; HVPS_FPGAInterface:fpga_interface|output_buffer[61]                           ; clk          ; clk         ; 0.000        ; 0.049      ; 0.457      ;
; 0.281 ; HVPS_FPGAInterface:fpga_interface|output_buffer[59]                           ; HVPS_FPGAInterface:fpga_interface|output_buffer[60]                           ; clk          ; clk         ; 0.000        ; 0.049      ; 0.457      ;
; 0.282 ; HVPS_FPGAInterface:fpga_interface|output_buffer[36]                           ; HVPS_FPGAInterface:fpga_interface|output_buffer[37]                           ; clk          ; clk         ; 0.000        ; 0.049      ; 0.458      ;
; 0.282 ; HVPS_FPGAInterface:fpga_interface|output_buffer[68]                           ; HVPS_FPGAInterface:fpga_interface|output_buffer[69]                           ; clk          ; clk         ; 0.000        ; 0.050      ; 0.459      ;
; 0.283 ; HVPS_FPGAInterface:fpga_interface|output_buffer[35]                           ; HVPS_FPGAInterface:fpga_interface|output_buffer[36]                           ; clk          ; clk         ; 0.000        ; 0.049      ; 0.459      ;
; 0.283 ; HVPS_FPGAInterface:fpga_interface|debouncer:debouncer_in_shift|sync_1         ; HVPS_FPGAInterface:fpga_interface|debouncer:debouncer_in_shift|debounced_out  ; clk          ; clk         ; 0.000        ; 0.049      ; 0.459      ;
; 0.284 ; HVPS_FPGAInterface:fpga_interface|output_buffer[15]                           ; HVPS_FPGAInterface:fpga_interface|output_buffer[16]                           ; clk          ; clk         ; 0.000        ; 0.050      ; 0.461      ;
; 0.285 ; HVPS_FPGAInterface:fpga_interface|debouncer:debouncer_out_shift|counter[18]   ; HVPS_FPGAInterface:fpga_interface|debouncer:debouncer_out_shift|counter[18]   ; clk          ; clk         ; 0.000        ; 0.050      ; 0.462      ;
; 0.285 ; AD7822:primary_current_feedback_adc|INV_RD~_Duplicate_1                       ; AD7822:primary_current_feedback_adc|INV_RD~_Duplicate_1                       ; clk          ; clk         ; 0.000        ; 0.051      ; 0.463      ;
; 0.285 ; AD7822:primary_current_feedback_adc|INV_CONVST~_Duplicate_1                   ; AD7822:primary_current_feedback_adc|INV_CONVST~_Duplicate_1                   ; clk          ; clk         ; 0.000        ; 0.051      ; 0.463      ;
; 0.285 ; AD7822:primary_current_feedback_adc|state.RD_HOLD                             ; AD7822:primary_current_feedback_adc|state.RD_HOLD                             ; clk          ; clk         ; 0.000        ; 0.051      ; 0.463      ;
; 0.286 ; AD7822:first_stage_voltage_feedback_adc|INV_RD~_Duplicate_1                   ; AD7822:first_stage_voltage_feedback_adc|INV_RD~_Duplicate_1                   ; clk          ; clk         ; 0.000        ; 0.050      ; 0.463      ;
; 0.286 ; AD7822:first_stage_voltage_feedback_adc|INV_CONVST~_Duplicate_1               ; AD7822:first_stage_voltage_feedback_adc|INV_CONVST~_Duplicate_1               ; clk          ; clk         ; 0.000        ; 0.050      ; 0.463      ;
; 0.286 ; AD7822:output_voltage_feedback_adc|INV_CONVST~_Duplicate_1                    ; AD7822:output_voltage_feedback_adc|INV_CONVST~_Duplicate_1                    ; clk          ; clk         ; 0.000        ; 0.050      ; 0.463      ;
; 0.286 ; HVPS_FPGAInterface:fpga_interface|debouncer:debouncer_in_shift|counter[18]    ; HVPS_FPGAInterface:fpga_interface|debouncer:debouncer_in_shift|counter[18]    ; clk          ; clk         ; 0.000        ; 0.050      ; 0.463      ;
; 0.286 ; AD7822:first_stage_voltage_feedback_adc|state.READING                         ; AD7822:first_stage_voltage_feedback_adc|state.READING                         ; clk          ; clk         ; 0.000        ; 0.050      ; 0.463      ;
; 0.286 ; AD7822:first_stage_voltage_feedback_adc|state.RD_HOLD                         ; AD7822:first_stage_voltage_feedback_adc|state.RD_HOLD                         ; clk          ; clk         ; 0.000        ; 0.050      ; 0.463      ;
; 0.286 ; AD7822:output_voltage_feedback_adc|state.CONVERTING                           ; AD7822:output_voltage_feedback_adc|state.CONVERTING                           ; clk          ; clk         ; 0.000        ; 0.050      ; 0.463      ;
; 0.286 ; AD7822:output_voltage_feedback_adc|state.READING                              ; AD7822:output_voltage_feedback_adc|state.READING                              ; clk          ; clk         ; 0.000        ; 0.050      ; 0.463      ;
; 0.286 ; HVPS_FPGAInterface:fpga_interface|input_staged[15]                            ; HVPS_FPGAInterface:fpga_interface|input_staged[16]                            ; clk          ; clk         ; 0.000        ; 0.050      ; 0.463      ;
; 0.286 ; HVPS_FPGAInterface:fpga_interface|debouncer:debouncer_to_output|debounced_out ; HVPS_FPGAInterface:fpga_interface|debouncer:debouncer_to_output|debounced_out ; clk          ; clk         ; 0.000        ; 0.050      ; 0.463      ;
; 0.286 ; HVPS_FPGAInterface:fpga_interface|debouncer:debouncer_to_output|counter[18]   ; HVPS_FPGAInterface:fpga_interface|debouncer:debouncer_to_output|counter[18]   ; clk          ; clk         ; 0.000        ; 0.050      ; 0.463      ;
; 0.286 ; AD7822:primary_current_feedback_adc|state.READING                             ; AD7822:primary_current_feedback_adc|state.READING                             ; clk          ; clk         ; 0.000        ; 0.050      ; 0.463      ;
; 0.286 ; AD7822:primary_current_feedback_adc|state.CONVERTING                          ; AD7822:primary_current_feedback_adc|state.CONVERTING                          ; clk          ; clk         ; 0.000        ; 0.050      ; 0.463      ;
; 0.287 ; AD7822:output_voltage_feedback_adc|INV_RD~_Duplicate_1                        ; AD7822:output_voltage_feedback_adc|INV_RD~_Duplicate_1                        ; clk          ; clk         ; 0.000        ; 0.049      ; 0.463      ;
; 0.287 ; HVPS_FPGAInterface:fpga_interface|debouncer:debouncer_out_shift|debounced_out ; HVPS_FPGAInterface:fpga_interface|debouncer:debouncer_out_shift|debounced_out ; clk          ; clk         ; 0.000        ; 0.049      ; 0.463      ;
; 0.287 ; AD7822:output_voltage_feedback_adc|state.RD_HOLD                              ; AD7822:output_voltage_feedback_adc|state.RD_HOLD                              ; clk          ; clk         ; 0.000        ; 0.049      ; 0.463      ;
; 0.287 ; HVPS_FPGAInterface:fpga_interface|debouncer:debouncer_in_shift|debounced_out  ; HVPS_FPGAInterface:fpga_interface|debouncer:debouncer_in_shift|debounced_out  ; clk          ; clk         ; 0.000        ; 0.049      ; 0.463      ;
; 0.287 ; HVPS_FPGAInterface:fpga_interface|input_staged[19]                            ; HVPS_FPGAInterface:fpga_interface|output_buffer[19]                           ; clk          ; clk         ; 0.000        ; 0.050      ; 0.464      ;
; 0.287 ; HVPS_FPGAInterface:fpga_interface|input_staged[5]                             ; HVPS_FPGAInterface:fpga_interface|input_staged[6]                             ; clk          ; clk         ; 0.000        ; 0.049      ; 0.463      ;
; 0.287 ; AD7822:first_stage_voltage_feedback_adc|state.CONVERTING                      ; AD7822:first_stage_voltage_feedback_adc|state.CONVERTING                      ; clk          ; clk         ; 0.000        ; 0.049      ; 0.463      ;
; 0.288 ; HVPS_FPGAInterface:fpga_interface|input_staged[15]                            ; HVPS_FPGAInterface:fpga_interface|output_buffer[15]                           ; clk          ; clk         ; 0.000        ; 0.050      ; 0.465      ;
; 0.288 ; HVPS_FPGAInterface:fpga_interface|input_staged[19]                            ; HVPS_FPGAInterface:fpga_interface|input_staged[20]                            ; clk          ; clk         ; 0.000        ; 0.050      ; 0.465      ;
; 0.289 ; AD7822:output_voltage_feedback_adc|state.IDLE                                 ; AD7822:output_voltage_feedback_adc|state.IDLE                                 ; clk          ; clk         ; 0.000        ; 0.050      ; 0.466      ;
; 0.289 ; AD7822:primary_current_feedback_adc|state.IDLE                                ; AD7822:primary_current_feedback_adc|state.IDLE                                ; clk          ; clk         ; 0.000        ; 0.050      ; 0.466      ;
; 0.290 ; HVPS_FPGAInterface:fpga_interface|input_staged[20]                            ; HVPS_FPGAInterface:fpga_interface|output_buffer[20]                           ; clk          ; clk         ; 0.000        ; 0.050      ; 0.467      ;
; 0.290 ; HVPS_FPGAInterface:fpga_interface|input_staged[20]                            ; HVPS_FPGAInterface:fpga_interface|input_staged[21]                            ; clk          ; clk         ; 0.000        ; 0.050      ; 0.467      ;
; 0.290 ; HVPS_FPGAInterface:fpga_interface|input_staged[4]                             ; HVPS_FPGAInterface:fpga_interface|input_staged[5]                             ; clk          ; clk         ; 0.000        ; 0.049      ; 0.466      ;
; 0.290 ; AD7822:first_stage_voltage_feedback_adc|state.IDLE                            ; AD7822:first_stage_voltage_feedback_adc|state.IDLE                            ; clk          ; clk         ; 0.000        ; 0.049      ; 0.466      ;
; 0.291 ; HVPS_FPGAInterface:fpga_interface|input_staged[17]                            ; HVPS_FPGAInterface:fpga_interface|input_staged[18]                            ; clk          ; clk         ; 0.000        ; 0.050      ; 0.468      ;
; 0.292 ; AD7822:first_stage_voltage_feedback_adc|counter[4]                            ; AD7822:first_stage_voltage_feedback_adc|counter[4]                            ; clk          ; clk         ; 0.000        ; 0.050      ; 0.469      ;
; 0.293 ; HVPS_FPGAInterface:fpga_interface|input_staged[8]                             ; HVPS_FPGAInterface:fpga_interface|input_staged[9]                             ; clk          ; clk         ; 0.000        ; 0.049      ; 0.469      ;
; 0.297 ; HVPS_FPGAInterface:fpga_interface|input_staged[22]                            ; HVPS_FPGAInterface:fpga_interface|input_staged[23]                            ; clk          ; clk         ; 0.000        ; 0.050      ; 0.474      ;
; 0.297 ; HVPS_FPGAInterface:fpga_interface|input_staged[11]                            ; HVPS_FPGAInterface:fpga_interface|input_staged[12]                            ; clk          ; clk         ; 0.000        ; 0.050      ; 0.474      ;
; 0.298 ; HVPS_FPGAInterface:fpga_interface|input_staged[0]                             ; HVPS_FPGAInterface:fpga_interface|input_staged[1]                             ; clk          ; clk         ; 0.000        ; 0.050      ; 0.475      ;
; 0.301 ; AD7822:first_stage_voltage_feedback_adc|state.IDLE                            ; AD7822:first_stage_voltage_feedback_adc|state.CONVERTING                      ; clk          ; clk         ; 0.000        ; 0.049      ; 0.477      ;
; 0.302 ; AD7822:primary_current_feedback_adc|state.IDLE                                ; AD7822:primary_current_feedback_adc|state.CONVERTING                          ; clk          ; clk         ; 0.000        ; 0.050      ; 0.479      ;
; 0.307 ; AD7822:first_stage_voltage_feedback_adc|counter[0]                            ; AD7822:first_stage_voltage_feedback_adc|state.RD_HOLD                         ; clk          ; clk         ; 0.000        ; 0.050      ; 0.484      ;
; 0.323 ; AD7822:primary_current_feedback_adc|counter[0]                                ; AD7822:primary_current_feedback_adc|state.RD_HOLD                             ; clk          ; clk         ; 0.000        ; 0.051      ; 0.501      ;
; 0.364 ; HVPS_FPGAInterface:fpga_interface|output_buffer[62]                           ; HVPS_FPGAInterface:fpga_interface|output_buffer[63]                           ; clk          ; clk         ; 0.000        ; 0.049      ; 0.540      ;
; 0.365 ; HVPS_FPGAInterface:fpga_interface|output_buffer[26]                           ; HVPS_FPGAInterface:fpga_interface|output_buffer[27]                           ; clk          ; clk         ; 0.000        ; 0.050      ; 0.542      ;
; 0.366 ; HVPS_FPGAInterface:fpga_interface|output_buffer[37]                           ; HVPS_FPGAInterface:fpga_interface|output_buffer[38]                           ; clk          ; clk         ; 0.000        ; 0.049      ; 0.542      ;
; 0.366 ; HVPS_FPGAInterface:fpga_interface|output_buffer[45]                           ; HVPS_FPGAInterface:fpga_interface|output_buffer[46]                           ; clk          ; clk         ; 0.000        ; 0.050      ; 0.543      ;
; 0.367 ; HVPS_FPGAInterface:fpga_interface|output_buffer[44]                           ; HVPS_FPGAInterface:fpga_interface|output_buffer[45]                           ; clk          ; clk         ; 0.000        ; 0.050      ; 0.544      ;
; 0.367 ; HVPS_FPGAInterface:fpga_interface|output_buffer[31]                           ; HVPS_FPGAInterface:fpga_interface|output_buffer[32]                           ; clk          ; clk         ; 0.000        ; 0.050      ; 0.544      ;
; 0.367 ; HVPS_FPGAInterface:fpga_interface|output_buffer[25]                           ; HVPS_FPGAInterface:fpga_interface|output_buffer[26]                           ; clk          ; clk         ; 0.000        ; 0.050      ; 0.544      ;
; 0.368 ; HVPS_FPGAInterface:fpga_interface|output_buffer[0]                            ; HVPS_FPGAInterface:fpga_interface|output_buffer[1]                            ; clk          ; clk         ; 0.000        ; 0.049      ; 0.544      ;
; 0.371 ; HVPS_FPGAInterface:fpga_interface|input_staged[16]                            ; HVPS_FPGAInterface:fpga_interface|input_staged[17]                            ; clk          ; clk         ; 0.000        ; 0.050      ; 0.548      ;
; 0.371 ; HVPS_FPGAInterface:fpga_interface|input_staged[2]                             ; HVPS_FPGAInterface:fpga_interface|input_staged[3]                             ; clk          ; clk         ; 0.000        ; 0.049      ; 0.547      ;
; 0.376 ; HVPS_FPGAInterface:fpga_interface|to_output_prev                              ; HVPS_FPGAInterface:fpga_interface|output_buffer[71]                           ; clk          ; clk         ; 0.000        ; 0.049      ; 0.552      ;
; 0.376 ; HVPS_FPGAInterface:fpga_interface|to_output_prev                              ; HVPS_FPGAInterface:fpga_interface|output_buffer[21]                           ; clk          ; clk         ; 0.000        ; 0.049      ; 0.552      ;
; 0.377 ; HVPS_FPGAInterface:fpga_interface|to_output_prev                              ; HVPS_FPGAInterface:fpga_interface|output_buffer[73]                           ; clk          ; clk         ; 0.000        ; 0.049      ; 0.553      ;
; 0.377 ; HVPS_FPGAInterface:fpga_interface|to_output_prev                              ; HVPS_FPGAInterface:fpga_interface|output_buffer[23]                           ; clk          ; clk         ; 0.000        ; 0.049      ; 0.553      ;
; 0.378 ; HVPS_FPGAInterface:fpga_interface|to_output_prev                              ; HVPS_FPGAInterface:fpga_interface|output_buffer[9]                            ; clk          ; clk         ; 0.000        ; 0.049      ; 0.554      ;
; 0.379 ; HVPS_FPGAInterface:fpga_interface|to_output_prev                              ; HVPS_FPGAInterface:fpga_interface|output_buffer[47]                           ; clk          ; clk         ; 0.000        ; 0.049      ; 0.555      ;
; 0.380 ; HVPS_FPGAInterface:fpga_interface|to_output_prev                              ; HVPS_FPGAInterface:fpga_interface|output_buffer[48]                           ; clk          ; clk         ; 0.000        ; 0.049      ; 0.556      ;
; 0.380 ; HVPS_FPGAInterface:fpga_interface|input_staged[18]                            ; HVPS_FPGAInterface:fpga_interface|input_staged[19]                            ; clk          ; clk         ; 0.000        ; 0.050      ; 0.557      ;
; 0.381 ; HVPS_FPGAInterface:fpga_interface|input_staged[18]                            ; HVPS_FPGAInterface:fpga_interface|output_buffer[18]                           ; clk          ; clk         ; 0.000        ; 0.050      ; 0.558      ;
; 0.381 ; HVPS_FPGAInterface:fpga_interface|to_output_prev                              ; HVPS_FPGAInterface:fpga_interface|output_buffer[11]                           ; clk          ; clk         ; 0.000        ; 0.049      ; 0.557      ;
; 0.381 ; HVPS_FPGAInterface:fpga_interface|input_staged[10]                            ; HVPS_FPGAInterface:fpga_interface|input_staged[11]                            ; clk          ; clk         ; 0.000        ; 0.050      ; 0.558      ;
; 0.381 ; HVPS_FPGAInterface:fpga_interface|input_staged[3]                             ; HVPS_FPGAInterface:fpga_interface|input_staged[4]                             ; clk          ; clk         ; 0.000        ; 0.049      ; 0.557      ;
; 0.382 ; HVPS_FPGAInterface:fpga_interface|to_output_prev                              ; HVPS_FPGAInterface:fpga_interface|output_buffer[72]                           ; clk          ; clk         ; 0.000        ; 0.049      ; 0.558      ;
; 0.382 ; HVPS_FPGAInterface:fpga_interface|input_staged[14]                            ; HVPS_FPGAInterface:fpga_interface|output_buffer[14]                           ; clk          ; clk         ; 0.000        ; 0.050      ; 0.559      ;
; 0.382 ; HVPS_FPGAInterface:fpga_interface|input_staged[12]                            ; HVPS_FPGAInterface:fpga_interface|input_staged[13]                            ; clk          ; clk         ; 0.000        ; 0.050      ; 0.559      ;
; 0.383 ; HVPS_FPGAInterface:fpga_interface|to_output_prev                              ; HVPS_FPGAInterface:fpga_interface|output_buffer[49]                           ; clk          ; clk         ; 0.000        ; 0.049      ; 0.559      ;
; 0.383 ; HVPS_FPGAInterface:fpga_interface|input_staged[23]                            ; HVPS_FPGAInterface:fpga_interface|input_staged[24]                            ; clk          ; clk         ; 0.000        ; 0.050      ; 0.560      ;
; 0.384 ; HVPS_FPGAInterface:fpga_interface|input_staged[14]                            ; HVPS_FPGAInterface:fpga_interface|input_staged[15]                            ; clk          ; clk         ; 0.000        ; 0.050      ; 0.561      ;
; 0.385 ; AD7822:output_voltage_feedback_adc|state.RD_HOLD                              ; AD7822:output_voltage_feedback_adc|INV_CONVST~_Duplicate_1                    ; clk          ; clk         ; 0.000        ; 0.049      ; 0.561      ;
; 0.402 ; HVPS_FPGAInterface:fpga_interface|debouncer:debouncer_to_output|sync_0        ; HVPS_FPGAInterface:fpga_interface|debouncer:debouncer_to_output|sync_1        ; clk          ; clk         ; 0.000        ; 0.050      ; 0.579      ;
; 0.403 ; HVPS_FPGAInterface:fpga_interface|debouncer:debouncer_in_shift|sync_0         ; HVPS_FPGAInterface:fpga_interface|debouncer:debouncer_in_shift|sync_1         ; clk          ; clk         ; 0.000        ; 0.049      ; 0.579      ;
; 0.403 ; HVPS_FPGAInterface:fpga_interface|debouncer:debouncer_out_shift|sync_0        ; HVPS_FPGAInterface:fpga_interface|debouncer:debouncer_out_shift|sync_1        ; clk          ; clk         ; 0.000        ; 0.049      ; 0.579      ;
; 0.412 ; HVPS_FPGAInterface:fpga_interface|debouncer:debouncer_in_shift|counter[4]     ; HVPS_FPGAInterface:fpga_interface|debouncer:debouncer_in_shift|counter[4]     ; clk          ; clk         ; 0.000        ; 0.050      ; 0.589      ;
; 0.412 ; HVPS_FPGAInterface:fpga_interface|debouncer:debouncer_to_output|counter[4]    ; HVPS_FPGAInterface:fpga_interface|debouncer:debouncer_to_output|counter[4]    ; clk          ; clk         ; 0.000        ; 0.050      ; 0.589      ;
; 0.413 ; HVPS_FPGAInterface:fpga_interface|debouncer:debouncer_in_shift|counter[1]     ; HVPS_FPGAInterface:fpga_interface|debouncer:debouncer_in_shift|counter[1]     ; clk          ; clk         ; 0.000        ; 0.050      ; 0.590      ;
; 0.413 ; HVPS_FPGAInterface:fpga_interface|debouncer:debouncer_in_shift|counter[3]     ; HVPS_FPGAInterface:fpga_interface|debouncer:debouncer_in_shift|counter[3]     ; clk          ; clk         ; 0.000        ; 0.050      ; 0.590      ;
; 0.413 ; HVPS_FPGAInterface:fpga_interface|debouncer:debouncer_out_shift|counter[4]    ; HVPS_FPGAInterface:fpga_interface|debouncer:debouncer_out_shift|counter[4]    ; clk          ; clk         ; 0.000        ; 0.049      ; 0.589      ;
; 0.413 ; HVPS_FPGAInterface:fpga_interface|debouncer:debouncer_to_output|counter[1]    ; HVPS_FPGAInterface:fpga_interface|debouncer:debouncer_to_output|counter[1]    ; clk          ; clk         ; 0.000        ; 0.050      ; 0.590      ;
; 0.413 ; HVPS_FPGAInterface:fpga_interface|debouncer:debouncer_to_output|counter[3]    ; HVPS_FPGAInterface:fpga_interface|debouncer:debouncer_to_output|counter[3]    ; clk          ; clk         ; 0.000        ; 0.050      ; 0.590      ;
; 0.414 ; HVPS_FPGAInterface:fpga_interface|debouncer:debouncer_in_shift|counter[2]     ; HVPS_FPGAInterface:fpga_interface|debouncer:debouncer_in_shift|counter[2]     ; clk          ; clk         ; 0.000        ; 0.050      ; 0.591      ;
; 0.414 ; HVPS_FPGAInterface:fpga_interface|debouncer:debouncer_out_shift|counter[1]    ; HVPS_FPGAInterface:fpga_interface|debouncer:debouncer_out_shift|counter[1]    ; clk          ; clk         ; 0.000        ; 0.049      ; 0.590      ;
; 0.414 ; HVPS_FPGAInterface:fpga_interface|debouncer:debouncer_out_shift|counter[3]    ; HVPS_FPGAInterface:fpga_interface|debouncer:debouncer_out_shift|counter[3]    ; clk          ; clk         ; 0.000        ; 0.049      ; 0.590      ;
; 0.414 ; HVPS_FPGAInterface:fpga_interface|output_buffer[21]                           ; HVPS_FPGAInterface:fpga_interface|output_buffer[22]                           ; clk          ; clk         ; 0.000        ; 0.049      ; 0.590      ;
; 0.414 ; HVPS_FPGAInterface:fpga_interface|output_buffer[9]                            ; HVPS_FPGAInterface:fpga_interface|output_buffer[10]                           ; clk          ; clk         ; 0.000        ; 0.049      ; 0.590      ;
; 0.414 ; HVPS_FPGAInterface:fpga_interface|debouncer:debouncer_to_output|counter[2]    ; HVPS_FPGAInterface:fpga_interface|debouncer:debouncer_to_output|counter[2]    ; clk          ; clk         ; 0.000        ; 0.050      ; 0.591      ;
; 0.415 ; HVPS_FPGAInterface:fpga_interface|output_buffer[34]                           ; HVPS_FPGAInterface:fpga_interface|output_buffer[35]                           ; clk          ; clk         ; 0.000        ; 0.049      ; 0.591      ;
; 0.415 ; HVPS_FPGAInterface:fpga_interface|debouncer:debouncer_out_shift|counter[2]    ; HVPS_FPGAInterface:fpga_interface|debouncer:debouncer_out_shift|counter[2]    ; clk          ; clk         ; 0.000        ; 0.049      ; 0.591      ;
; 0.415 ; HVPS_FPGAInterface:fpga_interface|output_buffer[69]                           ; HVPS_FPGAInterface:fpga_interface|output_buffer[70]                           ; clk          ; clk         ; 0.000        ; 0.050      ; 0.592      ;
; 0.415 ; HVPS_FPGAInterface:fpga_interface|output_buffer[66]                           ; HVPS_FPGAInterface:fpga_interface|output_buffer[67]                           ; clk          ; clk         ; 0.000        ; 0.050      ; 0.592      ;
; 0.415 ; HVPS_FPGAInterface:fpga_interface|output_buffer[55]                           ; HVPS_FPGAInterface:fpga_interface|output_buffer[56]                           ; clk          ; clk         ; 0.000        ; 0.050      ; 0.592      ;
+-------+-------------------------------------------------------------------------------+-------------------------------------------------------------------------------+--------------+-------------+--------------+------------+------------+


----------------------------------------------
; Fast 1000mV 0C Model Metastability Summary ;
----------------------------------------------
No synchronizer chains to report.


+------------------------------------------------------------------------------+
; Multicorner Timing Analysis Summary                                          ;
+------------------+--------+-------+----------+---------+---------------------+
; Clock            ; Setup  ; Hold  ; Recovery ; Removal ; Minimum Pulse Width ;
+------------------+--------+-------+----------+---------+---------------------+
; Worst-case Slack ; 12.384 ; 0.280 ; N/A      ; N/A     ; 9.467               ;
;  clk             ; 12.384 ; 0.280 ; N/A      ; N/A     ; 9.467               ;
; Design-wide TNS  ; 0.0    ; 0.0   ; 0.0      ; 0.0     ; 0.0                 ;
;  clk             ; 0.000  ; 0.000 ; N/A      ; N/A     ; 0.000               ;
+------------------+--------+-------+----------+---------+---------------------+


+-------------------------------------------------------------------------------------------------------------------------------------------------------------------------------------------------------------------------------------------------------------------------------------------------------------------------------------------------------------------------------------------------------------------+
; Board Trace Model Assignments                                                                                                                                                                                                                                                                                                                                                                                     ;
+----------------+--------------+-------------------+-------------------------+-------------------------+---------------+---------------------+----------------+------------------+--------+------------------+------------------------+------------------------+--------------+---------------+-----------------+-------+---------------------+--------------------+---------------+-----------------+-------------+
; Pin            ; I/O Standard ; Near Tline Length ; Near Tline L per Length ; Near Tline C per Length ; Near Series R ; Near Differential R ; Near Pull-up R ; Near Pull-down R ; Near C ; Far Tline Length ; Far Tline L per Length ; Far Tline C per Length ; Far Series R ; Far Pull-up R ; Far Pull-down R ; Far C ; Termination Voltage ; Far Differential R ; EBD File Name ; EBD Signal Name ; EBD Far-end ;
+----------------+--------------+-------------------+-------------------------+-------------------------+---------------+---------------------+----------------+------------------+--------+------------------+------------------------+------------------------+--------------+---------------+-----------------+-------+---------------------+--------------------+---------------+-----------------+-------------+
; ESP_OUT_VALUE  ; 3.3-V LVCMOS ; 0 in              ; 0 H/in                  ; 0 F/in                  ; short         ; -                   ; open           ; open             ; open   ; 0 in             ; 0 H/in                 ; 0 F/in                 ; short        ; open          ; open            ; open  ; 0 V                 ; -                  ; n/a           ; n/a             ; n/a         ;
; OT5            ; 3.3-V LVCMOS ; 0 in              ; 0 H/in                  ; 0 F/in                  ; short         ; -                   ; open           ; open             ; open   ; 0 in             ; 0 H/in                 ; 0 F/in                 ; short        ; open          ; open            ; open  ; 0 V                 ; -                  ; n/a           ; n/a             ; n/a         ;
; U5_INV_CONVST  ; 3.3-V LVCMOS ; 0 in              ; 0 H/in                  ; 0 F/in                  ; short         ; -                   ; open           ; open             ; open   ; 0 in             ; 0 H/in                 ; 0 F/in                 ; short        ; open          ; open            ; open  ; 0 V                 ; -                  ; n/a           ; n/a             ; n/a         ;
; U5_INV_RD      ; 3.3-V LVCMOS ; 0 in              ; 0 H/in                  ; 0 F/in                  ; short         ; -                   ; open           ; open             ; open   ; 0 in             ; 0 H/in                 ; 0 F/in                 ; short        ; open          ; open            ; open  ; 0 V                 ; -                  ; n/a           ; n/a             ; n/a         ;
; U12_INV_CONVST ; 3.3-V LVCMOS ; 0 in              ; 0 H/in                  ; 0 F/in                  ; short         ; -                   ; open           ; open             ; open   ; 0 in             ; 0 H/in                 ; 0 F/in                 ; short        ; open          ; open            ; open  ; 0 V                 ; -                  ; n/a           ; n/a             ; n/a         ;
; U12_INV_RD     ; 3.3-V LVCMOS ; 0 in              ; 0 H/in                  ; 0 F/in                  ; short         ; -                   ; open           ; open             ; open   ; 0 in             ; 0 H/in                 ; 0 F/in                 ; short        ; open          ; open            ; open  ; 0 V                 ; -                  ; n/a           ; n/a             ; n/a         ;
; U20_INV_CONVST ; 3.3-V LVCMOS ; 0 in              ; 0 H/in                  ; 0 F/in                  ; short         ; -                   ; open           ; open             ; open   ; 0 in             ; 0 H/in                 ; 0 F/in                 ; short        ; open          ; open            ; open  ; 0 V                 ; -                  ; n/a           ; n/a             ; n/a         ;
; U20_INV_RD     ; 3.3-V LVCMOS ; 0 in              ; 0 H/in                  ; 0 F/in                  ; short         ; -                   ; open           ; open             ; open   ; 0 in             ; 0 H/in                 ; 0 F/in                 ; short        ; open          ; open            ; open  ; 0 V                 ; -                  ; n/a           ; n/a             ; n/a         ;
; ~ALTERA_DCLK~  ; 3.3-V LVTTL  ; 0 in              ; 0 H/in                  ; 0 F/in                  ; short         ; -                   ; open           ; open             ; open   ; 0 in             ; 0 H/in                 ; 0 F/in                 ; short        ; open          ; open            ; open  ; 0 V                 ; -                  ; n/a           ; n/a             ; n/a         ;
; ~ALTERA_nCEO~  ; 3.3-V LVTTL  ; 0 in              ; 0 H/in                  ; 0 F/in                  ; short         ; -                   ; open           ; open             ; open   ; 0 in             ; 0 H/in                 ; 0 F/in                 ; short        ; open          ; open            ; open  ; 0 V                 ; -                  ; n/a           ; n/a             ; n/a         ;
+----------------+--------------+-------------------+-------------------------+-------------------------+---------------+---------------------+----------------+------------------+--------+------------------+------------------------+------------------------+--------------+---------------+-----------------+-------+---------------------+--------------------+---------------+-----------------+-------------+


+----------------------------------------------------------------------------+
; Input Transition Times                                                     ;
+-------------------------+--------------+-----------------+-----------------+
; Pin                     ; I/O Standard ; 10-90 Rise Time ; 90-10 Fall Time ;
+-------------------------+--------------+-----------------+-----------------+
; ESP_EMERGENCY_STOP      ; 3.3-V LVCMOS ; 2640 ps         ; 2640 ps         ;
; ESP_GO_LIVE             ; 3.3-V LVCMOS ; 2640 ps         ; 2640 ps         ;
; OR4                     ; 3.3-V LVCMOS ; 2640 ps         ; 2640 ps         ;
; OR5                     ; 3.3-V LVCMOS ; 2640 ps         ; 2640 ps         ;
; OR6                     ; 3.3-V LVCMOS ; 2640 ps         ; 2640 ps         ;
; OT4                     ; 3.3-V LVCMOS ; 2640 ps         ; 2640 ps         ;
; U23_HIN                 ; 3.3-V LVCMOS ; 2640 ps         ; 2640 ps         ;
; U23_LIN                 ; 3.3-V LVCMOS ; 2640 ps         ; 2640 ps         ;
; U23_SD                  ; 3.3-V LVCMOS ; 2640 ps         ; 2640 ps         ;
; U24_HIN                 ; 3.3-V LVCMOS ; 2640 ps         ; 2640 ps         ;
; U24_LIN                 ; 3.3-V LVCMOS ; 2640 ps         ; 2640 ps         ;
; U24_SD                  ; 3.3-V LVCMOS ; 2640 ps         ; 2640 ps         ;
; clk                     ; 3.3-V LVCMOS ; 2640 ps         ; 2640 ps         ;
; U5_INV_EOC              ; 3.3-V LVCMOS ; 2640 ps         ; 2640 ps         ;
; U12_INV_EOC             ; 3.3-V LVCMOS ; 2640 ps         ; 2640 ps         ;
; U20_INV_EOC             ; 3.3-V LVCMOS ; 2640 ps         ; 2640 ps         ;
; U12_DB7                 ; 3.3-V LVCMOS ; 2640 ps         ; 2640 ps         ;
; U12_DB6                 ; 3.3-V LVCMOS ; 2640 ps         ; 2640 ps         ;
; ESP_TO_OUTPUT           ; 3.3-V LVCMOS ; 2640 ps         ; 2640 ps         ;
; ESP_OUT_SHIFT           ; 3.3-V LVCMOS ; 2640 ps         ; 2640 ps         ;
; U12_DB5                 ; 3.3-V LVCMOS ; 2640 ps         ; 2640 ps         ;
; U12_DB4                 ; 3.3-V LVCMOS ; 2640 ps         ; 2640 ps         ;
; U12_DB3                 ; 3.3-V LVCMOS ; 2640 ps         ; 2640 ps         ;
; U12_DB2                 ; 3.3-V LVCMOS ; 2640 ps         ; 2640 ps         ;
; U12_DB1                 ; 3.3-V LVCMOS ; 2640 ps         ; 2640 ps         ;
; U12_DB0                 ; 3.3-V LVCMOS ; 2640 ps         ; 2640 ps         ;
; U5_DB7                  ; 3.3-V LVCMOS ; 2640 ps         ; 2640 ps         ;
; U5_DB6                  ; 3.3-V LVCMOS ; 2640 ps         ; 2640 ps         ;
; U5_DB5                  ; 3.3-V LVCMOS ; 2640 ps         ; 2640 ps         ;
; U5_DB4                  ; 3.3-V LVCMOS ; 2640 ps         ; 2640 ps         ;
; U5_DB3                  ; 3.3-V LVCMOS ; 2640 ps         ; 2640 ps         ;
; U5_DB2                  ; 3.3-V LVCMOS ; 2640 ps         ; 2640 ps         ;
; U5_DB1                  ; 3.3-V LVCMOS ; 2640 ps         ; 2640 ps         ;
; U5_DB0                  ; 3.3-V LVCMOS ; 2640 ps         ; 2640 ps         ;
; U20_DB7                 ; 3.3-V LVCMOS ; 2640 ps         ; 2640 ps         ;
; U20_DB6                 ; 3.3-V LVCMOS ; 2640 ps         ; 2640 ps         ;
; U20_DB5                 ; 3.3-V LVCMOS ; 2640 ps         ; 2640 ps         ;
; U20_DB4                 ; 3.3-V LVCMOS ; 2640 ps         ; 2640 ps         ;
; U20_DB3                 ; 3.3-V LVCMOS ; 2640 ps         ; 2640 ps         ;
; U20_DB2                 ; 3.3-V LVCMOS ; 2640 ps         ; 2640 ps         ;
; U20_DB1                 ; 3.3-V LVCMOS ; 2640 ps         ; 2640 ps         ;
; U20_DB0                 ; 3.3-V LVCMOS ; 2640 ps         ; 2640 ps         ;
; ESP_IN_SHIFT            ; 3.3-V LVCMOS ; 2640 ps         ; 2640 ps         ;
; ESP_IN_VALUE            ; 3.3-V LVCMOS ; 2640 ps         ; 2640 ps         ;
; ~ALTERA_ASDO_DATA1~     ; 3.3-V LVTTL  ; 2640 ps         ; 2640 ps         ;
; ~ALTERA_FLASH_nCE_nCSO~ ; 3.3-V LVTTL  ; 2640 ps         ; 2640 ps         ;
; ~ALTERA_DATA0~          ; 3.3-V LVTTL  ; 2640 ps         ; 2640 ps         ;
+-------------------------+--------------+-----------------+-----------------+


+---------------------------------------------------------------------------------------------------------------------------------------------------------------------------------------------------------------------------------------------------------------------------------------------------------------------------------------------------------------------------------------------------------------------------------------------------------------------------------------------------------------------------------------------------------------------------------------------------------------------------------------------------------------------------------------------+
; Signal Integrity Metrics (Slow 1000mv 0c Model)                                                                                                                                                                                                                                                                                                                                                                                                                                                                                                                                                                                                                                             ;
+----------------+--------------+---------------------+---------------------+------------------------------+------------------------------+---------------------+---------------------+--------------------------------------+--------------------------------------+-----------------------------+-----------------------------+----------------------------+----------------------------+-----------------------------+-----------------------------+--------------------+--------------------+-------------------------------------+-------------------------------------+----------------------------+----------------------------+---------------------------+---------------------------+
; Pin            ; I/O Standard ; Board Delay on Rise ; Board Delay on Fall ; Steady State Voh at FPGA Pin ; Steady State Vol at FPGA Pin ; Voh Max at FPGA Pin ; Vol Min at FPGA Pin ; Ringback Voltage on Rise at FPGA Pin ; Ringback Voltage on Fall at FPGA Pin ; 10-90 Rise Time at FPGA Pin ; 90-10 Fall Time at FPGA Pin ; Monotonic Rise at FPGA Pin ; Monotonic Fall at FPGA Pin ; Steady State Voh at Far-end ; Steady State Vol at Far-end ; Voh Max at Far-end ; Vol Min at Far-end ; Ringback Voltage on Rise at Far-end ; Ringback Voltage on Fall at Far-end ; 10-90 Rise Time at Far-end ; 90-10 Fall Time at Far-end ; Monotonic Rise at Far-end ; Monotonic Fall at Far-end ;
+----------------+--------------+---------------------+---------------------+------------------------------+------------------------------+---------------------+---------------------+--------------------------------------+--------------------------------------+-----------------------------+-----------------------------+----------------------------+----------------------------+-----------------------------+-----------------------------+--------------------+--------------------+-------------------------------------+-------------------------------------+----------------------------+----------------------------+---------------------------+---------------------------+
; ESP_OUT_VALUE  ; 3.3-V LVCMOS ; 0 s                 ; 0 s                 ; 3.08 V                       ; 3.56e-08 V                   ; 3.11 V              ; -0.025 V            ; 0.238 V                              ; 0.209 V                              ; 6.74e-10 s                  ; 6.56e-10 s                  ; Yes                        ; Yes                        ; 3.08 V                      ; 3.56e-08 V                  ; 3.11 V             ; -0.025 V           ; 0.238 V                             ; 0.209 V                             ; 6.74e-10 s                 ; 6.56e-10 s                 ; Yes                       ; Yes                       ;
; OT5            ; 3.3-V LVCMOS ; 0 s                 ; 0 s                 ; 3.08 V                       ; 3.56e-08 V                   ; 3.11 V              ; -0.025 V            ; 0.238 V                              ; 0.209 V                              ; 6.74e-10 s                  ; 6.56e-10 s                  ; Yes                        ; Yes                        ; 3.08 V                      ; 3.56e-08 V                  ; 3.11 V             ; -0.025 V           ; 0.238 V                             ; 0.209 V                             ; 6.74e-10 s                 ; 6.56e-10 s                 ; Yes                       ; Yes                       ;
; U5_INV_CONVST  ; 3.3-V LVCMOS ; 0 s                 ; 0 s                 ; 3.08 V                       ; 2.47e-08 V                   ; 3.12 V              ; -0.0292 V           ; 0.221 V                              ; 0.181 V                              ; 6.6e-10 s                   ; 6.46e-10 s                  ; Yes                        ; Yes                        ; 3.08 V                      ; 2.47e-08 V                  ; 3.12 V             ; -0.0292 V          ; 0.221 V                             ; 0.181 V                             ; 6.6e-10 s                  ; 6.46e-10 s                 ; Yes                       ; Yes                       ;
; U5_INV_RD      ; 3.3-V LVCMOS ; 0 s                 ; 0 s                 ; 3.08 V                       ; 2.47e-08 V                   ; 3.12 V              ; -0.0292 V           ; 0.221 V                              ; 0.181 V                              ; 6.6e-10 s                   ; 6.46e-10 s                  ; Yes                        ; Yes                        ; 3.08 V                      ; 2.47e-08 V                  ; 3.12 V             ; -0.0292 V          ; 0.221 V                             ; 0.181 V                             ; 6.6e-10 s                  ; 6.46e-10 s                 ; Yes                       ; Yes                       ;
; U12_INV_CONVST ; 3.3-V LVCMOS ; 0 s                 ; 0 s                 ; 3.08 V                       ; 3.56e-08 V                   ; 3.11 V              ; -0.025 V            ; 0.238 V                              ; 0.209 V                              ; 6.74e-10 s                  ; 6.56e-10 s                  ; Yes                        ; Yes                        ; 3.08 V                      ; 3.56e-08 V                  ; 3.11 V             ; -0.025 V           ; 0.238 V                             ; 0.209 V                             ; 6.74e-10 s                 ; 6.56e-10 s                 ; Yes                       ; Yes                       ;
; U12_INV_RD     ; 3.3-V LVCMOS ; 0 s                 ; 0 s                 ; 3.08 V                       ; 3.56e-08 V                   ; 3.11 V              ; -0.025 V            ; 0.238 V                              ; 0.209 V                              ; 6.74e-10 s                  ; 6.56e-10 s                  ; Yes                        ; Yes                        ; 3.08 V                      ; 3.56e-08 V                  ; 3.11 V             ; -0.025 V           ; 0.238 V                             ; 0.209 V                             ; 6.74e-10 s                 ; 6.56e-10 s                 ; Yes                       ; Yes                       ;
; U20_INV_CONVST ; 3.3-V LVCMOS ; 0 s                 ; 0 s                 ; 3.08 V                       ; 3.56e-08 V                   ; 3.11 V              ; -0.025 V            ; 0.238 V                              ; 0.209 V                              ; 6.74e-10 s                  ; 6.56e-10 s                  ; Yes                        ; Yes                        ; 3.08 V                      ; 3.56e-08 V                  ; 3.11 V             ; -0.025 V           ; 0.238 V                             ; 0.209 V                             ; 6.74e-10 s                 ; 6.56e-10 s                 ; Yes                       ; Yes                       ;
; U20_INV_RD     ; 3.3-V LVCMOS ; 0 s                 ; 0 s                 ; 3.08 V                       ; 3.56e-08 V                   ; 3.11 V              ; -0.025 V            ; 0.238 V                              ; 0.209 V                              ; 6.74e-10 s                  ; 6.56e-10 s                  ; Yes                        ; Yes                        ; 3.08 V                      ; 3.56e-08 V                  ; 3.11 V             ; -0.025 V           ; 0.238 V                             ; 0.209 V                             ; 6.74e-10 s                 ; 6.56e-10 s                 ; Yes                       ; Yes                       ;
; ~ALTERA_DCLK~  ; 3.3-V LVTTL  ; 0 s                 ; 0 s                 ; 3.08 V                       ; 8.04e-09 V                   ; 3.21 V              ; -0.266 V            ; 0.165 V                              ; 0.356 V                              ; 2.77e-10 s                  ; 2.53e-10 s                  ; Yes                        ; No                         ; 3.08 V                      ; 8.04e-09 V                  ; 3.21 V             ; -0.266 V           ; 0.165 V                             ; 0.356 V                             ; 2.77e-10 s                 ; 2.53e-10 s                 ; Yes                       ; No                        ;
; ~ALTERA_nCEO~  ; 3.3-V LVTTL  ; 0 s                 ; 0 s                 ; 3.08 V                       ; 1.54e-08 V                   ; 3.14 V              ; -0.0978 V           ; 0.345 V                              ; 0.224 V                              ; 7.31e-10 s                  ; 6.54e-10 s                  ; No                         ; No                         ; 3.08 V                      ; 1.54e-08 V                  ; 3.14 V             ; -0.0978 V          ; 0.345 V                             ; 0.224 V                             ; 7.31e-10 s                 ; 6.54e-10 s                 ; No                        ; No                        ;
+----------------+--------------+---------------------+---------------------+------------------------------+------------------------------+---------------------+---------------------+--------------------------------------+--------------------------------------+-----------------------------+-----------------------------+----------------------------+----------------------------+-----------------------------+-----------------------------+--------------------+--------------------+-------------------------------------+-------------------------------------+----------------------------+----------------------------+---------------------------+---------------------------+


+---------------------------------------------------------------------------------------------------------------------------------------------------------------------------------------------------------------------------------------------------------------------------------------------------------------------------------------------------------------------------------------------------------------------------------------------------------------------------------------------------------------------------------------------------------------------------------------------------------------------------------------------------------------------------------------------+
; Signal Integrity Metrics (Slow 1000mv 85c Model)                                                                                                                                                                                                                                                                                                                                                                                                                                                                                                                                                                                                                                            ;
+----------------+--------------+---------------------+---------------------+------------------------------+------------------------------+---------------------+---------------------+--------------------------------------+--------------------------------------+-----------------------------+-----------------------------+----------------------------+----------------------------+-----------------------------+-----------------------------+--------------------+--------------------+-------------------------------------+-------------------------------------+----------------------------+----------------------------+---------------------------+---------------------------+
; Pin            ; I/O Standard ; Board Delay on Rise ; Board Delay on Fall ; Steady State Voh at FPGA Pin ; Steady State Vol at FPGA Pin ; Voh Max at FPGA Pin ; Vol Min at FPGA Pin ; Ringback Voltage on Rise at FPGA Pin ; Ringback Voltage on Fall at FPGA Pin ; 10-90 Rise Time at FPGA Pin ; 90-10 Fall Time at FPGA Pin ; Monotonic Rise at FPGA Pin ; Monotonic Fall at FPGA Pin ; Steady State Voh at Far-end ; Steady State Vol at Far-end ; Voh Max at Far-end ; Vol Min at Far-end ; Ringback Voltage on Rise at Far-end ; Ringback Voltage on Fall at Far-end ; 10-90 Rise Time at Far-end ; 90-10 Fall Time at Far-end ; Monotonic Rise at Far-end ; Monotonic Fall at Far-end ;
+----------------+--------------+---------------------+---------------------+------------------------------+------------------------------+---------------------+---------------------+--------------------------------------+--------------------------------------+-----------------------------+-----------------------------+----------------------------+----------------------------+-----------------------------+-----------------------------+--------------------+--------------------+-------------------------------------+-------------------------------------+----------------------------+----------------------------+---------------------------+---------------------------+
; ESP_OUT_VALUE  ; 3.3-V LVCMOS ; 0 s                 ; 0 s                 ; 3.08 V                       ; 4.76e-06 V                   ; 3.09 V              ; -0.0198 V           ; 0.105 V                              ; 0.231 V                              ; 8.53e-10 s                  ; 8.42e-10 s                  ; Yes                        ; Yes                        ; 3.08 V                      ; 4.76e-06 V                  ; 3.09 V             ; -0.0198 V          ; 0.105 V                             ; 0.231 V                             ; 8.53e-10 s                 ; 8.42e-10 s                 ; Yes                       ; Yes                       ;
; OT5            ; 3.3-V LVCMOS ; 0 s                 ; 0 s                 ; 3.08 V                       ; 4.76e-06 V                   ; 3.09 V              ; -0.0198 V           ; 0.105 V                              ; 0.231 V                              ; 8.53e-10 s                  ; 8.42e-10 s                  ; Yes                        ; Yes                        ; 3.08 V                      ; 4.76e-06 V                  ; 3.09 V             ; -0.0198 V          ; 0.105 V                             ; 0.231 V                             ; 8.53e-10 s                 ; 8.42e-10 s                 ; Yes                       ; Yes                       ;
; U5_INV_CONVST  ; 3.3-V LVCMOS ; 0 s                 ; 0 s                 ; 3.08 V                       ; 3.19e-06 V                   ; 3.1 V               ; -0.0167 V           ; 0.185 V                              ; 0.092 V                              ; 8.34e-10 s                  ; 8.28e-10 s                  ; Yes                        ; Yes                        ; 3.08 V                      ; 3.19e-06 V                  ; 3.1 V              ; -0.0167 V          ; 0.185 V                             ; 0.092 V                             ; 8.34e-10 s                 ; 8.28e-10 s                 ; Yes                       ; Yes                       ;
; U5_INV_RD      ; 3.3-V LVCMOS ; 0 s                 ; 0 s                 ; 3.08 V                       ; 3.19e-06 V                   ; 3.1 V               ; -0.0167 V           ; 0.185 V                              ; 0.092 V                              ; 8.34e-10 s                  ; 8.28e-10 s                  ; Yes                        ; Yes                        ; 3.08 V                      ; 3.19e-06 V                  ; 3.1 V              ; -0.0167 V          ; 0.185 V                             ; 0.092 V                             ; 8.34e-10 s                 ; 8.28e-10 s                 ; Yes                       ; Yes                       ;
; U12_INV_CONVST ; 3.3-V LVCMOS ; 0 s                 ; 0 s                 ; 3.08 V                       ; 4.76e-06 V                   ; 3.09 V              ; -0.0198 V           ; 0.105 V                              ; 0.231 V                              ; 8.53e-10 s                  ; 8.42e-10 s                  ; Yes                        ; Yes                        ; 3.08 V                      ; 4.76e-06 V                  ; 3.09 V             ; -0.0198 V          ; 0.105 V                             ; 0.231 V                             ; 8.53e-10 s                 ; 8.42e-10 s                 ; Yes                       ; Yes                       ;
; U12_INV_RD     ; 3.3-V LVCMOS ; 0 s                 ; 0 s                 ; 3.08 V                       ; 4.76e-06 V                   ; 3.09 V              ; -0.0198 V           ; 0.105 V                              ; 0.231 V                              ; 8.53e-10 s                  ; 8.42e-10 s                  ; Yes                        ; Yes                        ; 3.08 V                      ; 4.76e-06 V                  ; 3.09 V             ; -0.0198 V          ; 0.105 V                             ; 0.231 V                             ; 8.53e-10 s                 ; 8.42e-10 s                 ; Yes                       ; Yes                       ;
; U20_INV_CONVST ; 3.3-V LVCMOS ; 0 s                 ; 0 s                 ; 3.08 V                       ; 4.76e-06 V                   ; 3.09 V              ; -0.0198 V           ; 0.105 V                              ; 0.231 V                              ; 8.53e-10 s                  ; 8.42e-10 s                  ; Yes                        ; Yes                        ; 3.08 V                      ; 4.76e-06 V                  ; 3.09 V             ; -0.0198 V          ; 0.105 V                             ; 0.231 V                             ; 8.53e-10 s                 ; 8.42e-10 s                 ; Yes                       ; Yes                       ;
; U20_INV_RD     ; 3.3-V LVCMOS ; 0 s                 ; 0 s                 ; 3.08 V                       ; 4.76e-06 V                   ; 3.09 V              ; -0.0198 V           ; 0.105 V                              ; 0.231 V                              ; 8.53e-10 s                  ; 8.42e-10 s                  ; Yes                        ; Yes                        ; 3.08 V                      ; 4.76e-06 V                  ; 3.09 V             ; -0.0198 V          ; 0.105 V                             ; 0.231 V                             ; 8.53e-10 s                 ; 8.42e-10 s                 ; Yes                       ; Yes                       ;
; ~ALTERA_DCLK~  ; 3.3-V LVTTL  ; 0 s                 ; 0 s                 ; 3.08 V                       ; 1.02e-06 V                   ; 3.14 V              ; -0.14 V             ; 0.127 V                              ; 0.347 V                              ; 3.04e-10 s                  ; 3.05e-10 s                  ; Yes                        ; No                         ; 3.08 V                      ; 1.02e-06 V                  ; 3.14 V             ; -0.14 V            ; 0.127 V                             ; 0.347 V                             ; 3.04e-10 s                 ; 3.05e-10 s                 ; Yes                       ; No                        ;
; ~ALTERA_nCEO~  ; 3.3-V LVTTL  ; 0 s                 ; 0 s                 ; 3.08 V                       ; 2e-06 V                      ; 3.12 V              ; -0.0519 V           ; 0.278 V                              ; 0.178 V                              ; 9.16e-10 s                  ; 8.48e-10 s                  ; No                         ; No                         ; 3.08 V                      ; 2e-06 V                     ; 3.12 V             ; -0.0519 V          ; 0.278 V                             ; 0.178 V                             ; 9.16e-10 s                 ; 8.48e-10 s                 ; No                        ; No                        ;
+----------------+--------------+---------------------+---------------------+------------------------------+------------------------------+---------------------+---------------------+--------------------------------------+--------------------------------------+-----------------------------+-----------------------------+----------------------------+----------------------------+-----------------------------+-----------------------------+--------------------+--------------------+-------------------------------------+-------------------------------------+----------------------------+----------------------------+---------------------------+---------------------------+


+---------------------------------------------------------------------------------------------------------------------------------------------------------------------------------------------------------------------------------------------------------------------------------------------------------------------------------------------------------------------------------------------------------------------------------------------------------------------------------------------------------------------------------------------------------------------------------------------------------------------------------------------------------------------------------------------+
; Signal Integrity Metrics (Fast 1000mv 0c Model)                                                                                                                                                                                                                                                                                                                                                                                                                                                                                                                                                                                                                                             ;
+----------------+--------------+---------------------+---------------------+------------------------------+------------------------------+---------------------+---------------------+--------------------------------------+--------------------------------------+-----------------------------+-----------------------------+----------------------------+----------------------------+-----------------------------+-----------------------------+--------------------+--------------------+-------------------------------------+-------------------------------------+----------------------------+----------------------------+---------------------------+---------------------------+
; Pin            ; I/O Standard ; Board Delay on Rise ; Board Delay on Fall ; Steady State Voh at FPGA Pin ; Steady State Vol at FPGA Pin ; Voh Max at FPGA Pin ; Vol Min at FPGA Pin ; Ringback Voltage on Rise at FPGA Pin ; Ringback Voltage on Fall at FPGA Pin ; 10-90 Rise Time at FPGA Pin ; 90-10 Fall Time at FPGA Pin ; Monotonic Rise at FPGA Pin ; Monotonic Fall at FPGA Pin ; Steady State Voh at Far-end ; Steady State Vol at Far-end ; Voh Max at Far-end ; Vol Min at Far-end ; Ringback Voltage on Rise at Far-end ; Ringback Voltage on Fall at Far-end ; 10-90 Rise Time at Far-end ; 90-10 Fall Time at Far-end ; Monotonic Rise at Far-end ; Monotonic Fall at Far-end ;
+----------------+--------------+---------------------+---------------------+------------------------------+------------------------------+---------------------+---------------------+--------------------------------------+--------------------------------------+-----------------------------+-----------------------------+----------------------------+----------------------------+-----------------------------+-----------------------------+--------------------+--------------------+-------------------------------------+-------------------------------------+----------------------------+----------------------------+---------------------------+---------------------------+
; ESP_OUT_VALUE  ; 3.3-V LVCMOS ; 0 s                 ; 0 s                 ; 3.46 V                       ; 2.95e-07 V                   ; 3.52 V              ; -0.0392 V           ; 0.202 V                              ; 0.172 V                              ; 6.36e-10 s                  ; 6.26e-10 s                  ; No                         ; Yes                        ; 3.46 V                      ; 2.95e-07 V                  ; 3.52 V             ; -0.0392 V          ; 0.202 V                             ; 0.172 V                             ; 6.36e-10 s                 ; 6.26e-10 s                 ; No                        ; Yes                       ;
; OT5            ; 3.3-V LVCMOS ; 0 s                 ; 0 s                 ; 3.46 V                       ; 2.95e-07 V                   ; 3.52 V              ; -0.0392 V           ; 0.202 V                              ; 0.172 V                              ; 6.36e-10 s                  ; 6.26e-10 s                  ; No                         ; Yes                        ; 3.46 V                      ; 2.95e-07 V                  ; 3.52 V             ; -0.0392 V          ; 0.202 V                             ; 0.172 V                             ; 6.36e-10 s                 ; 6.26e-10 s                 ; No                        ; Yes                       ;
; U5_INV_CONVST  ; 3.3-V LVCMOS ; 0 s                 ; 0 s                 ; 3.46 V                       ; 1.99e-07 V                   ; 3.53 V              ; -0.0491 V           ; 0.382 V                              ; 0.159 V                              ; 5.07e-10 s                  ; 6.18e-10 s                  ; No                         ; Yes                        ; 3.46 V                      ; 1.99e-07 V                  ; 3.53 V             ; -0.0491 V          ; 0.382 V                             ; 0.159 V                             ; 5.07e-10 s                 ; 6.18e-10 s                 ; No                        ; Yes                       ;
; U5_INV_RD      ; 3.3-V LVCMOS ; 0 s                 ; 0 s                 ; 3.46 V                       ; 1.99e-07 V                   ; 3.53 V              ; -0.0491 V           ; 0.382 V                              ; 0.159 V                              ; 5.07e-10 s                  ; 6.18e-10 s                  ; No                         ; Yes                        ; 3.46 V                      ; 1.99e-07 V                  ; 3.53 V             ; -0.0491 V          ; 0.382 V                             ; 0.159 V                             ; 5.07e-10 s                 ; 6.18e-10 s                 ; No                        ; Yes                       ;
; U12_INV_CONVST ; 3.3-V LVCMOS ; 0 s                 ; 0 s                 ; 3.46 V                       ; 2.95e-07 V                   ; 3.52 V              ; -0.0392 V           ; 0.202 V                              ; 0.172 V                              ; 6.36e-10 s                  ; 6.26e-10 s                  ; No                         ; Yes                        ; 3.46 V                      ; 2.95e-07 V                  ; 3.52 V             ; -0.0392 V          ; 0.202 V                             ; 0.172 V                             ; 6.36e-10 s                 ; 6.26e-10 s                 ; No                        ; Yes                       ;
; U12_INV_RD     ; 3.3-V LVCMOS ; 0 s                 ; 0 s                 ; 3.46 V                       ; 2.95e-07 V                   ; 3.52 V              ; -0.0392 V           ; 0.202 V                              ; 0.172 V                              ; 6.36e-10 s                  ; 6.26e-10 s                  ; No                         ; Yes                        ; 3.46 V                      ; 2.95e-07 V                  ; 3.52 V             ; -0.0392 V          ; 0.202 V                             ; 0.172 V                             ; 6.36e-10 s                 ; 6.26e-10 s                 ; No                        ; Yes                       ;
; U20_INV_CONVST ; 3.3-V LVCMOS ; 0 s                 ; 0 s                 ; 3.46 V                       ; 2.95e-07 V                   ; 3.52 V              ; -0.0392 V           ; 0.202 V                              ; 0.172 V                              ; 6.36e-10 s                  ; 6.26e-10 s                  ; No                         ; Yes                        ; 3.46 V                      ; 2.95e-07 V                  ; 3.52 V             ; -0.0392 V          ; 0.202 V                             ; 0.172 V                             ; 6.36e-10 s                 ; 6.26e-10 s                 ; No                        ; Yes                       ;
; U20_INV_RD     ; 3.3-V LVCMOS ; 0 s                 ; 0 s                 ; 3.46 V                       ; 2.95e-07 V                   ; 3.52 V              ; -0.0392 V           ; 0.202 V                              ; 0.172 V                              ; 6.36e-10 s                  ; 6.26e-10 s                  ; No                         ; Yes                        ; 3.46 V                      ; 2.95e-07 V                  ; 3.52 V             ; -0.0392 V          ; 0.202 V                             ; 0.172 V                             ; 6.36e-10 s                 ; 6.26e-10 s                 ; No                        ; Yes                       ;
; ~ALTERA_DCLK~  ; 3.3-V LVTTL  ; 0 s                 ; 0 s                 ; 3.46 V                       ; 6.55e-08 V                   ; 3.63 V              ; -0.354 V            ; 0.374 V                              ; 0.432 V                              ; 1.64e-10 s                  ; 2.3e-10 s                   ; No                         ; No                         ; 3.46 V                      ; 6.55e-08 V                  ; 3.63 V             ; -0.354 V           ; 0.374 V                             ; 0.432 V                             ; 1.64e-10 s                 ; 2.3e-10 s                  ; No                        ; No                        ;
; ~ALTERA_nCEO~  ; 3.3-V LVTTL  ; 0 s                 ; 0 s                 ; 3.46 V                       ; 1.25e-07 V                   ; 3.57 V              ; -0.124 V            ; 0.318 V                              ; 0.454 V                              ; 6.8e-10 s                   ; 5.02e-10 s                  ; No                         ; No                         ; 3.46 V                      ; 1.25e-07 V                  ; 3.57 V             ; -0.124 V           ; 0.318 V                             ; 0.454 V                             ; 6.8e-10 s                  ; 5.02e-10 s                 ; No                        ; No                        ;
+----------------+--------------+---------------------+---------------------+------------------------------+------------------------------+---------------------+---------------------+--------------------------------------+--------------------------------------+-----------------------------+-----------------------------+----------------------------+----------------------------+-----------------------------+-----------------------------+--------------------+--------------------+-------------------------------------+-------------------------------------+----------------------------+----------------------------+---------------------------+---------------------------+


+-------------------------------------------------------------------+
; Setup Transfers                                                   ;
+------------+----------+----------+----------+----------+----------+
; From Clock ; To Clock ; RR Paths ; FR Paths ; RF Paths ; FF Paths ;
+------------+----------+----------+----------+----------+----------+
; clk        ; clk      ; 2993     ; 0        ; 0        ; 0        ;
+------------+----------+----------+----------+----------+----------+
Entries labeled "false path" only account for clock-to-clock false paths and not path-based false paths. As a result, actual path counts may be lower than reported.


+-------------------------------------------------------------------+
; Hold Transfers                                                    ;
+------------+----------+----------+----------+----------+----------+
; From Clock ; To Clock ; RR Paths ; FR Paths ; RF Paths ; FF Paths ;
+------------+----------+----------+----------+----------+----------+
; clk        ; clk      ; 2993     ; 0        ; 0        ; 0        ;
+------------+----------+----------+----------+----------+----------+
Entries labeled "false path" only account for clock-to-clock false paths and not path-based false paths. As a result, actual path counts may be lower than reported.


---------------
; Report TCCS ;
---------------
No dedicated SERDES Transmitter circuitry present in device or used in design


---------------
; Report RSKM ;
---------------
No non-DPA dedicated SERDES Receiver circuitry present in device or used in design


+------------------------------------------------+
; Unconstrained Paths Summary                    ;
+---------------------------------+-------+------+
; Property                        ; Setup ; Hold ;
+---------------------------------+-------+------+
; Illegal Clocks                  ; 0     ; 0    ;
; Unconstrained Clocks            ; 0     ; 0    ;
; Unconstrained Input Ports       ; 0     ; 0    ;
; Unconstrained Input Port Paths  ; 0     ; 0    ;
; Unconstrained Output Ports      ; 0     ; 0    ;
; Unconstrained Output Port Paths ; 0     ; 0    ;
+---------------------------------+-------+------+


+-------------------------------------+
; Clock Status Summary                ;
+--------+-------+------+-------------+
; Target ; Clock ; Type ; Status      ;
+--------+-------+------+-------------+
; clk    ; clk   ; Base ; Constrained ;
+--------+-------+------+-------------+


+--------------------------+
; Timing Analyzer Messages ;
+--------------------------+
Info: *******************************************************************
Info: Running Quartus Prime Timing Analyzer
    Info: Version 25.1std.0 Build 1129 10/21/2025 SC Lite Edition
    Info: Processing started: Sat Apr  4 17:41:56 2026
Info: Command: quartus_sta HVPSController2 -c hvps_controller
Info: qsta_default_script.tcl version: #1
Warning (18236): Number of processors has not been specified which may cause overloading on shared machines.  Set the global assignment NUM_PARALLEL_PROCESSORS in your QSF to an appropriate value for best performance.
Info (20030): Parallel compilation is enabled and will use 8 of the 8 processors detected
Info (21077): Low junction temperature is 0 degrees C
Info (21077): High junction temperature is 85 degrees C
Info (332104): Reading SDC File: 'hvps_controller.sdc'
Info (332151): Clock uncertainty is not calculated until you update the timing netlist.
Info (332123): Deriving Clock Uncertainty. Please refer to report_sdc in the Timing Analyzer to see clock uncertainties.
Info: Found TIMING_ANALYZER_REPORT_SCRIPT_INCLUDE_DEFAULT_ANALYSIS = ON
Info: Analyzing Slow 1000mV 85C Model
Info (332146): Worst-case setup slack is 12.384
    Info (332119):     Slack       End Point TNS Clock 
    Info (332119): ========= =================== =====================
    Info (332119):    12.384               0.000 clk 
Info (332146): Worst-case hold slack is 0.526
    Info (332119):     Slack       End Point TNS Clock 
    Info (332119): ========= =================== =====================
    Info (332119):     0.526               0.000 clk 
Info (332140): No Recovery paths to report
Info (332140): No Removal paths to report
Info (332146): Worst-case minimum pulse width slack is 9.739
    Info (332119):     Slack       End Point TNS Clock 
    Info (332119): ========= =================== =====================
    Info (332119):     9.739               0.000 clk 
Info: Analyzing Slow 1000mV 0C Model
Info (334003): Started post-fitting delay annotation
Info (334004): Delay annotation completed successfully
Info (332123): Deriving Clock Uncertainty. Please refer to report_sdc in the Timing Analyzer to see clock uncertainties.
Info (332146): Worst-case setup slack is 12.788
    Info (332119):     Slack       End Point TNS Clock 
    Info (332119): ========= =================== =====================
    Info (332119):    12.788               0.000 clk 
Info (332146): Worst-case hold slack is 0.505
    Info (332119):     Slack       End Point TNS Clock 
    Info (332119): ========= =================== =====================
    Info (332119):     0.505               0.000 clk 
Info (332140): No Recovery paths to report
Info (332140): No Removal paths to report
Info (332146): Worst-case minimum pulse width slack is 9.700
    Info (332119):     Slack       End Point TNS Clock 
    Info (332119): ========= =================== =====================
    Info (332119):     9.700               0.000 clk 
Info: Analyzing Fast 1000mV 0C Model
Info (332123): Deriving Clock Uncertainty. Please refer to report_sdc in the Timing Analyzer to see clock uncertainties.
Info (332146): Worst-case setup slack is 15.445
    Info (332119):     Slack       End Point TNS Clock 
    Info (332119): ========= =================== =====================
    Info (332119):    15.445               0.000 clk 
Info (332146): Worst-case hold slack is 0.280
    Info (332119):     Slack       End Point TNS Clock 
    Info (332119): ========= =================== =====================
    Info (332119):     0.280               0.000 clk 
Info (332140): No Recovery paths to report
Info (332140): No Removal paths to report
Info (332146): Worst-case minimum pulse width slack is 9.467
    Info (332119):     Slack       End Point TNS Clock 
    Info (332119): ========= =================== =====================
    Info (332119):     9.467               0.000 clk 
Info (332101): Design is fully constrained for setup requirements
Info (332101): Design is fully constrained for hold requirements
Info: Quartus Prime Timing Analyzer was successful. 0 errors, 1 warning
    Info: Peak virtual memory: 4834 megabytes
    Info: Processing ended: Sat Apr  4 17:41:57 2026
    Info: Elapsed time: 00:00:01
    Info: Total CPU time (on all processors): 00:00:01


